{
    "650101": {
        "cdMax": 7.038474997254449e-38
    },
    "-65014952": {
        "speedLevel": 65014952
    },
    "-2": {
        "turnSpeedOverride": 6.409808239737913e-10
    },
    "-27": {
        "turnSpeedOverride": 0.0,
        "cdMin": -1.0587911840678754e-22,
        "distanceFromBorn": -2.4215180971509653e-08,
        "probeNumberMax": 3968,
        "ODEGKOLMJDF": true
    },
    "-65014953": {
        "speedLevel": 1,
        "turnSpeedOverride": 6.563643637491623e-07
    },
    "24": {
        "speedLevel": 24,
        "cdMax": -1.6648317840448787e-32,
        "terrainOffsetMin": 1.5414283107572988e-44,
        "terrainOffsetMax": 0.0
    }
}