{
  "airFlowAcc": 9.516030657754999e-38,
  "NIAEEBNHKON": {
    "ps4": {
      "EIFGBOFAMMP": {
        "BOOOGEBIBOO": [
          7.2064696748654245e+31,
          4.5976148996940375e+24,
          10.0,
          0.5,
          1.0340074433870099e-25,
          2.3268261805975386e+23,
          1.496148413244106e+28,
          1.0900999370722084e+27,
          1.848720190963091e+31,
          3.7146725554466146e+21,
          9.592712008828826e+26,
          7.938003889068959e-30,
          1.300227009988461e-39,
          3.5563295887182097e-38,
          2.3511683481077015e-38,
          1.473823255063957e+25,
          6.9769558261640865e+22,
          2.7495174568466896e+26,
          4.437835933283309e+27,
          540.0230102539062,
          2.8572841821150455e+32,
          5.5518940689102095e-39,
          4.0,
          10.0,
          1.03304649116535e+22,
          2.8572841821150455e+32,
          2.3572030445266456e+20,
          4.452118320088328e-38,
          2.350990383202732e-38,
          6.004495122045182e+28,
          3.151268012542935e-40,
          1.5193495866780495e-36,
          1.875746870473265e+28,
          2.4477047567047564e+32,
          1.7251429798782173e+19,
          3.013288217741216e+29,
          1.8053908114873937e+28,
          6.698665703609906e+31,
          1.0534528218056727e+21,
          540.0230102539062,
          1.7780723226006764e+25,
          6.183367710290044e-33,
          4.6893707179580246e+27,
          1.4862420328177828e+22,
          3.118898018017032e-40,
          9.724461836113391e-35,
          1.7443688640324004e+28,
          4.580466889811845e-38,
          1.809657006238308e+22,
          245669595971584.0,
          1.7326307640145347e+19,
          1.7591662500959318e+22,
          2.8168831715081663e+20,
          7.346850288044455e+34,
          9.705176381920213e-35,
          2.556087849968823e+26,
          9.957123821343457e-39,
          4.7399206902333594e+30,
          247862992.0,
          6.7433006682623525e-37,
          5.71962949508989e-37,
          1.0896769163371101e+27,
          9.250346183776855,
          7.223145238721336e+28,
          1.848720190963091e+31,
          1.6273108879272134e+25,
          245622435217408.0,
          6.9184705993666006e-37,
          4.379786936735888e-38,
          1.8096566684683359e+22,
          245669595971584.0,
          1.7326307640145347e+19,
          1.7591662500959318e+22,
          1.0896836309519529e+27,
          1.4812120984026814e+25,
          2.9757684493508386e+29,
          1.7807302915875907e-37,
          1.8001985003641882e+25,
          1.7033015112459354e+19,
          3.013288217741216e+29,
          6.708316558751399e+22,
          1.8481321694444306e+31,
          7.09650613007245e+22,
          9.277924537658691,
          7.223145238721336e+28,
          1.848720190963091e+31,
          1.6273108879272134e+25,
          245622435217408.0,
          4.3240441246041254e-38,
          540.0156860351562,
          1.7780723226006764e+25,
          2.3955017881429314e-38,
          234760.078125,
          3.172665840093175e-40,
          6.08327581846631e-36,
          1.7611686982646235e+19,
          9.187816619873047,
          2.7371720969316152e+20,
          1.6273104267586116e+25,
          915207.1875,
          893.5841674804688,
          6.08417695427236e-36
        ],
        "POJAKOPPFMG": [
          7.393026755215403e+31,
          6.066752912808742e+28,
          1.1287461610545351e+27,
          524.006591796875,
          3.118855979063102e-40,
          524.0156860351562,
          1.6458305895883283e-27,
          4.515206005147025e+27,
          245656576851968.0,
          1.7326307640145347e+19,
          1.652913532172868e+19,
          2.895576352743922e-27,
          1.726180017431225e+25,
          1.627310772635063e+25,
          245674058711040.0,
          1.6460209136806658e+19,
          9.313147302973738e-39,
          9.705628671738791e-35,
          2.6562800589059024e+20,
          1.0691824606188959e-38,
          -1.220678799414902e-38,
          3.912163208149136e-34,
          9345869807616.0,
          2.644713196581699e+20,
          1.30177936842724e-37,
          5.786513481981728e+22,
          1.1865871076892721e+27,
          7.267630682790712e+31,
          1.1258684897316235e+24,
          3.054830652228101e-42,
          2.350988701644575e-38,
          2.706693279951194e+23,
          7.4936693461279935e+31,
          7.745211992126193e+31,
          4.250721462718022e-38,
          -4.525653250665807e-36,
          1.66153578701277e+35,
          -1.0842109612795128e-19,
          3.674316677336816e-40,
          5.724106475527592e-37,
          8.581339246574111e-37,
          3.761583267877846e-37,
          2.369866994555959e-38,
          2.4165652658795835e-38,
          1.0285934302101883e-38,
          0.0,
          5.946348376229931e-39,
          2.369578607332001e-38,
          2.4165652658795835e-38,
          -1.961817850054744e-44,
          2.0000150203704834,
          4.525681949258356e-37,
          -4.070646011939348e-28,
          -484.0079040527344,
          -1.588203089745333e-23,
          -8.688050478813866e-44,
          2.0000150203704834,
          -1.584575339543483e+29,
          2.0000154972076416,
          -1.08421044429163e-19,
          9.629723190333106e-35,
          3.702132451853664e-40,
          -7.368391663020613e-40,
          5.792894935569774e-34,
          7.587993123566622e+31,
          6.742204794867474e+22
        ],
        "OJAGKOOLKNI": 1.5414283107572988e-44
      }
    }
  }
}