{
  "1": {
    "isUnderTimeScale": true,
    "coolDownSuccess": -1200.189697265625
  },
  "15": {
    "isUnderTimeScale": true,
    "coolDownSuccess": 2.3877957676279164e-38
  },
  "0": {
    "coolDownFail": 131073.03125
  },
  "4": {},
  "66": {
    "isUnderTimeScale": true,
    "coolDownFail": 9.495588515757429e-38
  },
  "439": {
    "isUnderTimeScale": true,
    "coolDownSuccess": 13494595354624.0,
    "coolDownFail": 3309784576.0
  },
  "78": {
    "isUnderTimeScale": true,
    "coolDownSuccess": 865588.5625,
    "coolDownFail": 14291.5771484375
  },
  "65": {
    "isUnderTimeScale": true
  }
}