{
  "token": {
    "cancelWithEntityTickLod": -1458,
    "channelId": -1,
    "weight": -4933636,
    "tokenCostType": -4952201,
    "tokenType": "FRAME_CANCEL_TOKEN"
  },
  "target": "Self",
  "HEOAMLBMEBH": {},
  "lerpInTime": 3.679439053758381e-25,
  "NJAGILOAHBP": -1.1341741348175338e-12,
  "FIOGPEADADB": -4.148441538631408e+20,
  "AELFHJOLEDJ": true
}