{
    "22": {
        "rotation": {
            "x": -2.7454984830783786e-23,
            "y": 3.680398312671986e-40,
            "z": -0.07649422436952591
        }
    },
    "1": {
        "rotation": {
            "y": -1.5957235532937375e-12,
            "z": -2.583568362362905e-19
        }
    },
    "16085": {}
}