{
  "sceneId": 3,
  "KFKAECCLAOP": [
    {
      "_groupID": 350800016,
      "_name": "350800016-LevelCurveObj",
      "_tag": "",
      "_points": [
        {
          "JFPOIONLAEK": 1,
          "JIOEAEBJLGF": 0.0022256856318563223,
          "pos": {
            "x": -162.8535614013672,
            "y": 1229.7967529296875,
            "z": 10137.3828125
          },
          "MNGIIEOFEFM": {
            "x": -166.44618225097656,
            "y": 1228.883056640625,
            "z": 10140.73828125
          },
          "MCDLPIHAKLB": {
            "x": -159.2609405517578,
            "y": 1230.71044921875,
            "z": 10134.02734375
          },
          "OHILGHKHBBD": {
            "x": -0.1335466057062149,
            "y": 0.9831626415252686,
            "z": 0.12472604215145111
          }
        },
        {
          "JFPOIONLAEK": 2,
          "JIOEAEBJLGF": 0.002067789901047945,
          "pos": {
            "x": -148.17822265625,
            "y": 1233.0821533203125,
            "z": 10120.78515625
          },
          "MNGIIEOFEFM": {
            "x": -152.96287536621094,
            "y": 1232.054931640625,
            "z": 10128.2890625
          },
          "MCDLPIHAKLB": {
            "x": -143.39356994628906,
            "y": 1234.109375,
            "z": 10113.28125
          },
          "OHILGHKHBBD": {
            "x": -0.06164028123021126,
            "y": 0.9934052228927612,
            "z": 0.09667740762233734
          }
        },
        {
          "JFPOIONLAEK": 3,
          "JIOEAEBJLGF": 0.0027972518000751734,
          "pos": {
            "x": -138.35379028320312,
            "y": 1235.056396484375,
            "z": 10098.95703125
          },
          "MNGIIEOFEFM": {
            "x": -139.4839630126953,
            "y": 1234.7503662109375,
            "z": 10105.892578125
          },
          "MCDLPIHAKLB": {
            "x": -137.22361755371094,
            "y": 1235.3624267578125,
            "z": 10092.021484375
          },
          "OHILGHKHBBD": {
            "x": -0.006999255158007145,
            "y": 0.9990527033805847,
            "z": 0.04295068234205246
          }
        },
        {
          "JFPOIONLAEK": 4,
          "pos": {
            "x": -141.81195068359375,
            "y": 1234.8065185546875,
            "z": 10081.7197265625
          },
          "MNGIIEOFEFM": {
            "x": -139.7801055908203,
            "y": 1235.052734375,
            "z": 10086.28125
          },
          "MCDLPIHAKLB": {
            "x": -143.8437957763672,
            "y": 1234.560302734375,
            "z": 10077.158203125
          },
          "OHILGHKHBBD": {
            "x": -0.020031599327921867,
            "y": 0.9987872838973999,
            "z": -0.04497507959604263
          }
        }
      ],
      "_ocp_name": ""
    }
  ]
}