{
  "sceneId": 48013,
  "ACKNJKOAAKO": [
    {
      "_groupID": 10001,
      "_name": "10001-LevelCurveObj",
      "_tag": "",
      "_points": [
        {
          "PELKGLIHPEN": 1,
          "NOGJICNLLAH": 0.0025395946577191353,
          "pos": {
            "x": 4791.8349609375,
            "y": 187.3856964111328,
            "z": 4792.61962890625
          },
          "MENBADHMMNG": {
            "x": 4793.64453125,
            "y": 185.6460723876953,
            "z": 4788.29541015625
          },
          "LPDAAJDCPAH": {
            "x": 4790.025390625,
            "y": 189.1253204345703,
            "z": 4796.94384765625
          },
          "JGLCOPNPJFG": {
            "x": 0.13431300222873688,
            "y": 0.9375229477882385,
            "z": -0.3209529519081116
          }
        },
        {
          "PELKGLIHPEN": 6,
          "NOGJICNLLAH": 0.002756974194198847,
          "pos": {
            "x": 4784.267578125,
            "y": 195.5543670654297,
            "z": 4808.7724609375
          },
          "MENBADHMMNG": {
            "x": 4785.5810546875,
            "y": 192.5860137939453,
            "z": 4802.37939453125
          },
          "LPDAAJDCPAH": {
            "x": 4782.9541015625,
            "y": 198.52272033691406,
            "z": 4815.16552734375
          },
          "JGLCOPNPJFG": {
            "x": 0.08331765234470367,
            "y": 0.9102762937545776,
            "z": -0.4055308699607849
          }
        },
        {
          "PELKGLIHPEN": 7,
          "NOGJICNLLAH": 0.002764240140095353,
          "pos": {
            "x": 4784.2763671875,
            "y": 203.2264862060547,
            "z": 4824.81982421875
          },
          "MENBADHMMNG": {
            "x": 4781.7333984375,
            "y": 201.24935913085938,
            "z": 4817.890625
          },
          "LPDAAJDCPAH": {
            "x": 4786.8193359375,
            "y": 205.20361328125,
            "z": 4831.7490234375
          },
          "JGLCOPNPJFG": {
            "x": -0.08914308249950409,
            "y": 0.9659464955329895,
            "z": -0.24290120601654053
          }
        },
        {
          "PELKGLIHPEN": 2,
          "pos": {
            "x": 4793.87353515625,
            "y": 206.4029541015625,
            "z": 4839.708984375
          },
          "MENBADHMMNG": {
            "x": 4791.533203125,
            "y": 205.7262725830078,
            "z": 4835.3427734375
          },
          "LPDAAJDCPAH": {
            "x": 4796.2138671875,
            "y": 207.0796356201172,
            "z": 4844.0751953125
          },
          "JGLCOPNPJFG": {
            "x": -0.06393156945705414,
            "y": 0.9907997250556946,
            "z": -0.1192837730050087
          }
        }
      ],
      "_ocp_name": ""
    },
    {
      "_groupID": 10002,
      "_name": "10002-LevelCurveObj",
      "_tag": "",
      "_points": [
        {
          "PELKGLIHPEN": 5,
          "NOGJICNLLAH": 0.0024678707122802734,
          "pos": {
            "x": 4808.244140625,
            "y": 166.48855590820312,
            "z": 4792.158203125
          },
          "MENBADHMMNG": {
            "x": 4808.07958984375,
            "y": 162.74684143066406,
            "z": 4788.845703125
          },
          "LPDAAJDCPAH": {
            "x": 4808.40869140625,
            "y": 170.2302703857422,
            "z": 4795.470703125
          },
          "JGLCOPNPJFG": {
            "x": -0.03709441050887108,
            "y": 0.663313090801239,
            "z": -0.7474220991134644
          }
        },
        {
          "PELKGLIHPEN": 6,
          "NOGJICNLLAH": 0.0015617365716025233,
          "pos": {
            "x": 4804.5810546875,
            "y": 181.55055236816406,
            "z": 4804.7177734375
          },
          "MENBADHMMNG": {
            "x": 4808.720703125,
            "y": 176.3434295654297,
            "z": 4800.30908203125
          },
          "LPDAAJDCPAH": {
            "x": 4800.44140625,
            "y": 186.75767517089844,
            "z": 4809.12646484375
          },
          "JGLCOPNPJFG": {
            "x": 0.4466484785079956,
            "y": 0.7577847242355347,
            "z": -0.4756757915019989
          }
        },
        {
          "PELKGLIHPEN": 7,
          "NOGJICNLLAH": 0.0033661150373518467,
          "pos": {
            "x": 4782.4736328125,
            "y": 198.90597534179688,
            "z": 4819.603515625
          },
          "MENBADHMMNG": {
            "x": 4785.19921875,
            "y": 195.82159423828125,
            "z": 4814.388671875
          },
          "LPDAAJDCPAH": {
            "x": 4779.748046875,
            "y": 201.9903564453125,
            "z": 4824.818359375
          },
          "JGLCOPNPJFG": {
            "x": 0.21505148708820343,
            "y": 0.8856954574584961,
            "z": -0.41145646572113037
          }
        },
        {
          "PELKGLIHPEN": 9,
          "NOGJICNLLAH": 0.003698827465996146,
          "pos": {
            "x": 4784.4580078125,
            "y": 204.42886352539062,
            "z": 4832.1015625
          },
          "MENBADHMMNG": {
            "x": 4781.06494140625,
            "y": 202.92251586914062,
            "z": 4828.728515625
          },
          "LPDAAJDCPAH": {
            "x": 4787.85107421875,
            "y": 205.93521118164062,
            "z": 4835.474609375
          },
          "JGLCOPNPJFG": {
            "x": -0.21298107504844666,
            "y": 0.9538405537605286,
            "z": -0.21172446012496948
          }
        },
        {
          "PELKGLIHPEN": 8,
          "pos": {
            "x": 4795.58056640625,
            "y": 206.17625427246094,
            "z": 4839.3642578125
          },
          "MENBADHMMNG": {
            "x": 4791.11572265625,
            "y": 206.03701782226562,
            "z": 4837.11767578125
          },
          "LPDAAJDCPAH": {
            "x": 4800.04541015625,
            "y": 206.31549072265625,
            "z": 4841.61083984375
          },
          "JGLCOPNPJFG": {
            "x": -0.024873893707990646,
            "y": 0.9996122717857361,
            "z": -0.012517085298895836
          }
        }
      ],
      "_ocp_name": ""
    }
  ]
}