{
  "sceneId": 1,
  "OPKDHJCGEDA": [
    {
      "_groupID": 131300001,
      "_name": "131300001-LevelCurveObj",
      "_tag": "OceanCurrent",
      "_points": [
        {
          "EOJCJEHNBGJ": 1,
          "FFGPPGNOGDL": 0.004257954191416502,
          "pos": {
            "x": -2014.6827392578125,
            "y": 155.5949249267578,
            "z": 5558.1220703125
          },
          "JBNENGKKAKK": {
            "x": -2015.947021484375,
            "y": 153.89288330078125,
            "z": 5553.59375
          },
          "PHGDIAMMBMK": {
            "x": -2013.41845703125,
            "y": 157.29696655273438,
            "z": 5562.650390625
          },
          "GNGJOCAMMFG": {
            "x": -0.09153930097818375,
            "y": 0.9402780532836914,
            "z": -0.32786843180656433
          }
        },
        {
          "EOJCJEHNBGJ": 2,
          "FFGPPGNOGDL": 0.003951473161578178,
          "pos": {
            "x": -2014.893798828125,
            "y": 161.36367797851562,
            "z": 5567.6884765625
          },
          "JBNENGKKAKK": {
            "x": -2012.6640625,
            "y": 158.30093383789062,
            "z": 5565.3173828125
          },
          "PHGDIAMMBMK": {
            "x": -2017.12353515625,
            "y": 164.42642211914062,
            "z": 5570.0595703125
          },
          "GNGJOCAMMFG": {
            "x": 0.46947234869003296,
            "y": 0.7282677292823792,
            "z": -0.49922120571136475
          }
        },
        {
          "EOJCJEHNBGJ": 3,
          "FFGPPGNOGDL": 0.005457084625959396,
          "pos": {
            "x": -2024.5076904296875,
            "y": 169.08985900878906,
            "z": 5568.56884765625
          },
          "JBNENGKKAKK": {
            "x": -2024.0240478515625,
            "y": 167.83294677734375,
            "z": 5568.697265625
          },
          "PHGDIAMMBMK": {
            "x": -2024.3123779296875,
            "y": 171.31668090820312,
            "z": 5567.669921875
          },
          "EBPAHLJKCME": [
            {
              "interval": [
                0.0,
                0.0
              ],
              "HFNIEEIKIOA": "5.2_BossChasing_Player_SetVar",
              "floatParams": [
                0.0
              ]
            }
          ],
          "GNGJOCAMMFG": {
            "x": -0.1962348073720932,
            "y": 0.3818044662475586,
            "z": 0.9031707048416138
          }
        },
        {
          "EOJCJEHNBGJ": 4,
          "FFGPPGNOGDL": 0.008664146065711975,
          "pos": {
            "x": -2026.1708984375,
            "y": 177.0853729248047,
            "z": 5566.8388671875
          },
          "JBNENGKKAKK": {
            "x": -2025.691650390625,
            "y": 177.2296600341797,
            "z": 5564.61572265625
          },
          "PHGDIAMMBMK": {
            "x": -2026.650146484375,
            "y": 176.9410858154297,
            "z": 5569.06201171875
          },
          "GNGJOCAMMFG": {
            "x": -0.013342979364097118,
            "y": 0.9979934692382812,
            "z": 0.06189565360546112
          }
        },
        {
          "EOJCJEHNBGJ": 5,
          "pos": {
            "x": -2026.4405517578125,
            "y": 177.19778442382812,
            "z": 5572.560546875
          },
          "JBNENGKKAKK": {
            "x": -2026.6458740234375,
            "y": 177.18807983398438,
            "z": 5567.923828125
          },
          "PHGDIAMMBMK": {
            "x": -2026.2352294921875,
            "y": 177.20748901367188,
            "z": 5577.197265625
          },
          "GNGJOCAMMFG": {
            "x": -9.249962749890983e-05,
            "y": 0.9999977946281433,
            "z": -0.0020888857543468475
          }
        }
      ],
      "_ocp_name": ""
    }
  ]
}