{
  "sceneId": 100,
  "LJFCEMHKHAJ": [
    {
      "_groupID": 910001003,
      "_name": "910001003-【发条主线】上天前",
      "_tag": "ToyTrain",
      "_points": [
        {
          "PGFPIMPJCPG": 10,
          "OKEPPLLMJLL": 0.0040039136074483395,
          "pos": {
            "x": 404.543212890625,
            "y": 540.4849853515625,
            "z": 257.0762023925781
          },
          "NELJNGJEGPE": {
            "x": 399.30694580078125,
            "y": 540.4844360351562,
            "z": 252.2269287109375
          },
          "BPNIJJFKOMN": {
            "x": 406.9752197265625,
            "y": 540.4852294921875,
            "z": 259.3284912109375
          },
          "DHPKOKPPKFJ": [
            [
              0.0,
              1.0
            ],
            [
              0.9990000128746033,
              8.0
            ]
          ],
          "speed": 1.0,
          "PFHBDCGGCDG": {
            "x": -5.403901741374284e-05,
            "y": 1.0,
            "z": -5.0045699026668444e-05
          }
        },
        {
          "PGFPIMPJCPG": 11,
          "OKEPPLLMJLL": 0.0012525254860520363,
          "pos": {
            "x": 413.70440673828125,
            "y": 540.48583984375,
            "z": 265.5625
          },
          "NELJNGJEGPE": {
            "x": 410.1482849121094,
            "y": 540.4855346679688,
            "z": 262.2674560546875
          },
          "BPNIJJFKOMN": {
            "x": 422.9676513671875,
            "y": 540.4866943359375,
            "z": 274.14569091796875
          },
          "speed": 8.0,
          "PFHBDCGGCDG": {
            "x": -4.963272294844501e-05,
            "y": 1.0,
            "z": -4.598897430696525e-05
          }
        },
        {
          "PGFPIMPJCPG": 12,
          "OKEPPLLMJLL": 0.004521476104855537,
          "pos": {
            "x": 442.9644470214844,
            "y": 540.48681640625,
            "z": 292.7176818847656
          },
          "NELJNGJEGPE": {
            "x": 434.830078125,
            "y": 540.4874267578125,
            "z": 285.14508056640625
          },
          "BPNIJJFKOMN": {
            "x": 446.5780334472656,
            "y": 540.4865112304688,
            "z": 296.0816955566406
          },
          "DHPKOKPPKFJ": [
            [
              0.0,
              8.0
            ],
            [
              0.9900000095367432,
              1.0
            ]
          ],
          "speed": 8.0,
          "PFHBDCGGCDG": {
            "x": 4.524296673480421e-05,
            "y": 1.0,
            "z": 4.211825944366865e-05
          }
        },
        {
          "PGFPIMPJCPG": 9,
          "pos": {
            "x": 451.0433654785156,
            "y": 540.4849853515625,
            "z": 300.2686767578125
          },
          "NELJNGJEGPE": {
            "x": 449.4559020996094,
            "y": 540.4859619140625,
            "z": 298.7694396972656
          },
          "BPNIJJFKOMN": {
            "x": 464.0143737792969,
            "y": 540.4772338867188,
            "z": 312.5187683105469
          },
          "speed": 1.0,
          "PFHBDCGGCDG": {
            "x": 0.0003158673644065857,
            "y": 0.9999998807907104,
            "z": 0.0002983117301482707
          }
        }
      ],
      "_ocp_name": ""
    },
    {
      "_groupID": 910001004,
      "_name": "910001004-【发条主线】挂星星",
      "_tag": "ToyTrain",
      "_points": [
        {
          "PGFPIMPJCPG": 3,
          "OKEPPLLMJLL": 0.0005294279544614255,
          "pos": {
            "x": 330.6051025390625,
            "y": 679.0,
            "z": 536.6992797851562
          },
          "NELJNGJEGPE": {
            "x": 327.2022705078125,
            "y": 679.0,
            "z": 540.3627319335938
          },
          "BPNIJJFKOMN": {
            "x": 334.0079345703125,
            "y": 679.0,
            "z": 533.0358276367188
          },
          "OIJGLPNJCJF": [
            {
              "ratio": 0.05000000074505806,
              "interval": [
                0.0,
                0.0
              ],
              "KCGHAJGLKPK": "4.8_SetGroupVariable",
              "floatParams": [
                1.0,
                1.0
              ]
            }
          ],
          "DHPKOKPPKFJ": [
            [
              0.0,
              1.0
            ],
            [
              0.10000000149011612,
              4.0
            ]
          ],
          "speed": 1.0,
          "PFHBDCGGCDG": {
            "y": 1.0
          }
        },
        {
          "PGFPIMPJCPG": 10,
          "OKEPPLLMJLL": 0.0011742039350792766,
          "pos": {
            "x": 394.8790588378906,
            "y": 679.0,
            "z": 467.50341796875
          },
          "NELJNGJEGPE": {
            "x": 383.28704833984375,
            "y": 679.0,
            "z": 479.98309326171875
          },
          "BPNIJJFKOMN": {
            "x": 406.4710693359375,
            "y": 679.0,
            "z": 455.02374267578125
          },
          "OIJGLPNJCJF": [
            {
              "interval": [
                0.0,
                0.0
              ],
              "KCGHAJGLKPK": "4.8_TorrentBrave_PauseCheck",
              "floatParams": [
                1.0
              ]
            },
            {
              "interval": [
                0.0,
                0.0
              ],
              "KCGHAJGLKPK": "4.8_SetGroupVariable",
              "floatParams": [
                1.0,
                100.0
              ]
            },
            {
              "ratio": 0.5,
              "interval": [
                0.0,
                0.0
              ],
              "KCGHAJGLKPK": "4.8_SetGroupVariable",
              "floatParams": [
                1.0,
                0.0
              ]
            }
          ],
          "DHPKOKPPKFJ": [
            [
              0.0,
              4.0
            ]
          ],
          "speed": 4.0,
          "PFHBDCGGCDG": {
            "y": 1.0
          }
        },
        {
          "PGFPIMPJCPG": 9,
          "OKEPPLLMJLL": 0.0005182032473385334,
          "pos": {
            "x": 423.85906982421875,
            "y": 679.0,
            "z": 436.3042297363281
          },
          "NELJNGJEGPE": {
            "x": 412.26708984375,
            "y": 679.0,
            "z": 448.7839050292969
          },
          "BPNIJJFKOMN": {
            "x": 435.4510498046875,
            "y": 679.0,
            "z": 423.8245544433594
          },
          "OIJGLPNJCJF": [
            {
              "interval": [
                0.0,
                0.0
              ],
              "KCGHAJGLKPK": "4.8_TorrentBrave_PauseCheck",
              "floatParams": [
                1.0
              ]
            },
            {
              "interval": [
                0.0,
                0.0
              ],
              "KCGHAJGLKPK": "4.8_SetGroupVariable",
              "floatParams": [
                1.0,
                100.0
              ]
            },
            {
              "ratio": 0.5,
              "interval": [
                0.0,
                0.0
              ],
              "KCGHAJGLKPK": "4.8_SetGroupVariable",
              "floatParams": [
                1.0,
                0.0
              ]
            }
          ],
          "DHPKOKPPKFJ": [
            [
              0.0,
              4.0
            ]
          ],
          "speed": 4.0,
          "PFHBDCGGCDG": {
            "y": 1.0
          }
        },
        {
          "PGFPIMPJCPG": 11,
          "OKEPPLLMJLL": 0.0030860963743180037,
          "pos": {
            "x": 489.5252380371094,
            "y": 679.0,
            "z": 365.60955810546875
          },
          "NELJNGJEGPE": {
            "x": 485.11468505859375,
            "y": 679.0,
            "z": 370.35784912109375
          },
          "BPNIJJFKOMN": {
            "x": 493.935791015625,
            "y": 679.0,