{
  "sceneId": 1,
  "ACKNJKOAAKO": [
    {
      "_groupID": 110200001,
      "_name": "110200001-LevelCurveObj",
      "_tag": "OceanShip",
      "_points": [
        {
          "PELKGLIHPEN": 1,
          "NOGJICNLLAH": 0.0012206083629280329,
          "pos": {
            "x": 1267.175048828125,
            "y": 324.6480712890625,
            "z": -2042.5693359375
          },
          "MENBADHMMNG": {
            "x": 1265.739501953125,
            "y": 318.3421936035156,
            "z": -2059.222900390625
          },
          "LPDAAJDCPAH": {
            "x": 1268.610595703125,
            "y": 330.9539489746094,
            "z": -2025.915771484375
          },
          "JGLCOPNPJFG": {
            "x": -0.030313760042190552,
            "y": 0.9356348514556885,
            "z": -0.3516653776168823
          }
        },
        {
          "PELKGLIHPEN": 2,
          "NOGJICNLLAH": 0.0007748171337880194,
          "pos": {
            "x": 1235.5947265625,
            "y": 330.8503723144531,
            "z": -2042.44189453125
          },
          "MENBADHMMNG": {
            "x": 1242.6275634765625,
            "y": 318.9544372558594,
            "z": -2057.518310546875
          },
          "LPDAAJDCPAH": {
            "x": 1228.5618896484375,
            "y": 342.7463073730469,
            "z": -2027.365478515625
          },
          "JCJNELLCLFJ": [
            {
              "interval": [
                0.0,
                0.0
              ],
              "KJJBFGIMKLK": "5.2_LightStrike_ChargePoint",
              "floatParams": [
                1.0
              ]
            }
          ],
          "JGLCOPNPJFG": {
            "x": 0.24589435756206512,
            "y": 0.8134322166442871,
            "z": -0.5271280407905579
          }
        },
        {
          "PELKGLIHPEN": 3,
          "NOGJICNLLAH": 0.000756743538659066,
          "pos": {
            "x": 1212.19921875,
            "y": 358.2034912109375,
            "z": -2044.8992919921875
          },
          "MENBADHMMNG": {
            "x": 1198.8828125,
            "y": 356.2893371582031,
            "z": -2094.32373046875
          },
          "LPDAAJDCPAH": {
            "x": 1225.515625,
            "y": 360.1176452636719,
            "z": -1995.474853515625
          },
          "JCJNELLCLFJ": [
            {
              "interval": [
                0.0,
                0.0
              ],
              "KJJBFGIMKLK": "5.2_LightStrike_ChargePoint",
              "floatParams": [
                2.0
              ]
            }
          ],
          "JGLCOPNPJFG": {
            "x": -0.009721701964735985,
            "y": 0.999301552772522,
            "z": -0.03608253225684166
          }
        },
        {
          "PELKGLIHPEN": 4,
          "pos": {
            "x": 1256.1934814453125,
            "y": 359.04620361328125,
            "z": -2045.5052490234375
          },
          "MENBADHMMNG": {
            "x": 1226.5985107421875,
            "y": 359.1059875488281,
            "z": -2054.047119140625
          },
          "LPDAAJDCPAH": {
            "x": 1285.7884521484375,
            "y": 358.9864196777344,
            "z": -2036.96337890625
          },
          "JCJNELLCLFJ": [
            {
              "interval": [
                0.0,
                0.0
              ],
              "KJJBFGIMKLK": "5.2_LightStrike_EndPoint"
            }
          ],
          "JGLCOPNPJFG": {
            "x": 0.001864726422354579,
            "y": 0.999998152256012,
            "z": 0.000538207998033613
          }
        }
      ],
      "_ocp_name": ""
    }
  ]
}