{
    "sceneId": 51003,
    "actionPoints": [
        {
            "localId": 1,
            "type": "NutcrackerPoint",
            "pos": {
                "x": -0.4546247124671936,
                "y": -0.1017363965511322,
                "z": -0.028655629605054855
            }
        }
    ]
}