{
  "sceneId": 1,
  "KFKAECCLAOP": [
    {
      "_groupID": 110500001,
      "_name": "110500001-LevelCurveObj",
      "_tag": "OceanCurrent",
      "_kind": "OceanCurrent",
      "_points": [
        {
          "JFPOIONLAEK": 1,
          "JIOEAEBJLGF": 0.0015419831033796072,
          "pos": {
            "x": 1850.7474365234375,
            "y": 173.17811584472656,
            "z": -686.7654418945312
          },
          "MNGIIEOFEFM": {
            "x": 1850.100341796875,
            "y": 171.3013153076172,
            "z": -691.3544311523438
          },
          "MCDLPIHAKLB": {
            "x": 1851.39453125,
            "y": 175.05491638183594,
            "z": -682.1764526367188
          },
          "musicSubStates": {
            "$type": "OKKEEIDIFBK"
          }
        },
        {
          "JFPOIONLAEK": 2,
          "JIOEAEBJLGF": 0.0011548188049346209,
          "pos": {
            "x": 1853.91015625,
            "y": 180.4017791748047,
            "z": -655.5488891601562
          },
          "MNGIIEOFEFM": {
            "x": 1853.3382568359375,
            "y": 180.69454956054688,
            "z": -668.4117431640625
          },
          "MCDLPIHAKLB": {
            "x": 1854.4820556640625,
            "y": 180.1090087890625,
            "z": -642.68603515625
          },
          "musicSubStates": {
            "$type": "OKKEEIDIFBK"
          }
        },
        {
          "JFPOIONLAEK": 3,
          "JIOEAEBJLGF": 0.0006701743695884943,
          "pos": {
            "x": 1854.009521484375,
            "y": 171.5081329345703,
            "z": -613.39404296875
          },
          "MNGIIEOFEFM": {
            "x": 1855.1981201171875,
            "y": 177.22824096679688,
            "z": -629.6066284179688
          },
          "MCDLPIHAKLB": {
            "x": 1852.8209228515625,
            "y": 165.78802490234375,
            "z": -597.1814575195312
          },
          "musicSubStates": {
            "$type": "OKKEEIDIFBK"
          }
        },
        {
          "JFPOIONLAEK": 4,
          "JIOEAEBJLGF": 0.0004645531589630991,
          "pos": {
            "x": 1846.130126953125,
            "y": 142.96209716796875,
            "z": -549.4328002929688
          },
          "MNGIIEOFEFM": {
            "x": 1869.7322998046875,
            "y": 147.1450653076172,
            "z": -564.2760009765625
          },
          "MCDLPIHAKLB": {
            "x": 1822.5279541015625,
            "y": 138.7791290283203,
            "z": -534.589599609375
          },
          "musicSubStates": {
            "$type": "OKKEEIDIFBK"
          }
        },
        {
          "JFPOIONLAEK": 5,
          "JIOEAEBJLGF": 0.0006632654112763703,
          "pos": {
            "x": 1740.372314453125,
            "y": 151.36843872070312,
            "z": -541.9286499023438
          },
          "MNGIIEOFEFM": {
            "x": 1768.498046875,
            "y": 151.98513793945312,
            "z": -548.7117309570312
          },
          "MCDLPIHAKLB": {
            "x": 1712.24658203125,
            "y": 150.75173950195312,
            "z": -535.1455688476562
          },
          "musicSubStates": {
            "$type": "OKKEEIDIFBK"
          }
        },
        {
          "JFPOIONLAEK": 6,
          "JIOEAEBJLGF": 0.0006515389541164041,
          "pos": {
            "x": 1677.256103515625,
            "y": 139.25930786132812,
            "z": -508.70550537109375
          },
          "MNGIIEOFEFM": {
            "x": 1691.012451171875,
            "y": 140.720458984375,
            "z": -534.1235961914062
          },
          "MCDLPIHAKLB": {
            "x": 1663.499755859375,
            "y": 137.79815673828125,
            "z": -483.28741455078125
          },
          "musicSubStates": {
            "$type": "OKKEEIDIFBK"
          }
        },
        {
          "JFPOIONLAEK": 7,
          "JIOEAEBJLGF": 0.0008910536416806281,
          "pos": {
            "x": 1682.357421875,
            "y": 145.206298828125,
            "z": -434.7324523925781
          },
          "MNGIIEOFEFM": {
            "x": 1676.978271484375,
            "y": 142.02708435058594,
            "z": -456.0845947265625
          },
          "MCDLPIHAKLB": {
            "x": 1687.736572265625,
            "y": 148.38551330566406,
            "z": -413.38031005859375
          },
          "musicSubStates": {
            "$type": "OKKEEIDIFBK"
          }
        },
        {
          "JFPOIONLAEK": 8,
          "JIOEAEBJLGF": 0.0009349476313218474,
          "pos": {
            "x": 1707.9471435546875,
            "y": 157.39862060546875,
            "z": -386.8786926269531
          },
          "MNGIIEOFEFM": {
            "x": 1703.509765625,
            "y": 153.2916717529297,
            "z": -407.17694091796875
          },
          "MCDLPIHAKLB": {
            "x": 1712.384521484375,
            "y": 161.5055694580078,
            "z": -366.5804443359375
          },
          "musicSubStates": {
            "$type": "OKKEEIDIFBK"
          }
        },
        {
          "JFPOIONLAEK": 9,
          "JIOEAEBJLGF": 0.0007861105841584504,
          "pos": {
            "x": 1704.230712890625,
            "y": 165.45040893554688,
            "z": -334.67755126953125
          },
          "MNGIIEOFEFM": {
            "x": 1702.123046875,
            "y": 165.38746643066406,
            "z": -355.751953125
          },
          "MCDLPIHAKLB": {
            "x": 1706.33837890625,
            "y": 165.5133514404297,
            "z": -313.6031494140625
          },
          "musicSubStates": {
            "$type": "OKKEEIDIFBK"
          }
        },
        {
          "JFPOIONLAEK": 10,
          "JIOEAEBJLGF": 0.0007108708377927542,
          "pos": {
            "x": 1718.9544677734375,
            "y": 157.72735595703125,
            "z": -276.8161315917969
          },
          "MNGIIEOFEFM": {
            "x": 1701.538330078125,
            "y": 148.22254943847656,
            "z": -290.4629821777344
          },
          "MCDLPIHAKLB": {
            "x": 1736.37060546875,
            "y": 167.23216247558594,
            "z": -263.1692810058594
          },
          "musicSubStates": {
            "$type": "OKKEEIDIFBK"
          }
        },
        {
          "JFPOIONLAEK": 11,
          "JIOEAEBJLGF": 0.0009819711558520794,
          "pos": {
            "x": 1769.9434814453125,
            "y": 201.31298828125,
            "z": -283.1865234375
          },
          "MNGIIEOFEFM": {
            "x": 1757.1195068359375,
            "y": 189.1238555908203,
            "z": -276.29779052734375
          },
          "MCDLPIHAKLB": {
            "x": 1782.7674560546875,
            "y": 213.5021209716797,
            "z": -290.07525634765625
          },
          "musicSubStates": {
            "$type": "OKKEEIDIFBK"
          }
        },
        {
          "JFPOIONLAEK": 12,
          "JIOEAEBJLGF": 0.0005547988112084568,
          "pos": {
            "x": 1792.1419677734375,
            "y": 227.29208374023438,
            "z": -316.1308898925781
          },
          "MNGIIEOFEFM": {
            "x": 1790.1746826171875,
            "y": 228.3645477294922,
            "z": -297.27716064453125
          },
          "MCDLPIHAKLB": {
            "x": 1794.1092529296875,
            "y": 226.21961975097656,
            "z": -334.984619140625
          },
          "musicSubStates": {
            "$type": "OKKEEIDIFBK"
          }
        },
        {
          "JFPOIONLAEK": 13,
          "JIOEAEBJLGF": 0.0008249891106970608,
          "pos": {
            "x": 1782.0081787109375,
            "y": 194.73606872558594,
            "z": -398.80718994140625
          },
          "MNGIIEOFEFM": {
            "x": 1789.931884765625,
            "y": 201.24057006835938,
            "z": -377.1689758300781
          },
          "MCDLPIHAKLB": {
            "x": 1774.08447265625,
            "y": 188.2315673828125,