{
  "sceneId": 100,
  "ACKNJKOAAKO": [
    {
      "_groupID": 910004001,
      "_name": "910004001-LevelCurveObj",
      "_tag": "",
      "_kind": "RollerCoaster",
      "_points": [
        {
          "PELKGLIHPEN": 1,
          "NOGJICNLLAH": 0.007934280671179295,
          "pos": {
            "x": -782.420654296875,
            "y": 390.73858642578125,
            "z": 650.0944213867188
          },
          "MENBADHMMNG": {
            "x": -779.6004638671875,
            "y": 390.66851806640625,
            "z": 654.2225341796875
          },
          "LPDAAJDCPAH": {
            "x": -785.2408447265625,
            "y": 390.80865478515625,
            "z": 645.96630859375
          },
          "JGLCOPNPJFG": {
            "x": 0.007903575897216797,
            "y": 0.9999017715454102,
            "z": 0.01156898308545351
          }
        },
        {
          "PELKGLIHPEN": 2,
          "NOGJICNLLAH": 0.015675539150834084,
          "pos": {
            "x": -785.974853515625,
            "y": 390.8268737792969,
            "z": 644.8919067382812
          },
          "POMINCBMLFF": "Spring",
          "MENBADHMMNG": {
            "x": -785.46142578125,
            "y": 390.80633544921875,
            "z": 645.5565185546875
          },
          "LPDAAJDCPAH": {
            "x": -786.07763671875,
            "y": 391.5489807128906,
            "z": 644.6935424804688
          },
          "JGLCOPNPJFG": {
            "x": 0.43950745463371277,
            "y": 0.29556581377983093,
            "z": 0.8482181429862976
          }
        },
        {
          "PELKGLIHPEN": 3,
          "NOGJICNLLAH": 0.014688964001834393,
          "pos": {
            "x": -787.2976684570312,
            "y": 392.52935791015625,
            "z": 642.7871704101562
          },
          "MENBADHMMNG": {
            "x": -786.6082153320312,
            "y": 392.52313232421875,
            "z": 643.8538818359375
          },
          "LPDAAJDCPAH": {
            "x": -787.949951171875,
            "y": 392.53558349609375,
            "z": 641.8062133789062
          },
          "JGLCOPNPJFG": {
            "x": 0.002926166169345379,
            "y": 0.9999861121177673,
            "z": 0.004400612320750952
          }
        },
        {
          "PELKGLIHPEN": 6,
          "NOGJICNLLAH": 0.013400442898273468,
          "pos": {
            "x": -788.8783569335938,
            "y": 390.91314697265625,
            "z": 640.5364379882812
          },
          "MENBADHMMNG": {
            "x": -788.6463623046875,
            "y": 392.0431213378906,
            "z": 640.8729858398438
          },
          "LPDAAJDCPAH": {
            "x": -789.3452758789062,
            "y": 390.9326171875,
            "z": 639.838623046875
          },
          "JGLCOPNPJFG": {
            "x": 0.012892336584627628,
            "y": 0.999731183052063,
            "z": 0.019267722964286804
          }
        },
        {
          "PELKGLIHPEN": 7,
          "pos": {
            "x": -790.9638671875,
            "y": 391.240234375,
            "z": 637.4611206054688
          },
          "MENBADHMMNG": {
            "x": -789.6690063476562,
            "y": 390.994140625,
            "z": 639.3630981445312
          },
          "LPDAAJDCPAH": {
            "x": -792.2587280273438,
            "y": 391.486328125,
            "z": 635.5591430664062
          },
          "JGLCOPNPJFG": {
            "x": 0.0598478838801384,
            "y": 0.9943290948867798,
            "z": 0.08790884166955948
          }
        }
      ],
      "_ocp_name": ""
    },
    {
      "_groupID": 910004005,
      "_name": "910004005-LevelCurveObj",
      "_tag": "",
      "_kind": "OceanCurrent",
      "_points": [
        {
          "PELKGLIHPEN": 1,
          "NOGJICNLLAH": 0.0007546480628661811,
          "pos": {
            "x": -674.033203125,
            "y": 390.21234130859375,
            "z": 705.1820678710938
          },
          "MENBADHMMNG": {
            "x": -671.4022216796875,
            "y": 390.1251220703125,
            "z": 709.4329833984375
          },
          "LPDAAJDCPAH": {
            "x": -676.6641845703125,
            "y": 390.299560546875,
            "z": 700.93115234375
          },
          "JGLCOPNPJFG": {
            "x": 0.009180950000882149,
            "y": 0.9998478293418884,
            "z": 0.014833979308605194
          },
          "elementTypeModifier": {
            "$type": "CPFBEKHDACC"
          }
        },
        {
          "PELKGLIHPEN": 2,
          "pos": {
            "x": -708.8966064453125,
            "y": 391.3681945800781,
            "z": 648.85205078125
          },
          "MENBADHMMNG": {
            "x": -706.265625,
            "y": 391.2809753417969,
            "z": 653.1029663085938
          },
          "LPDAAJDCPAH": {
            "x": -711.527587890625,
            "y": 391.4554138183594,
            "z": 644.6011352539062
          },
          "JGLCOPNPJFG": {
            "x": 0.009181000292301178,
            "y": 0.9998477697372437,
            "z": 0.014834077097475529
          },
          "elementTypeModifier": {
            "$type": "CPFBEKHDACC"
          }
        }
      ],
      "_ocp_name": "OCP_Fd_Default"
    }
  ]
}