{
    "enable": true,
    "FJANPNOAAFK": {
        "pose": [
            -70200001,
            -12,
            -25,
            26,
            24,
            26,
            24,
            24,
            24,
            24,
            -25,
            -23,
            38,
            -51,
            59,
            -51,
            54,
            -34,
            -59,
            57,
            59,
            -51,
            -40,
            49,
            53,
            6,
            -40,
            -50,
            -51,
            -49,
            55,
            -34,
            -59,
            57,
            57,
            -51,
            55,
            58,
            -2,
            -307,
            -1,
            -4,
            -23,
            -1615,
            -35,
            40,
            551660,
            -7073,
            -49,
            -35,
            -4,
            -5115,
            -13,
            -35,
            6209
        ]
    },
    "FDIIDHNBFFE": [
        4,
        48,
        -49,
        -35,
        -4,
        -51,
        1653,
        -35,
        15,
        -40,
        4310,
        61,
        -63,
        -49,
        -35,
        1,
        0,
        -307,
        1,
        -4,
        2541,
        13,
        -35,
        -7698,
        4310,
        -26,
        6217,
        -35,
        -4,
        212034,
        -35,
        -12,
        45,
        4310,
        -8107,
        -49,
        -35,
        -4,
        24,
        47,
        13,
        -35,
        -24,
        -551692,
        -797001,
        -35,
        1,
        0,
        -307,
        -2,
        -4,
        220324,
        -35,
        -46,
        551692,
        -801283,
        -35,
        -4,
        215660,
        -35,
        70616548,
        799188,
        -35,
        -4,
        3804,
        -14,
        -35
    ],
    "LMMKNFEMOMG": {
        "GEAICNICJAJ": 3616.58642578125,
        "JIFJFPJANHO": 2382365184.0,
        "CBKHBGCPFBG": 14292.0654296875,
        "BFEJAKFKKFP": 5.795896731805354e+22,
        "KOAMKCEFJED": 1.1865871076892721e+27,
        "JOCOJHEICNA": ""
    }
}