{
  "sceneId": 20210,
  "OPKDHJCGEDA": [
    {
      "_groupID": 10001,
      "_name": "10001-LevelCurveObj",
      "_tag": "",
      "_points": [
        {
          "EOJCJEHNBGJ": 1,
          "FFGPPGNOGDL": 0.0032041328959167004,
          "pos": {
            "x": 1546.84326171875,
            "y": -493.7372131347656,
            "z": 3566.43212890625
          },
          "JBNENGKKAKK": {
            "x": 1548.862060546875,
            "y": -493.7372131347656,
            "z": 3566.427978515625
          },
          "PHGDIAMMBMK": {
            "x": 1544.824462890625,
            "y": -493.7372131347656,
            "z": 3566.436279296875
          },
          "EBPAHLJKCME": [
            {
              "ratio": 0.6800000071525574,
              "interval": [
                0.0,
                0.0
              ],
              "HFNIEEIKIOA": "SetGroupVariable",
              "floatParams": [
                0.0,
                1.0
              ]
            }
          ],
          "PEHJDJINDLB": [
            [
              0.8999999761581421,
              1.0
            ],
            [
              0.949999988079071,
              0.5
            ]
          ],
          "speed": 1.0,
          "GNGJOCAMMFG": {
            "y": 1.0
          }
        },
        {
          "EOJCJEHNBGJ": 2,
          "FFGPPGNOGDL": 0.005123085808008909,
          "pos": {
            "x": 1531.238525390625,
            "y": -493.7372131347656,
            "z": 3566.48779296875
          },
          "JBNENGKKAKK": {
            "x": 1531.8770751953125,
            "y": -493.7372131347656,
            "z": 3566.4775390625
          },
          "PHGDIAMMBMK": {
            "x": 1530.5999755859375,
            "y": -493.7372131347656,
            "z": 3566.498046875
          },
          "EBPAHLJKCME": [
            {
              "interval": [
                0.0,
                0.0
              ],
              "HFNIEEIKIOA": "SetGroupVariable",
              "floatParams": [
                0.0,
                2.0
              ]
            }
          ],
          "PEHJDJINDLB": [
            [
              0.0,
              0.10000000149011612
            ]
          ],
          "speed": 0.10000000149011612,
          "GNGJOCAMMFG": {
            "y": 1.0
          }
        }
      ],
      "_ocp_name": ""
    },
    {
      "_groupID": 10002,
      "_name": "10002-LevelCurveObj",
      "_tag": "",
      "_points": [
        {
          "EOJCJEHNBGJ": 1,
          "FFGPPGNOGDL": 0.0020140018314123154,
          "pos": {
            "x": 1531.239013671875,
            "y": -414.6315002441406,
            "z": 3566.431884765625
          },
          "JBNENGKKAKK": {
            "x": 1536.239013671875,
            "y": -414.6315002441406,
            "z": 3566.4453125
          },
          "PHGDIAMMBMK": {
            "x": 1526.239013671875,
            "y": -414.6315002441406,
            "z": 3566.41845703125
          },
          "EBPAHLJKCME": [
            {
              "interval": [
                0.0,
                0.0
              ],
              "HFNIEEIKIOA": "SetGroupVariable",
              "floatParams": [
                0.0,
                3.0
              ]
            }
          ],
          "PEHJDJINDLB": [
            [
              0.0,
              0.10000000149011612
            ],
            [
              0.017000000923871994,
              0.10000000149011612
            ],
            [
              0.05000000074505806,
              1.0
            ]
          ],
          "speed": 0.10000000149011612,
          "GNGJOCAMMFG": {
            "x": -1.6110415117509547e-06,
            "y": 1.0,
            "z": -4.318867929953285e-09
          }
        },
        {
          "EOJCJEHNBGJ": 4,
          "pos": {
            "x": 1506.412841796875,
            "y": -414.6315002441406,
            "z": 3566.453125
          },
          "JBNENGKKAKK": {
            "x": 1511.412841796875,
            "y": -414.6315002441406,
            "z": 3566.466552734375
          },
          "PHGDIAMMBMK": {
            "x": 1501.412841796875,
            "y": -414.6315002441406,
            "z": 3566.439697265625
          },
          "EBPAHLJKCME": [
            {
              "interval": [
                0.0,
                0.0
              ],
              "HFNIEEIKIOA": "SetGroupVariable",
              "floatParams": [
                0.0,
                5.0
              ]
            }
          ],
          "PEHJDJINDLB": [
            [
              0.0,
              1.0
            ],
            [
              0.5,
              1.2000000476837158
            ]
          ],
          "speed": 1.0,
          "GNGJOCAMMFG": {
            "x": -1.6110415117509547e-06,
            "y": 1.0,
            "z": -4.318867929953285e-09
          }
        }
      ],
      "_ocp_name": ""
    }
  ]
}