{
  "sceneId": 20211,
  "LJFCEMHKHAJ": [
    {
      "_groupID": 10001,
      "_name": "10001-",
      "_tag": "",
      "_points": [
        {
          "PGFPIMPJCPG": 1,
          "OKEPPLLMJLL": 0.004411335568875074,
          "pos": {
            "x": 1493.0606689453125,
            "y": -420.2085876464844,
            "z": 3586.764892578125
          },
          "NELJNGJEGPE": {
            "x": 1490.317626953125,
            "y": -420.2084045410156,
            "z": 3589.998046875
          },
          "BPNIJJFKOMN": {
            "x": 1495.8037109375,
            "y": -420.2087707519531,
            "z": 3583.53173828125
          },
          "PFHBDCGGCDG": {
            "y": 1.0
          }
        },
        {
          "PGFPIMPJCPG": 2,
          "OKEPPLLMJLL": 0.006751449313014746,
          "pos": {
            "x": 1498.9813232421875,
            "y": -420.2085876464844,
            "z": 3577.140625
          },
          "NELJNGJEGPE": {
            "x": 1498.36767578125,
            "y": -420.21435546875,
            "z": 3578.738037109375
          },
          "BPNIJJFKOMN": {
            "x": 1499.594970703125,
            "y": -420.20281982421875,
            "z": 3575.543212890625
          },
          "PFHBDCGGCDG": {
            "y": 1.0
          }
        },
        {
          "PGFPIMPJCPG": 3,
          "pos": {
            "x": 1500.3251953125,
            "y": -420.2086181640625,
            "z": 3569.8740234375
          },
          "NELJNGJEGPE": {
            "x": 1500.1822509765625,
            "y": -420.20245361328125,
            "z": 3571.7822265625
          },
          "BPNIJJFKOMN": {
            "x": 1500.4681396484375,
            "y": -420.21478271484375,
            "z": 3567.9658203125
          },
          "PFHBDCGGCDG": {
            "y": 1.0
          }
        }
      ],
      "_ocp_name": ""
    }
  ]
}