{
  "sceneId": 20238,
  "LJFCEMHKHAJ": [
    {
      "_groupID": 10001,
      "_name": "10001-污染区域1-污染区域2",
      "_tag": "ArcLight",
      "_kind": "ArcLight",
      "_points": [
        {
          "PGFPIMPJCPG": 1,
          "OKEPPLLMJLL": 0.0007603291305713356,
          "pos": {
            "x": -2339.899169921875,
            "y": 217.9874725341797,
            "z": 8953.779296875
          },
          "NELJNGJEGPE": {
            "x": -2339.710205078125,
            "y": 217.30381774902344,
            "z": 8958.728515625
          },
          "BPNIJJFKOMN": {
            "x": -2340.088134765625,
            "y": 218.67112731933594,
            "z": 8948.830078125
          },
          "PFHBDCGGCDG": {
            "x": 0.005216934718191624,
            "y": 0.9906083345413208,
            "z": 0.13663069903850555
          },
          "elementTypeModifier": {
            "$type": "HDMFLAGGNJO",
            "width": 3.5
          }
        },
        {
          "PGFPIMPJCPG": 2,
          "OKEPPLLMJLL": 0.0007626606384292245,
          "pos": {
            "x": -2326.712890625,
            "y": 223.84889221191406,
            "z": 8890.6875
          },
          "NELJNGJEGPE": {
            "x": -2341.504150390625,
            "y": 223.7935333251953,
            "z": 8911.7451171875
          },
          "BPNIJJFKOMN": {
            "x": -2311.921630859375,
            "y": 223.9042510986328,
            "z": 8869.6298828125
          },
          "PFHBDCGGCDG": {
            "x": -0.0012366388691589236,
            "y": 0.9999976754188538,
            "z": 0.0017605357570573688
          },
          "elementTypeModifier": {
            "$type": "HDMFLAGGNJO",
            "width": 3.5
          }
        },
        {
          "PGFPIMPJCPG": 3,
          "OKEPPLLMJLL": 0.0007202577544376254,
          "pos": {
            "x": -2272.06494140625,
            "y": 218.24139404296875,
            "z": 8857.2080078125
          },
          "NELJNGJEGPE": {
            "x": -2289.12890625,
            "y": 215.48353576660156,
            "z": 8876.271484375
          },
          "BPNIJJFKOMN": {
            "x": -2255.0009765625,
            "y": 220.99925231933594,
            "z": 8838.14453125
          },
          "PFHBDCGGCDG": {
            "x": -0.04418416693806648,
            "y": 0.9977794289588928,
            "z": 0.04983939602971077
          },
          "elementTypeModifier": {
            "$type": "HDMFLAGGNJO",
            "width": 3.5
          }
        },
        {
          "PGFPIMPJCPG": 4,
          "OKEPPLLMJLL": 0.0010155611671507359,
          "pos": {
            "x": -2243.5419921875,
            "y": 237.29083251953125,
            "z": 8797.771484375
          },
          "NELJNGJEGPE": {
            "x": -2248.19384765625,
            "y": 232.64938354492188,
            "z": 8815.154296875
          },
          "BPNIJJFKOMN": {
            "x": -2238.89013671875,
            "y": 241.93228149414062,
            "z": 8780.388671875
          },
          "PFHBDCGGCDG": {
            "x": -0.03436368703842163,
            "y": 0.9893234968185425,
            "z": 0.14162728190422058
          },
          "elementTypeModifier": {
            "$type": "HDMFLAGGNJO",
            "width": 3.5
          }
        },
        {
          "PGFPIMPJCPG": 5,
          "OKEPPLLMJLL": 0.0007950925501063466,
          "pos": {
            "x": -2243.9619140625,
            "y": 246.2821502685547,
            "z": 8752.1943359375
          },
          "NELJNGJEGPE": {
            "x": -2233.50341796875,
            "y": 242.16514587402344,
            "z": 8766.9921875
          },
          "BPNIJJFKOMN": {
            "x": -2254.42041015625,
            "y": 250.39915466308594,
            "z": 8737.396484375
          },
          "PFHBDCGGCDG": {
            "x": 0.16124564409255981,
            "y": 0.9614241719245911,
            "z": 0.22285273671150208
          },
          "elementTypeModifier": {
            "$type": "HDMFLAGGNJO",
            "width": 3.5
          }
        },
        {
          "PGFPIMPJCPG": 6,
          "OKEPPLLMJLL": 0.0006986523512750864,
          "pos": {
            "x": -2295.28125,
            "y": 257.657958984375,
            "z": 8724.564453125
          },
          "NELJNGJEGPE": {
            "x": -2286.904052734375,
            "y": 259.6457214355469,
            "z": 8746.703125
          },
          "BPNIJJFKOMN": {
            "x": -2303.658447265625,
            "y": 255.67019653320312,
            "z": 8702.42578125
          },
          "PFHBDCGGCDG": {
            "x": 0.013200621120631695,
            "y": 0.9992683529853821,
            "z": 0.0358961783349514
          },
          "elementTypeModifier": {
            "$type": "HDMFLAGGNJO",
            "width": 3.5
          }
        },
        {
          "PGFPIMPJCPG": 7,
          "OKEPPLLMJLL": 0.0009079410810954869,
          "pos": {
            "x": -2278.222900390625,
            "y": 238.1527557373047,
            "z": 8661.654296875
          },
          "NELJNGJEGPE": {
            "x": -2291.41552734375,
            "y": 237.8282012939453,
            "z": 8676.296875
          },
          "BPNIJJFKOMN": {
            "x": -2265.0302734375,
            "y": 238.47731018066406,
            "z": 8647.01171875
          },
          "PFHBDCGGCDG": {
            "x": -0.011021589860320091,
            "y": 0.999864399433136,
            "z": 0.012232484295964241
          },
          "elementTypeModifier": {
            "$type": "HDMFLAGGNJO",
            "width": 3.5
          }
        },
        {
          "PGFPIMPJCPG": 8,
          "OKEPPLLMJLL": 0.0005024375859647989,
          "pos": {
            "x": -2233.94873046875,
            "y": 259.1668395996094,
            "z": 8656.4931640625
          },
          "NELJNGJEGPE": {
            "x": -2248.710693359375,
            "y": 269.6668395996094,
            "z": 8653.162109375
          },
          "BPNIJJFKOMN": {
            "x": -2219.186767578125,
            "y": 248.66683959960938,
            "z": 8659.82421875
          },
          "PFHBDCGGCDG": {
            "x": 0.5560802817344666,
            "y": 0.8216016888618469,
            "z": 0.12548018991947174
          },
          "elementTypeModifier": {
            "$type": "HDMFLAGGNJO",
            "width": 3.5
          }
        },
        {
          "PGFPIMPJCPG": 9,
          "pos": {
            "x": -2199.027099609375,
            "y": 196.9306182861328,
            "z": 8644.05078125
          },
          "NELJNGJEGPE": {
            "x": -2200.7734375,
            "y": 201.412109375,
            "z": 8645.4169921875
          },
          "BPNIJJFKOMN": {
            "x": -2197.28076171875,
            "y": 192.44912719726562,
            "z": 8642.6845703125
          },
          "PFHBDCGGCDG": {
            "x": 0.7400658130645752,
            "y": 0.41189122200012207,
            "z": -0.5316466689109802
          },
          "elementTypeModifier": {
            "$type": "HDMFLAGGNJO",
            "width": 3.5
          }
        }
      ],
      "_ocp_name": "",
      "_abilityType": "Invincible",
      "_specificCurveData": {
        "$type": "KJNPGOPIJHN",
        "OACIBJLDGKC": true,
        "FIJDJLOJBIF": 220238034,
        "ADJFNNGKLCA": 34001
      }
    },
    {
      "_groupID": 10002,
      "_name": "10002-污染区域2-污染区域3",
      "_tag": "ArcLight",
      "_kind": "ArcLight",
      "_points": [
        {
          "PGFPIMPJCPG": 8,
          "OKEPPLLMJLL": 0.00045619867159985006,
          "pos": {
            "x": -2179.0625,
            "y": 176.24398803710938,
            "z": 8513.6552734375
          },
          "NELJNGJEGPE": {
            "x": -2183.99365234375,
            "y": 175.4840087890625,
            "z": 8513.98046875
          },
          "BPNIJJFKOMN": {
            "x": -2174.13134765625,
            "y": 177.00396728515625,