{
  "sceneId": 50020,
  "BFGJLAOENLI": [
    {
      "_groupID": 707032705,
      "_name": "707032705-LevelCurveObj",
      "_tag": "",
      "_points": [
        {
          "PEFCMBFPJOM": 1,
          "OOGOEHADMGF": 0.0004241475835442543,
          "pos": {
            "x": -550.954833984375,
            "y": 32.080318450927734,
            "z": -411.2088623046875
          },
          "CGHPINELODH": {
            "x": -548.1832885742188,
            "y": 32.080318450927734,
            "z": -415.37042236328125
          },
          "FENPEAKKKIF": {
            "x": -553.7263793945312,
            "y": 32.080318450927734,
            "z": -407.04730224609375
          },
          "BJGGMAMDOJO": {
            "y": 1.0
          },
          "isOnStageFalseSwitchValue": {
            "$type": "MJFDLAHEHME"
          }
        },
        {
          "PEFCMBFPJOM": 2,
          "OOGOEHADMGF": 0.0002745104720816016,
          "pos": {
            "x": -597.746826171875,
            "y": 32.080318450927734,
            "z": -305.6127014160156
          },
          "CGHPINELODH": {
            "x": -601.1572875976562,
            "y": 32.080318450927734,
            "z": -351.686279296875
          },
          "FENPEAKKKIF": {
            "x": -594.3363647460938,
            "y": 32.080318450927734,
            "z": -259.53912353515625
          },
          "BJGGMAMDOJO": {
            "y": 1.0
          },
          "isOnStageFalseSwitchValue": {
            "$type": "MJFDLAHEHME"
          }
        },
        {
          "PEFCMBFPJOM": 3,
          "OOGOEHADMGF": 0.00044179262476973236,
          "pos": {
            "x": -530.7041015625,
            "y": 32.080318450927734,
            "z": -137.63259887695312
          },
          "CGHPINELODH": {
            "x": -530.7301635742188,
            "y": 32.080318450927734,
            "z": -181.32089233398438
          },
          "FENPEAKKKIF": {
            "x": -530.6780395507812,
            "y": 32.080318450927734,
            "z": -93.94430541992188
          },
          "BJGGMAMDOJO": {
            "y": 1.0
          },
          "isOnStageFalseSwitchValue": {
            "$type": "MJFDLAHEHME"
          }
        },
        {
          "PEFCMBFPJOM": 4,
          "pos": {
            "x": -597.5952758789062,
            "y": 32.080318450927734,
            "z": -51.29169464111328
          },
          "CGHPINELODH": {
            "x": -593.37890625,
            "y": 32.080318450927734,
            "z": -53.97916030883789
          },
          "FENPEAKKKIF": {
            "x": -601.8116455078125,
            "y": 32.080318450927734,
            "z": -48.60422897338867
          },
          "BJGGMAMDOJO": {
            "y": 1.0
          },
          "isOnStageFalseSwitchValue": {
            "$type": "MJFDLAHEHME"
          }
        }
      ],
      "_ocp_name": "OCP_Fd_Default"
    }
  ]
}