{
  "sceneId": 20212,
  "BFGJLAOENLI": [
    {
      "_groupID": 10001,
      "_name": "10001-LevelCurveObj",
      "_tag": "OceanCurrent",
      "_points": [
        {
          "PEFCMBFPJOM": 1,
          "OOGOEHADMGF": 0.0034574561286717653,
          "pos": {
            "x": 229.66802978515625,
            "y": 21.22600555419922,
            "z": 216.167724609375
          },
          "CGHPINELODH": {
            "x": 230.11903381347656,
            "y": 20.889381408691406,
            "z": 221.13595581054688
          },
          "FENPEAKKKIF": {
            "x": 229.21702575683594,
            "y": 21.56262969970703,
            "z": 211.19949340820312
          },
          "isOnStageFalseSwitchValue": {
            "$type": "MJFDLAHEHME"
          }
        },
        {
          "PEFCMBFPJOM": 2,
          "OOGOEHADMGF": 0.0018005312886089087,
          "pos": {
            "x": 230.0741424560547,
            "y": 24.03158187866211,
            "z": 202.14419555664062
          },
          "CGHPINELODH": {
            "x": 228.86239624023438,
            "y": 21.82863426208496,
            "z": 207.2852020263672
          },
          "FENPEAKKKIF": {
            "x": 231.285888671875,
            "y": 26.234529495239258,
            "z": 197.00318908691406
          },
          "isOnStageFalseSwitchValue": {
            "$type": "MJFDLAHEHME"
          }
        },
        {
          "PEFCMBFPJOM": 3,
          "OOGOEHADMGF": 0.0018616736633703113,
          "pos": {
            "x": 238.2269744873047,
            "y": 36.78610610961914,
            "z": 179.85519409179688
          },
          "CGHPINELODH": {
            "x": 234.41966247558594,
            "y": 28.112773895263672,
            "z": 183.44552612304688
          },
          "FENPEAKKKIF": {
            "x": 242.03428649902344,
            "y": 45.45943832397461,
            "z": 176.26486206054688
          },
          "isOnStageFalseSwitchValue": {
            "$type": "MJFDLAHEHME"
          }
        },
        {
          "PEFCMBFPJOM": 4,
          "OOGOEHADMGF": 0.0015142516931518912,
          "pos": {
            "x": 245.7632293701172,
            "y": 59.77248764038086,
            "z": 187.3492431640625
          },
          "CGHPINELODH": {
            "x": 243.5789031982422,
            "y": 52.12165451049805,
            "z": 180.69508361816406
          },
          "FENPEAKKKIF": {
            "x": 247.9475555419922,
            "y": 67.42332458496094,
            "z": 194.00340270996094
          },
          "isOnStageFalseSwitchValue": {
            "$type": "MJFDLAHEHME",
            "ILJCKJCCKFE": 4.0
          }
        },
        {
          "PEFCMBFPJOM": 5,
          "OOGOEHADMGF": 0.003127902513369918,
          "pos": {
            "x": 259.5594787597656,
            "y": 77.43659210205078,
            "z": 211.296630859375
          },
          "CGHPINELODH": {
            "x": 255.2811279296875,
            "y": 71.99944305419922,
            "z": 206.27439880371094
          },
          "FENPEAKKKIF": {
            "x": 263.83782958984375,
            "y": 82.87374114990234,
            "z": 216.31886291503906
          },
          "isOnStageFalseSwitchValue": {
            "$type": "MJFDLAHEHME",
            "ILJCKJCCKFE": 3.0
          }
        },
        {
          "PEFCMBFPJOM": 6,
          "pos": {
            "x": 268.6706848144531,
            "y": 88.17330169677734,
            "z": 216.80075073242188
          },
          "CGHPINELODH": {
            "x": 268.3866882324219,
            "y": 81.88894653320312,
            "z": 216.400634765625
          },
          "FENPEAKKKIF": {
            "x": 268.9546813964844,
            "y": 94.45765686035156,
            "z": 217.20086669921875
          },
          "isOnStageFalseSwitchValue": {
            "$type": "MJFDLAHEHME",
            "ILJCKJCCKFE": 2.0
          }
        }
      ],
      "_ocp_name": "OCP_Fd_Default"
    }
  ]
}