{
    "sceneId": 51005,
    "actionPoints": [
        {
            "localId": 1,
            "type": "NutcrackerPoint",
            "pos": {
                "x": -0.04226912930607796,
                "y": -0.10173629969358444,
                "z": -0.058391958475112915
            }
        }
    ]
}