{
  "sceneId": 3,
  "LJFCEMHKHAJ": [
    {
      "_groupID": 351200005,
      "_name": "351200005-",
      "_tag": "",
      "_points": [
        {
          "PGFPIMPJCPG": 1,
          "OKEPPLLMJLL": 0.0012499982258304954,
          "pos": {
            "x": 127.00188446044922,
            "y": 200.59402465820312,
            "z": 9618.47265625
          },
          "NELJNGJEGPE": {
            "x": 128.36888122558594,
            "y": 200.1328582763672,
            "z": 9623.259765625
          },
          "BPNIJJFKOMN": {
            "x": 127.00174713134766,
            "y": 200.5940704345703,
            "z": 9618.47265625
          }
        },
        {
          "PGFPIMPJCPG": 2,
          "pos": {
            "x": 127.00188446044922,
            "y": 240.593994140625,
            "z": 9618.47265625
          },
          "NELJNGJEGPE": {
            "x": 127.00202178955078,
            "y": 240.5939483642578,
            "z": 9618.47265625
          },
          "BPNIJJFKOMN": {
            "x": 125.63491821289062,
            "y": 241.05516052246094,
            "z": 9613.685546875
          },
          "PFHBDCGGCDG": {
            "x": 0.025323765352368355,
            "y": 0.9957374334335327,
            "z": 0.08868810534477234
          }
        }
      ],
      "_ocp_name": ""
    },
    {
      "_groupID": 351200006,
      "_name": "351200006-",
      "_tag": "",
      "_points": [
        {
          "PGFPIMPJCPG": 1,
          "OKEPPLLMJLL": 0.0012499979929998517,
          "pos": {
            "x": 153.22109985351562,
            "y": 208.4049072265625,
            "z": 9704.1044921875
          },
          "NELJNGJEGPE": {
            "x": 157.34095764160156,
            "y": 208.39178466796875,
            "z": 9706.9375
          },
          "BPNIJJFKOMN": {
            "x": 153.22068786621094,
            "y": 208.4049072265625,
            "z": 9704.1044921875
          }
        },
        {
          "PGFPIMPJCPG": 2,
          "pos": {
            "x": 153.22109985351562,
            "y": 248.4049072265625,
            "z": 9704.1044921875
          },
          "NELJNGJEGPE": {
            "x": 153.2215118408203,
            "y": 248.4049072265625,
            "z": 9704.1044921875
          },
          "BPNIJJFKOMN": {
            "x": 149.1012725830078,
            "y": 248.41802978515625,
            "z": 9701.271484375
          },
          "PFHBDCGGCDG": {
            "x": 0.00216347211971879,
            "y": 0.999996542930603,
            "z": 0.0014877956127747893
          }
        }
      ],
      "_ocp_name": ""
    }
  ]
}