{
  "-3": {
    "initValue": 52881920000.0
  },
  "-4871": {},
  "30": {
    "initValue": -36243783680.0
  },
  "-9": {},
  "-35": {},
  "51": {},
  "-34": {
    "initValue": 2.9532670076127977e-34
  },
  "2317": {
    "initValue": 57946384.0
  },
  "-72341804": {
    "initValue": -1.4693453240369305e-34
  },
  "-43": {
    "initValue": 9.285536645729326e-19
  },
  "0": {
    "initValue": 202.39999389648438
  },
  "623434": {}
}