{
  "5": {
    "DDIMILAHBFP": 8.325405490519152e-20
  },
  "22": {
    "JLMGMHLOPKL": -1.9750242248811513e-35,
    "AHJBLNNKMHN": 423137888.0,
    "ONAJKEKDFIA": 1.055303152898704e-34,
    "MADIANOJGAE": -1181.6893310546875
  },
  "0": {},
  "72": {
    "JLMGMHLOPKL": 9933.01171875,
    "AHJBLNNKMHN": -3.390822689781289e-27,
    "DEFIPGIEANJ": 131075.0625
  },
  "67": {
    "JLMGMHLOPKL": 1.4903873616828706e-34,
    "AHJBLNNKMHN": -1180.716796875,
    "COPPJNAECOC": 200.0,
    "DEFIPGIEANJ": 9939.4462890625
  },
  "68": {}
}