{
  "-3": {},
  "-565210": {
    "JBGIGAHNNOD": 4056,
    "NDLPJPOOMJJ": -2.646445344618936e+28
  },
  "0": {
    "JBGIGAHNNOD": -38
  },
  "49": {
    "NDLPJPOOMJJ": -6.334406066343945e-08
  },
  "55": {
    "JBGIGAHNNOD": 51
  },
  "51": {
    "NDLPJPOOMJJ": 0.0043847872875630856
  },
  "482": {},
  "-35": {
    "NDLPJPOOMJJ": 214724306272256.0
  },
  "-4416": {
    "JBGIGAHNNOD": -4875,
    "NDLPJPOOMJJ": 0.24451546370983124
  },
  "44": {},
  "4056": {}
}