{
  "-3": {
    "LFIIKFHINMN": -1.101442129676206e+17,
    "JCDEHEAEDCN": 9.312752114386023e-36,
    "maxFileNum": -330.1470031738281
  },
  "125254": {
    "JCDEHEAEDCN": -7.530256551800757e+35,
    "maxFileNum": -1.0389268965562e-36
  },
  "36": {
    "LFIIKFHINMN": 9193.38671875,
    "JCDEHEAEDCN": -8.799524062933059e-16
  },
  "-34": {
    "JCDEHEAEDCN": 1.490045274459682e-34,
    "maxFileNum": -331.1502380371094
  },
  "-39202": {},
  "-10": {
    "LFIIKFHINMN": -1.0303332312763057e-27,
    "JCDEHEAEDCN": -36312248320.0
  },
  "9": {
    "LFIIKFHINMN": 131075.046875,
    "maxFileNum": 1.2873786930657566e-29
  },
  "35": {
    "LFIIKFHINMN": -330.62261962890625,
    "JCDEHEAEDCN": 200.0,
    "maxFileNum": 9180.7138671875
  }
}