{
  "minArea": {
    "x": 2604.582275390625,
    "z": -562.6138916015625
  },
  "maxArea": {
    "x": 2624.06494140625,
    "z": -546.5186767578125
  },
  "roadPoints": [
    {
      "x": 2619.970458984375,
      "y": 202.39999389648438,
      "z": -562.6138916015625
    },
    {
      "x": 2624.06494140625,
      "y": 202.7226104736328,
      "z": -556.5950317382812
    },
    {
      "x": 2610.0263671875,
      "y": 202.87197875976562,
      "z": -546.5186767578125
    },
    {
      "x": 2604.582275390625,
      "y": 202.39999389648438,
      "z": -552.5396728515625
    }
  ]
}