{
    "-1126": {
        "HNJFJDKGJBF": 7.03818745080957e-38
    },
    "508112550": {
        "BKDFLKPBLJH": 1,
        "HNJFJDKGJBF": 6.638294962613145e-07
    },
    "-25": {
        "HNJFJDKGJBF": 0.0,
        "MHAOJJGCPKF": false,
        "waitTime": -1.1953125,
        "GBMMDGPPNEE": -1530272.125,
        "CGKIINLILEF": 9.625476551973853e-38
    },
    "2": {
        "HNJFJDKGJBF": -8.532244930206955e-33,
        "MHAOJJGCPKF": true,
        "waitTime": 1.0962820314906271e-39
    },
    "0": {}
}