{
    "ps4": {
        "cameraHorMoveSpeed": -6.669560996127648e-24,
        "autoFocusHorSpeed": -1442619250966528.0,
        "autoFocusVerSpeed": 3.8760072468652445e-37,
        "autoFocusRangeCoef": 1.036187491365581e-08
    },
    "ps5": {
        "cameraVerStickyRatio": -0.12051815539598465,
        "autoFocusHorSpeed": 3.492035773097444e-42,
        "autoFocusVerSpeed": 0.0
    },
    "pc": {}
}