{
    "1248": {
        "HNJFJDKGJBF": 7.03818745080957e-38
    },
    "508124800": {
        "BKDFLKPBLJH": 1,
        "HNJFJDKGJBF": 0.000171847699675709
    },
    "27": {
        "HNJFJDKGJBF": 3.7297751577144806e-34,
        "LEJFHCBCDEG": 0.0
    },
    "0": {},
    "25": {
        "cd": -1.0700593692443178e-15,
        "LEJFHCBCDEG": 1.1794392862590547e-39,
        "PHFIMIHOBGN": 0.0
    }
}