{
    "DCDONFMODMK": 3208,
    "OJNFEMFCOFI": {
        "y": 7.038186890290184e-38
    },
    "JIIENOEBEFK": {},
    "CBHMNBOEHFG": {
        "x": 9.625476551973853e-38,
        "y": 6.482852032974051e-10,
        "z": -2.454656478079187e-10
    },
    "scale": {
        "x": 1.401298464324817e-44,
        "y": 0.0
    }
}