{
    "ps4": {
        "GOEMOJKENFK": -6.66956730701489e-24
    },
    "ps5": {
        "BONOEOGJFEO": -5591007744.0,
        "AKHFOICECLP": 9.625476551973853e-38,
        "PLCDKELFFFE": 6.482852032974051e-10,
        "GOEMOJKENFK": -2.454656478079187e-10,
        "DIMCCNKEAMI": 3.905418820073265e-42,
        "EEKMBHLPNCD": 0.0
    },
    "pc": {}
}