{
    "ps4": {
        "autoFocusVerSpeed": -6.66957204018032e-24
    },
    "ps5": {
        "cameraHorMoveSpeed": -4999342456832.0,
        "cameraVerMoveSpeed": 9.625476551973853e-38,
        "cameraHorStickyRatio": 6.410234565379369e-10,
        "cameraVerStickyRatio": -357.26708984375,
        "autoFocusHorSpeed": 4.168862931366331e-42,
        "autoFocusVerSpeed": 0.0
    },
    "pc": {}
}