{
    "ps4": {
        "EEKMBHLPNCD": -6.66957204018032e-24
    },
    "ps5": {
        "BONOEOGJFEO": -4999342456832.0,
        "AKHFOICECLP": 9.625476551973853e-38,
        "PLCDKELFFFE": 6.410234565379369e-10,
        "GOEMOJKENFK": -357.26708984375,
        "DIMCCNKEAMI": 4.168862931366331e-42,
        "EEKMBHLPNCD": 0.0
    },
    "pc": {}
}