{
    "2001": {
        "CCNPABODAPO": 7.03818745080957e-38
    },
    "508200100": {
        "NHPKGHAHIFA": 1,
        "CCNPABODAPO": 6.410234565379369e-10
    },
    "25": {
        "CCNPABODAPO": 0.0,
        "OHCPDFPNLEP": -6.617444900424222e-24,
        "ELHFJNEOHMK": -1.268531380129644e-27,
        "EBEKKNCJBLL": 3.876012179435839e-37,
        "LJBAOBHBMNE": true,
        "BKCOJDIDEGN": "4002",
        "PALGNLHFNIC": true
    },
    "-5976297": {},
    "0": {}
}