{
    "2002": {
        "MONCHHKIDKL": 7.03818745080957e-38
    },
    "508200200": {
        "NHPKGHAHIFA": 1,
        "MONCHHKIDKL": 6.410234565379369e-10
    },
    "26": {
        "MONCHHKIDKL": 0.0,
        "ENAACOOHHIF": -6.617444900424222e-24
    },
    "-96": {
        "NHPKGHAHIFA": -2,
        "IEMJAEEIGEC": 6.548931397176716e-10,
        "ENAACOOHHIF": -20696891392.0,
        "CJMPLLJEGPG": 1.0046609339976776e-39
    },
    "0": {}
}