{
  "enable": true,
  "KANFCOALFMG": {
    "744": {
      "DPFBMBMHOLN": 1759,
      "JHHAJAKKDLK": -7.917891937365789e-17
    },
    "-28": {
      "DPFBMBMHOLN": -481,
      "INJHCIGEGOA": 5.401280403137207,
      "GFMBKOHMNGI": 7.56043846195098e-07
    },
    "32": {},
    "-4087": {},
    "-1": {
      "DPFBMBMHOLN": 20039
    },
    "122": {
      "DPFBMBMHOLN": 2
    }
  }
}