{
  "enable": true,
  "MMBNFHDJDHA": {
    "744": {
      "HJNKKHHPLDO": 1759,
      "OHOGDHFKIAH": -7.917891937365789e-17
    },
    "-28": {
      "HJNKKHHPLDO": -481,
      "ELBABBBODCK": 5.401280403137207,
      "OHIMAAHOION": 7.56043846195098e-07
    },
    "32": {},
    "-4087": {},
    "-1": {
      "HJNKKHHPLDO": 20039
    },
    "122": {
      "HJNKKHHPLDO": 2
    }
  }
}