{
  "enable": true,
  "NEGNHIOEBHM": {
    "744": {
      "JBGIGAHNNOD": 1759,
      "LPIHEHPJDHB": -7.917891937365789e-17
    },
    "-28": {
      "JBGIGAHNNOD": -481,
      "GGHHNNGOJNL": 5.401280403137207,
      "NJGKBENKEBH": 7.56043846195098e-07
    },
    "32": {},
    "-4087": {},
    "-1": {
      "JBGIGAHNNOD": 20039
    },
    "15655": {
      "JBGIGAHNNOD": 2
    }
  }
}