{
    "CLBJAOMALGN": 1000.0,
    "GDNOOPJCEAE": -500.0,
    "LMCMLKOHDBN": [
        {
            "BCGHGFKKLOO": 0,
            "HACIEJDADKM": 0,
            "EGBMEKLKNKN": {
                "y": -1.6615484635187723e+35,
                "z": -1.0339998012969905e-25
            }
        },
        {
            "EGBMEKLKNKN": {
                "x": -1200.0,
                "y": -500.0,
                "z": -1200.0
            }
        },
        {
            "BCGHGFKKLOO": 0,
            "HACIEJDADKM": 0,
            "EGBMEKLKNKN": {
                "y": -1.661573816530777e+35,
                "z": -4398148747264.0
            }
        },
        {
            "EGBMEKLKNKN": {
                "x": 1200.0,
                "y": -500.0,
                "z": 1700.0
            }
        }
    ]
}