{
    "HEDNGAFFKIA": 1000.0,
    "BFMAHJFHGBJ": -500.0,
    "LLIFLGGDGJK": [
        {
            "OHGIJNLMIAM": 0,
            "GIBHHJGDJMD": 0,
            "AJKIHFONAJN": {
                "y": -1.6615484635187723e+35,
                "z": -1.0339998012969905e-25
            }
        },
        {
            "AJKIHFONAJN": {
                "x": -1200.0,
                "y": -500.0,
                "z": -1200.0
            }
        },
        {
            "OHGIJNLMIAM": 0,
            "GIBHHJGDJMD": 0,
            "AJKIHFONAJN": {
                "y": -1.661573816530777e+35,
                "z": -4398148747264.0
            }
        },
        {
            "AJKIHFONAJN": {
                "x": 1200.0,
                "y": -500.0,
                "z": 1700.0
            }
        }
    ]
}