{
    "PIILJOBEOMK": 1000.0,
    "EIAHMJCPANG": -500.0,
    "OIPNFKHGEKD": [
        {
            "HDENJMDIHFD": 0,
            "MEHOICDHHOD": 0,
            "CEJCNDPKOIE": {
                "y": -1.6615484635187723e+35,
                "z": -1.0339998012969905e-25
            }
        },
        {
            "CEJCNDPKOIE": {
                "x": -1200.0,
                "y": -500.0,
                "z": -1200.0
            }
        },
        {
            "HDENJMDIHFD": 0,
            "MEHOICDHHOD": 0,
            "CEJCNDPKOIE": {
                "y": -1.661573816530777e+35,
                "z": -4398148747264.0
            }
        },
        {
            "CEJCNDPKOIE": {
                "x": 1200.0,
                "y": -500.0,
                "z": 1700.0
            }
        }
    ]
}