{
    "id": 1085031,
    "AHGMGBHNLON": [
        4194557
    ],
    "IIJKEEGOKMC": [
        {
            "stateID": 1085009,
            "GJAPNKGKOEE": 100.0,
            "IPHJGCMOIAI": {
                "r": 0.9646999835968018,
                "g": 0.8313999772071838,
                "b": 0.63919997215271,
                "a": 1.0
            },
            "OHAGJHMJCBA": 1.0
        }
    ]
}