{
  "id": 1085031,
  "JGMLGNOHGDL": [
    4194557
  ],
  "LKKKBCPOLPL": [
    {
      "stateID": 1085009,
      "PGPMANHLGJC": 100.0,
      "color": {
        "r": 0.9646999835968018,
        "g": 0.8313999772071838,
        "b": 0.63919997215271,
        "a": 1.0
      },
      "JCJDBMGIFDC": 1.0
    }
  ]
}