{
  "id": 1085031,
  "LFODPCBJIJC": [
    4194557
  ],
  "PHDNBPIPKCJ": [
    {
      "stateID": 1085009,
      "KJCPJBMDNAP": 100.0,
      "color": {
        "r": 0.9646999835968018,
        "g": 0.8313999772071838,
        "b": 0.63919997215271,
        "a": 1.0
      },
      "HEAJCNNPFDM": 1.0
    }
  ]
}