{
  "id": 1085031,
  "KKMONDGAGKP": [
    4194557
  ],
  "AACMMHBFIML": [
    {
      "stateID": 1085009,
      "GJFHCKCBDID": 100.0,
      "color": {
        "r": 0.9646999835968018,
        "g": 0.8313999772071838,
        "b": 0.63919997215271,
        "a": 1.0
      },
      "CKJGENBOAGD": 1.0
    }
  ]
}