{
    "id": 1085031,
    "CNGKJKBLBPC": [
        4194557
    ],
    "KEDLOCJGPGI": [
        {
            "stateID": 1085009,
            "CENMDGPDJPD": 100.0,
            "DJANDKEJGFB": {
                "r": 0.9646999835968018,
                "g": 0.8313999772071838,
                "b": 0.63919997215271,
                "a": 1.0
            },
            "DIMDKLAHLHA": 1.0
        }
    ]
}