{
    "id": 1085031,
    "IMFPOJPGIFN": [
        4194557
    ],
    "HNEEEJAPICF": [
        {
            "GEAPDIDEKFG": 1085009,
            "CMGBFIKDJDE": 100.0,
            "JANNADIOCPM": {
                "r": 0.9646999835968018,
                "g": 0.8313999772071838,
                "b": 0.63919997215271,
                "a": 1.0
            },
            "FLMFPPGIOPL": 1.0
        }
    ]
}