{
    "id": 1085031,
    "IPEGAECOAGN": [
        4194557
    ],
    "HDJKHJGEPHL": [
        {
            "stateID": 1085009,
            "BNBGHDEFDNC": 100.0,
            "PPBFDJDJDCD": {
                "r": 0.9646999835968018,
                "g": 0.8313999772071838,
                "b": 0.63919997215271,
                "a": 1.0
            },
            "NFFIEDNOPHP": 1.0
        }
    ]
}