{
    "id": 1085031,
    "CDEGPGBDEJE": [
        4194557
    ],
    "MCFMLIDMFEM": [
        {
            "stateID": 1085009,
            "EKIAHFKIMEO": 100.0,
            "NDKDCIGLHJM": {
                "r": 0.9646999835968018,
                "g": 0.8313999772071838,
                "b": 0.63919997215271,
                "a": 1.0
            },
            "KGNGNAHJAEP": 1.0
        }
    ]
}