{
    "AEPKAFFJKAG": 33501,
    "FNFADHDELGE": [
        {
            "LAFAKLPCIGN": 3350101,
            "IJKDDEEEJLA": [
                {
                    "pos": {
                        "x": 3731.2763671875,
                        "y": 331.1461181640625,
                        "z": 4982.486328125
                    },
                    "shape": {
                        "$type": "BKEMHMCCJDJ",
                        "FMMJOMDHOKK": true,
                        "height": 192.18467712402344,
                        "NNJNOCOPONH": "Center",
                        "width": 283.1978759765625,
                        "length": 220.24880981445312
                    }
                },
                {
                    "pos": {
                        "x": 3559.97412109375,
                        "y": 299.97283935546875,
                        "z": 4957.0869140625
                    },
                    "rot": {
                        "x": 15.394615173339844
                    },
                    "shape": {
                        "$type": "GPPNLKBMBMC",
                        "FMMJOMDHOKK": true,
                        "height": 55.15035629272461,
                        "width": 80.70159912109375,
                        "length": 112.03970336914062
                    }
                }
            ]
        },
        {
            "LAFAKLPCIGN": 3350102,
            "IJKDDEEEJLA": [
                {
                    "pos": {
                        "x": 3731.2763671875,
                        "y": 331.1461181640625,
                        "z": 4982.486328125
                    },
                    "shape": {
                        "$type": "BKEMHMCCJDJ",
                        "FMMJOMDHOKK": true,
                        "height": 192.18467712402344,
                        "NNJNOCOPONH": "Center",
                        "width": 283.1978759765625,
                        "length": 220.24880981445312
                    }
                },
                {
                    "pos": {
                        "x": 3559.97412109375,
                        "y": 299.97283935546875,
                        "z": 4957.0869140625
                    },
                    "rot": {
                        "x": 15.394615173339844
                    },
                    "shape": {
                        "$type": "GPPNLKBMBMC",
                        "FMMJOMDHOKK": true,
                        "height": 55.15035629272461,
                        "width": 80.70159912109375,
                        "length": 112.03970336914062
                    }
                }
            ]
        },
        {
            "LAFAKLPCIGN": 3350103,
            "IJKDDEEEJLA": [
                {
                    "pos": {
                        "x": 3856.0546875,
                        "y": -140.13462829589844,
                        "z": 4846.765625
                    },
                    "shape": {
                        "$type": "OMNKHPLOBDP",
                        "FMMJOMDHOKK": true,
                        "height": 101.68595886230469,
                        "radius": 134.65200805664062
                    }
                }
            ]
        },
        {
            "LAFAKLPCIGN": 3350104,
            "IJKDDEEEJLA": [
                {
                    "pos": {
                        "x": 3829.009033203125,
                        "y": -547.8323974609375,
                        "z": 4650.837890625
                    },
                    "rot": {
                        "y": 14.203813552856445
                    },
                    "shape": {
                        "$type": "BKEMHMCCJDJ",
                        "FMMJOMDHOKK": true,
                        "height": 183.5087127685547,
                        "NNJNOCOPONH": "Center",
                        "width": 455.44256591796875,
                        "length": 256.7236022949219
                    }
                }
            ]
        },
        {
            "LAFAKLPCIGN": 3350105,
            "IJKDDEEEJLA": [
                {
                    "pos": {
                        "x": 3829.009033203125,
                        "y": -547.8323974609375,
                        "z": 4650.837890625
                    },
                    "rot": {
                        "y": 14.203813552856445
                    },
                    "shape": {
                        "$type": "BKEMHMCCJDJ",
                        "FMMJOMDHOKK": true,
                        "height": 183.5087127685547,
                        "NNJNOCOPONH": "Center",
                        "width": 455.44256591796875,
                        "length": 256.7236022949219
                    }
                }
            ]
        },
        {
            "LAFAKLPCIGN": 3350106,
            "IJKDDEEEJLA": [
                {
                    "pos": {
                        "x": 3829.009033203125,
                        "y": -547.8323974609375,
                        "z": 4650.837890625
                    },
                    "rot": {
                        "y": 14.203813552856445
                    },
                    "shape": {
                        "$type": "BKEMHMCCJDJ",
                        "FMMJOMDHOKK": true,
                        "height": 183.5087127685547,
                        "NNJNOCOPONH": "Center",
                        "width": 455.44256591796875,
                        "length": 256.7236022949219
                    }
                }
            ]
        }
    ],
    "minArea": {
        "x": 3519.62353515625,
        "y": -639.5867309570312,
        "z": 4470.52392578125
    },
    "maxArea": {
        "x": 4081.26513671875,
        "y": 427.23846435546875,
        "z": 5092.61083984375
    }
}