{
    "-10": {
        "speedLevel": 51,
        "fadeoutBeginTime": 7.2064696748654245e+31,
        "LABODBCBCFB": 4.357298924397019e+27
    },
    "-49": {
        "speedLevel": -51,
        "turnSpeedOverride": 6.708316558751399e+22,
        "fadeoutBeginTime": -2.507648890893775e-32,
        "LDEIPKCCHCP": 1.7131035512499553e-29,
        "LABODBCBCFB": 1.5163878919269543e-36
    },
    "476224977": {
        "turnSpeedOverride": 9.477998296394452e-38
    }
}