{
    "AEPKAFFJKAG": 34105,
    "FNFADHDELGE": [
        {
            "LAFAKLPCIGN": 3410501,
            "IJKDDEEEJLA": [
                {
                    "pos": {
                        "x": 1608.9676513671875,
                        "y": 229.99868774414062,
                        "z": 1490.40771484375
                    },
                    "rot": {
                        "y": 24.930072784423828
                    },
                    "shape": {
                        "$type": "BKEMHMCCJDJ",
                        "FMMJOMDHOKK": true,
                        "height": 12.775157928466797,
                        "NNJNOCOPONH": "Center",
                        "width": 15.867846488952637,
                        "length": 20.455686569213867
                    }
                },
                {
                    "pos": {
                        "x": 1582.31005859375,
                        "y": 233.80712890625,
                        "z": 1504.757568359375
                    },
                    "rot": {
                        "y": 9.197442054748535
                    },
                    "shape": {
                        "$type": "BKEMHMCCJDJ",
                        "FMMJOMDHOKK": true,
                        "height": 56.0,
                        "NNJNOCOPONH": "Center",
                        "width": 77.58379364013672,
                        "length": 100.0
                    }
                },
                {
                    "pos": {
                        "x": 1604.335693359375,
                        "y": 226.0091094970703,
                        "z": 1565.7410888671875
                    },
                    "shape": {
                        "$type": "BKEMHMCCJDJ",
                        "FMMJOMDHOKK": true,
                        "height": 30.0,
                        "NNJNOCOPONH": "Center",
                        "width": 35.0,
                        "length": 38.565162658691406
                    }
                },
                {
                    "pos": {
                        "x": 1612.2708740234375,
                        "y": 231.9520263671875,
                        "z": 1586.2833251953125
                    },
                    "rot": {
                        "y": 316.5552062988281
                    },
                    "shape": {
                        "$type": "BKEMHMCCJDJ",
                        "FMMJOMDHOKK": true,
                        "height": 15.0,
                        "NNJNOCOPONH": "Center",
                        "width": 35.76409149169922,
                        "length": 16.809188842773438
                    }
                }
            ]
        }
    ],
    "minArea": {
        "x": 1536.0250244140625,
        "y": 205.80712890625,
        "z": 1449.199951171875
    },
    "maxArea": {
        "x": 1631.0333251953125,
        "y": 261.80712890625,
        "z": 1604.681884765625
    }
}