{
    "ANFBOBADJEF": {
        "373602": {
            "GKIEOPFECMN": 3,
            "DDINPCHJOOM": 3.200000047683716,
            "ECEICJLKPOL": 1.2000000476837158,
            "FEMOECMBIMD": 201,
            "DILOLDADJHH": 0.800000011920929,
            "HBCCALMKEIO": {
                "1": [
                    {
                        "position": {
                            "y": 0.699999988079071,
                            "z": 1.5
                        }
                    }
                ],
                "2": [
                    {
                        "position": {
                            "y": 1.350000023841858,
                            "z": -1.5
                        },
                        "rotation": {
                            "y": 180.0
                        }
                    }
                ],
                "3": [
                    {
                        "position": {
                            "y": 2.0,
                            "z": 1.5
                        }
                    }
                ]
            }
        }
    }
}