{
  "1": {
    "AHJBLNNKMHN": 0.5,
    "COPPJNAECOC": 48.0,
    "ONAJKEKDFIA": 0.0,
    "MADIANOJGAE": 0.0,
    "DDIMILAHBFP": 25.0,
    "DEFIPGIEANJ": -5.0,
    "GKOCICAEOJM": 12.0,
    "HMKMLMFJMLI": true,
    "NOIFNANAPIB": true
  },
  "8": {
    "AHJBLNNKMHN": 0.20000000298023224,
    "ONAJKEKDFIA": 0.699999988079071,
    "MADIANOJGAE": -7.0,
    "DDIMILAHBFP": 0.0,
    "DEFIPGIEANJ": 0.0,
    "GKOCICAEOJM": 0.10000000149011612,
    "HMKMLMFJMLI": true
  },
  "9": {
    "AHJBLNNKMHN": 0.4000000059604645,
    "DDIMILAHBFP": 0.0,
    "DEFIPGIEANJ": 0.0,
    "GKOCICAEOJM": 0.10000000149011612,
    "HMKMLMFJMLI": true
  },
  "10": {
    "JLMGMHLOPKL": 10.0,
    "AHJBLNNKMHN": 0.10000000149011612,
    "COPPJNAECOC": 150.0,
    "ONAJKEKDFIA": 0.30000001192092896,
    "MADIANOJGAE": -10.0,
    "DDIMILAHBFP": 0.0,
    "DEFIPGIEANJ": 0.0,
    "GKOCICAEOJM": 0.10000000149011612,
    "HMKMLMFJMLI": true
  },
  "11": {
    "JLMGMHLOPKL": 10.0,
    "AHJBLNNKMHN": 0.10000000149011612,
    "COPPJNAECOC": 200.0,
    "ONAJKEKDFIA": 0.5,
    "MADIANOJGAE": -1.0,
    "DDIMILAHBFP": 0.0,
    "DEFIPGIEANJ": 0.0,
    "GKOCICAEOJM": 0.10000000149011612,
    "HMKMLMFJMLI": true
  }
}