{
  "1": {
    "LEFILKDNLML": 0.5,
    "PDAAEPJLEMA": 48.0,
    "LJLHPOJBCAL": 0.0,
    "DKKLGCBCJIE": 0.0,
    "FNFAFAKBLON": 25.0,
    "DOKEAJCBJFB": -5.0,
    "HCAPJEOHCNB": 12.0,
    "MDLKLEIMAPB": true,
    "FBPLCPKHIGL": true
  },
  "8": {
    "LEFILKDNLML": 0.20000000298023224,
    "LJLHPOJBCAL": 0.699999988079071,
    "DKKLGCBCJIE": -7.0,
    "FNFAFAKBLON": 0.0,
    "DOKEAJCBJFB": 0.0,
    "HCAPJEOHCNB": 0.10000000149011612,
    "MDLKLEIMAPB": true
  },
  "9": {
    "LEFILKDNLML": 0.4000000059604645,
    "FNFAFAKBLON": 0.0,
    "DOKEAJCBJFB": 0.0,
    "HCAPJEOHCNB": 0.10000000149011612,
    "MDLKLEIMAPB": true
  },
  "10": {
    "MGPDHLAFJJO": 10.0,
    "LEFILKDNLML": 0.10000000149011612,
    "PDAAEPJLEMA": 150.0,
    "LJLHPOJBCAL": 0.30000001192092896,
    "DKKLGCBCJIE": -10.0,
    "FNFAFAKBLON": 0.0,
    "DOKEAJCBJFB": 0.0,
    "HCAPJEOHCNB": 0.10000000149011612,
    "MDLKLEIMAPB": true
  },
  "11": {
    "MGPDHLAFJJO": 10.0,
    "LEFILKDNLML": 0.10000000149011612,
    "PDAAEPJLEMA": 200.0,
    "LJLHPOJBCAL": 0.5,
    "DKKLGCBCJIE": -1.0,
    "FNFAFAKBLON": 0.0,
    "DOKEAJCBJFB": 0.0,
    "HCAPJEOHCNB": 0.10000000149011612,
    "MDLKLEIMAPB": true
  }
}