{
  "1": {
    "FBDNFKOHIGI": 0.5,
    "CGDGGNKGHFA": 48.0,
    "BPNHPLCLNLB": 0.0,
    "EEJLFLEFJND": 0.0,
    "BEAMJMKHDFM": 25.0,
    "IPGBLLFFBAI": -5.0,
    "ADAIAGABFIN": 12.0,
    "MPHMLMPNLKB": true,
    "GOECBLGNHFP": true
  },
  "8": {
    "FBDNFKOHIGI": 0.20000000298023224,
    "BPNHPLCLNLB": 0.699999988079071,
    "EEJLFLEFJND": -7.0,
    "BEAMJMKHDFM": 0.0,
    "IPGBLLFFBAI": 0.0,
    "ADAIAGABFIN": 0.10000000149011612,
    "MPHMLMPNLKB": true
  },
  "9": {
    "FBDNFKOHIGI": 0.4000000059604645,
    "BEAMJMKHDFM": 0.0,
    "IPGBLLFFBAI": 0.0,
    "ADAIAGABFIN": 0.10000000149011612,
    "MPHMLMPNLKB": true
  },
  "10": {
    "NPJOKINGOJF": 10.0,
    "FBDNFKOHIGI": 0.10000000149011612,
    "CGDGGNKGHFA": 150.0,
    "BPNHPLCLNLB": 0.30000001192092896,
    "EEJLFLEFJND": -10.0,
    "BEAMJMKHDFM": 0.0,
    "IPGBLLFFBAI": 0.0,
    "ADAIAGABFIN": 0.10000000149011612,
    "MPHMLMPNLKB": true
  },
  "11": {
    "NPJOKINGOJF": 10.0,
    "FBDNFKOHIGI": 0.10000000149011612,
    "CGDGGNKGHFA": 200.0,
    "BPNHPLCLNLB": 0.5,
    "EEJLFLEFJND": -1.0,
    "BEAMJMKHDFM": 0.0,
    "IPGBLLFFBAI": 0.0,
    "ADAIAGABFIN": 0.10000000149011612,
    "MPHMLMPNLKB": true
  }
}