{
  "-1": {
    "IKHBHFNPNOC": 0.5,
    "cd": 48.0,
    "APBABKJLEKC": 0.0,
    "JEGCKMFMGAD": 0.0,
    "FPIKAGMODOO": 0,
    "FJMDBFNOMAI": 0,
    "HGPCEMKJLCE": 2.359786613922992e-41,
    "JGNHALHLAIF": 6.910082987278538e-41,
    "JHCMELKLJKJ": 2.3740372587857896e-38
  }
}