{
    "834661416": {},
    "0": {
        "KFNLDBDLLPD": 7.675696883646665e-12,
        "HFICHNKEJDJ": -0.011980046518146992
    },
    "-2": {
        "MEGHPNJEKJN": 33,
        "KFNLDBDLLPD": 592.838623046875,
        "LJDOFCOONKB": 0.003328742226585746,
        "HFICHNKEJDJ": -0.031733766198158264
    },
    "33": {
        "LJDOFCOONKB": 1.473927800500844e-34,
        "HFICHNKEJDJ": 643.124755859375
    },
    "48": {
        "KFNLDBDLLPD": -9.974116151427081e+26
    },
    "-4325": {
        "MEGHPNJEKJN": 14,
        "KFNLDBDLLPD": -200837.359375,
        "LJDOFCOONKB": 9.841615260499505e-27
    },
    "-52": {
        "KFNLDBDLLPD": -0.23733238875865936,
        "LJDOFCOONKB": -0.15162719786167145,
        "HFICHNKEJDJ": -3.2504905950932022e+22
    },
    "4302": {
        "MEGHPNJEKJN": 777584,
        "KFNLDBDLLPD": 1.2144088401555564e-08,
        "LJDOFCOONKB": -2.5014585613181924e-30
    },
    "-34": {
        "MEGHPNJEKJN": -28,
        "KFNLDBDLLPD": 49.10463333129883,
        "LJDOFCOONKB": -4.657123645301908e-05
    },
    "-51": {
        "MEGHPNJEKJN": 34
    }
}