{
    "834661416": {},
    "0": {
        "landingAngleMax": 7.675696883646665e-12,
        "landingTerrainAltitude": -0.011980046518146992
    },
    "-2": {
        "speedLevel": 33,
        "landingAngleMax": 592.838623046875,
        "landingAngleMin": 0.003328742226585746,
        "landingTerrainAltitude": -0.031733766198158264
    },
    "33": {
        "landingAngleMin": 1.473927800500844e-34,
        "landingTerrainAltitude": 643.124755859375
    },
    "48": {
        "landingAngleMax": -9.974116151427081e+26
    },
    "-4325": {
        "speedLevel": 14,
        "landingAngleMax": -200837.359375,
        "landingAngleMin": 9.841615260499505e-27
    },
    "-52": {
        "landingAngleMax": -0.23733238875865936,
        "landingAngleMin": -0.15162719786167145,
        "landingTerrainAltitude": -3.2504905950932022e+22
    },
    "4302": {
        "speedLevel": 777584,
        "landingAngleMax": 1.2144088401555564e-08,
        "landingAngleMin": -2.5014585613181924e-30
    },
    "-34": {
        "speedLevel": -28,
        "landingAngleMax": 49.10463333129883,
        "landingAngleMin": -4.657123645301908e-05
    },
    "-51": {
        "speedLevel": 34
    }
}