{
    "834661416": {},
    "0": {
        "JMJOEGHMGMP": 7.675696883646665e-12,
        "CFDFBDCEOFD": -0.011980046518146992
    },
    "-2": {
        "BKDFLKPBLJH": 33,
        "JMJOEGHMGMP": 592.838623046875,
        "JHMJDJINNDC": 0.003328742226585746,
        "CFDFBDCEOFD": -0.031733766198158264
    },
    "33": {
        "JHMJDJINNDC": 1.473927800500844e-34,
        "CFDFBDCEOFD": 643.124755859375
    },
    "48": {
        "JMJOEGHMGMP": -9.974116151427081e+26
    },
    "-4325": {
        "BKDFLKPBLJH": 14,
        "JMJOEGHMGMP": -200837.359375,
        "JHMJDJINNDC": 9.841615260499505e-27
    },
    "-52": {
        "JMJOEGHMGMP": -0.23733238875865936,
        "JHMJDJINNDC": -0.15162719786167145,
        "CFDFBDCEOFD": -3.2504905950932022e+22
    },
    "4302": {
        "BKDFLKPBLJH": 777584,
        "JMJOEGHMGMP": 1.2144088401555564e-08,
        "JHMJDJINNDC": -2.5014585613181924e-30
    },
    "-34": {
        "BKDFLKPBLJH": -28,
        "JMJOEGHMGMP": 49.10463333129883,
        "JHMJDJINNDC": -4.657123645301908e-05
    },
    "-51": {
        "BKDFLKPBLJH": 34
    }
}