{
    "834661416": {},
    "0": {
        "KPBDJNIPFPP": 7.675696883646665e-12,
        "KFOJKBALNIC": -0.011980046518146992
    },
    "-2": {
        "KIHPEPHJMOG": 33,
        "KPBDJNIPFPP": 592.838623046875,
        "AFLKCLJPIEH": 0.003328742226585746,
        "KFOJKBALNIC": -0.031733766198158264
    },
    "33": {
        "AFLKCLJPIEH": 1.473927800500844e-34,
        "KFOJKBALNIC": 643.124755859375
    },
    "48": {
        "KPBDJNIPFPP": -9.974116151427081e+26
    },
    "-4325": {
        "KIHPEPHJMOG": 14,
        "KPBDJNIPFPP": -200837.359375,
        "AFLKCLJPIEH": 9.841615260499505e-27
    },
    "-52": {
        "KPBDJNIPFPP": -0.23733238875865936,
        "AFLKCLJPIEH": -0.15162719786167145,
        "KFOJKBALNIC": -3.2504905950932022e+22
    },
    "4302": {
        "KIHPEPHJMOG": 777584,
        "KPBDJNIPFPP": 1.2144088401555564e-08,
        "AFLKCLJPIEH": -2.5014585613181924e-30
    },
    "-34": {
        "KIHPEPHJMOG": -28,
        "KPBDJNIPFPP": 49.10463333129883,
        "AFLKCLJPIEH": -4.657123645301908e-05
    },
    "-51": {
        "KIHPEPHJMOG": 34
    }
}