{
    "834661416": {},
    "0": {
        "KFDAAODFGGE": 7.675696883646665e-12,
        "BAJPHKFLKHB": -0.011980046518146992
    },
    "-2": {
        "NHPKGHAHIFA": 33,
        "KFDAAODFGGE": 592.838623046875,
        "DOKCMEPOIBC": 0.003328742226585746,
        "BAJPHKFLKHB": -0.031733766198158264
    },
    "33": {
        "DOKCMEPOIBC": 1.473927800500844e-34,
        "BAJPHKFLKHB": 643.124755859375
    },
    "48": {
        "KFDAAODFGGE": -9.974116151427081e+26
    },
    "-4325": {
        "NHPKGHAHIFA": 14,
        "KFDAAODFGGE": -200837.359375,
        "DOKCMEPOIBC": 9.841615260499505e-27
    },
    "-52": {
        "KFDAAODFGGE": -0.23733238875865936,
        "DOKCMEPOIBC": -0.15162719786167145,
        "BAJPHKFLKHB": -3.2504905950932022e+22
    },
    "4302": {
        "NHPKGHAHIFA": 777584,
        "KFDAAODFGGE": 1.2144088401555564e-08,
        "DOKCMEPOIBC": -2.5014585613181924e-30
    },
    "-34": {
        "NHPKGHAHIFA": -28,
        "KFDAAODFGGE": 49.10463333129883,
        "DOKCMEPOIBC": -4.657123645301908e-05
    },
    "-51": {
        "NHPKGHAHIFA": 34
    }
}