{
    "id": 3401,
    "KOCMMKFMMMA": [
        {
            "pos": {
                "x": 2476.85986328125,
                "y": 252.2375030517578,
                "z": 5006.486328125
            },
            "rot": {
                "y": 53.64339065551758
            },
            "shape": {
                "$type": "NENJBOLIMHI",
                "DDJAPBKMFHK": true,
                "height": 46.01755905151367,
                "CEJBIGAKPDG": "Center",
                "width": 72.5270004272461,
                "length": 116.77727508544922
            }
        },
        {
            "pos": {
                "x": 2433.011474609375,
                "y": 248.57412719726562,
                "z": 4990.5390625
            },
            "rot": {
                "y": 319.19122314453125
            },
            "shape": {
                "$type": "NENJBOLIMHI",
                "DDJAPBKMFHK": true,
                "height": 28.422607421875,
                "CEJBIGAKPDG": "Center",
                "width": 51.83721160888672,
                "length": 17.77344512939453
            }
        }
    ],
    "BEFDGNHALBH": [
        {
            "id": 34010001,
            "type": "REGION_ENTRANCE",
            "pos": {
                "x": 2415.5361328125,
                "y": 248.7239532470703,
                "z": 4977.20361328125
            },
            "LCPFEPOFHGN": "LOGIC_AND",
            "CGHPEGECFMD": 4294967295,
            "AFDHFAJPGMA": 4294967295
        }
    ],
    "DENGLHDNJHH": true,
    "KCHJLAHIGAD": [
        {
            "id": 34010001,
            "type": "REGION_ENTRANCE",
            "pos": {
                "x": 2415.5361328125,
                "y": 248.7239532470703,
                "z": 4977.20361328125
            },
            "LCPFEPOFHGN": "LOGIC_AND",
            "CGHPEGECFMD": 4294967295,
            "AFDHFAJPGMA": 4294967295
        }
    ]
}