{
    "AEPKAFFJKAG": 32707,
    "FNFADHDELGE": [
        {
            "LAFAKLPCIGN": 3270701,
            "IJKDDEEEJLA": [
                {
                    "pos": {
                        "x": -2897.5625,
                        "y": 221.2370147705078,
                        "z": 5942.994140625
                    },
                    "rot": {
                        "y": 60.000003814697266
                    },
                    "shape": {
                        "$type": "BKEMHMCCJDJ",
                        "FMMJOMDHOKK": true,
                        "height": 11.576645851135254,
                        "NNJNOCOPONH": "Center",
                        "width": 11.204833984375,
                        "length": 12.56811809539795
                    }
                },
                {
                    "pos": {
                        "x": -2792.4208984375,
                        "y": 189.84405517578125,
                        "z": 5966.6630859375
                    },
                    "shape": {
                        "$type": "BKEMHMCCJDJ",
                        "FMMJOMDHOKK": true,
                        "height": 74.511962890625,
                        "NNJNOCOPONH": "Center",
                        "width": 166.8448944091797,
                        "length": 91.92227935791016
                    }
                },
                {
                    "pos": {
                        "x": -2816.3056640625,
                        "y": 184.9789276123047,
                        "z": 5906.26904296875
                    },
                    "shape": {
                        "$type": "BKEMHMCCJDJ",
                        "FMMJOMDHOKK": true,
                        "height": 67.52545928955078,
                        "NNJNOCOPONH": "Center",
                        "width": 54.18094253540039,
                        "length": 41.81914520263672
                    }
                },
                {
                    "pos": {
                        "x": -2682.439453125,
                        "y": 185.13998413085938,
                        "z": 5933.384765625
                    },
                    "shape": {
                        "$type": "BKEMHMCCJDJ",
                        "FMMJOMDHOKK": true,
                        "height": 83.05543518066406,
                        "NNJNOCOPONH": "Center",
                        "width": 61.607948303222656,
                        "length": 13.343297958374023
                    }
                },
                {
                    "pos": {
                        "x": -2683.11474609375,
                        "y": 183.0042266845703,
                        "z": 5944.3837890625
                    },
                    "shape": {
                        "$type": "BKEMHMCCJDJ",
                        "FMMJOMDHOKK": true,
                        "height": 88.04893493652344,
                        "NNJNOCOPONH": "Center",
                        "width": 58.30559539794922,
                        "length": 16.43716049194336
                    }
                },
                {
                    "pos": {
                        "x": -2704.56982421875,
                        "y": 169.054443359375,
                        "z": 5957.228515625
                    },
                    "shape": {
                        "$type": "BKEMHMCCJDJ",
                        "FMMJOMDHOKK": true,
                        "height": 30.55670166015625,
                        "NNJNOCOPONH": "Center",
                        "width": 14.213289260864258,
                        "length": 9.562509536743164
                    }
                }
            ]
        }
    ],
    "minArea": {
        "x": -2905.80615234375,
        "y": 138.97976684570312,
        "z": 5885.359375
    },
    "maxArea": {
        "x": -2651.63525390625,
        "y": 227.10003662109375,
        "z": 6012.6240234375
    }
}