{
    "IndoorScene_Fd_Dyz_Indoor2F_01_Inside_Ve": {
        "$type": "OMNKHPLOBDP",
        "FMMJOMDHOKK": true,
        "height": 36.95695877075195,
        "radius": 12.412829399108887
    }
}