{
    "id": 1085025,
    "CNGKJKBLBPC": [
        4194508,
        4194564,
        4194651,
        4194653
    ],
    "KEDLOCJGPGI": [
        {
            "stateID": 1085007,
            "CENMDGPDJPD": 100.0,
            "DJANDKEJGFB": {
                "r": 0.63919997215271,
                "g": 0.8392000198364258,
                "b": 0.9764999747276306,
                "a": 0.40779998898506165
            },
            "DIMDKLAHLHA": 1.0
        }
    ]
}