{
  "id": 1085025,
  "JGMLGNOHGDL": [
    4194508,
    4194564,
    4194651,
    4194653
  ],
  "LKKKBCPOLPL": [
    {
      "stateID": 1085007,
      "PGPMANHLGJC": 100.0,
      "color": {
        "r": 0.63919997215271,
        "g": 0.8392000198364258,
        "b": 0.9764999747276306,
        "a": 0.40779998898506165
      },
      "JCJDBMGIFDC": 1.0
    }
  ]
}