{
    "id": 1085025,
    "AHGMGBHNLON": [
        4194508,
        4194564,
        4194651,
        4194653
    ],
    "IIJKEEGOKMC": [
        {
            "stateID": 1085007,
            "GJAPNKGKOEE": 100.0,
            "IPHJGCMOIAI": {
                "r": 0.63919997215271,
                "g": 0.8392000198364258,
                "b": 0.9764999747276306,
                "a": 0.40779998898506165
            },
            "OHAGJHMJCBA": 1.0
        }
    ]
}