{
  "1": {
    "id": 1,
    "speed": [
      0.6499999761581421,
      0.8999999761581421,
      1.0,
      1.0,
      1.0
    ],
    "interval": [
      0.20000000298023224,
      0.20000000298023224,
      0.20000000298023224,
      0.20000000298023224
    ],
    "BDKELDEBJDF": [
      [
        0.15000000596046448,
        0.44999998807907104
      ]
    ],
    "BPDCKAPECPE": [
      [
        0.25,
        0.3499999940395355
      ]
    ],
    "MHFECMDJEBN": false,
    "count": 5
  },
  "2": {
    "id": 2,
    "speed": [
      0.699999988079071,
      0.699999988079071,
      0.699999988079071
    ],
    "interval": [
      0.10000000149011612,
      0.10000000149011612
    ],
    "BDKELDEBJDF": [
      [
        0.15000000596046448,
        0.44999998807907104
      ]
    ],
    "BPDCKAPECPE": [
      [
        0.23499999940395355,
        0.36500000953674316
      ]
    ],
    "count": 3
  },
  "3": {
    "id": 3,
    "speed": [
      0.6000000238418579,
      0.699999988079071,
      0.800000011920929
    ],
    "interval": [
      0.10000000149011612,
      0.10000000149011612
    ],
    "BDKELDEBJDF": [
      [
        0.15000000596046448,
        0.44999998807907104
      ]
    ],
    "BPDCKAPECPE": [
      [
        0.23499999940395355,
        0.36500000953674316
      ]
    ],
    "count": 3
  },
  "4": {
    "id": 4,
    "speed": [
      0.6499999761581421,
      0.6499999761581421,
      0.6499999761581421
    ],
    "interval": [
      0.10000000149011612,
      0.10000000149011612
    ],
    "BDKELDEBJDF": [
      [
        0.15000000596046448,
        0.44999998807907104
      ]
    ],
    "BPDCKAPECPE": [
      [
        0.25,
        0.3499999940395355
      ]
    ],
    "count": 3
  },
  "5": {
    "id": 5,
    "speed": [
      0.699999988079071,
      0.699999988079071,
      0.699999988079071
    ],
    "interval": [
      0.10000000149011612,
      0.10000000149011612
    ],
    "BDKELDEBJDF": [
      [
        0.10000000149011612,
        0.41999998688697815
      ]
    ],
    "BPDCKAPECPE": [
      [
        0.27000001072883606,
        0.4000000059604645
      ]
    ],
    "count": 3
  },
  "6": {
    "id": 6,
    "speed": [
      0.699999988079071,
      0.699999988079071,
      0.699999988079071
    ],
    "interval": [
      0.10000000149011612,
      0.10000000149011612
    ],
    "BDKELDEBJDF": [
      [
        0.15000000596046448,
        0.44999998807907104
      ],
      [
        0.17000000178813934,
        0.4300000071525574
      ],
      [
        0.20000000298023224,
        0.4000000059604645
      ]
    ],
    "BPDCKAPECPE": [
      [
        0.23499999940395355,
        0.36500000953674316
      ],
      [
        0.24500000476837158,
        0.35499998927116394
      ],
      [
        0.2549999952316284,
        0.3449999988079071
      ]
    ],
    "MHFECMDJEBN": false,
    "count": 3
  }
}