{
    "8": {
        "LAIJCBOFMLB": 1.7465355179128783e+19,
        "defendAreaRange": 1.1287461610545351e+27
    },
    "54": {
        "LAIJCBOFMLB": 2.5642743484155517e-09,
        "defendAreaRange": -4.1427788346481975e-06,
        "speedLevel": 125789,
        "FENJEENCAEP": 9.477424324543464e-38,
        "FLLFKNOBLDB": true
    },
    "-3720508": {
        "defendAreaRange": 9.938401541640109e-32
    }
}