{
  "id": 1085018,
  "JGMLGNOHGDL": [
    4194471,
    4194472,
    4194473,
    4194555
  ],
  "LKKKBCPOLPL": [
    {
      "stateID": 1085003,
      "PGPMANHLGJC": 100.0,
      "color": {
        "r": 1.0,
        "g": 0.9528999924659729,
        "b": 0.8234999775886536,
        "a": 1.0
      },
      "JCJDBMGIFDC": 1.0,
      "HMMEKBGDJAF": 0.0,
      "PIGLGFBEEMO": 0.0
    }
  ]
}