{
    "id": 1085018,
    "AHGMGBHNLON": [
        4194471,
        4194472,
        4194473,
        4194555
    ],
    "IIJKEEGOKMC": [
        {
            "stateID": 1085003,
            "GJAPNKGKOEE": 100.0,
            "IPHJGCMOIAI": {
                "r": 1.0,
                "g": 0.9528999924659729,
                "b": 0.8234999775886536,
                "a": 1.0
            },
            "OHAGJHMJCBA": 1.0,
            "INFIJCNOMHM": 0.0,
            "DACCCFHHCAJ": 0.0
        }
    ]
}