{
  "id": 1085018,
  "LAEMIMJDAEG": [
    4194471,
    4194472,
    4194473,
    4194555
  ],
  "OCALCKHBMKC": [
    {
      "GOPFOAFEKLC": 1085003,
      "MMCHEANOHHM": 100.0,
      "color": {
        "r": 1.0,
        "g": 0.9528999924659729,
        "b": 0.8234999775886536,
        "a": 1.0
      },
      "NBHHDDPNINL": 1.0,
      "CMDNMCNPNAA": 0.0,
      "MMBCPHGLNGB": 0.0
    }
  ]
}