{
  "id": 1085018,
  "LFODPCBJIJC": [
    4194471,
    4194472,
    4194473,
    4194555
  ],
  "PHDNBPIPKCJ": [
    {
      "stateID": 1085003,
      "KJCPJBMDNAP": 100.0,
      "color": {
        "r": 1.0,
        "g": 0.9528999924659729,
        "b": 0.8234999775886536,
        "a": 1.0
      },
      "HEAJCNNPFDM": 1.0,
      "EPMADBMPFLP": 0.0,
      "AGANBHOPHFG": 0.0
    }
  ]
}