{
    "id": 1085018,
    "CNGKJKBLBPC": [
        4194471,
        4194472,
        4194473,
        4194555
    ],
    "KEDLOCJGPGI": [
        {
            "stateID": 1085003,
            "CENMDGPDJPD": 100.0,
            "DJANDKEJGFB": {
                "r": 1.0,
                "g": 0.9528999924659729,
                "b": 0.8234999775886536,
                "a": 1.0
            },
            "DIMDKLAHLHA": 1.0,
            "LIIAOOEFGEL": 0.0,
            "DNLNBGCBJKB": 0.0
        }
    ]
}