{
    "id": 1085018,
    "IMFPOJPGIFN": [
        4194471,
        4194472,
        4194473,
        4194555
    ],
    "HNEEEJAPICF": [
        {
            "GEAPDIDEKFG": 1085003,
            "CMGBFIKDJDE": 100.0,
            "JANNADIOCPM": {
                "r": 1.0,
                "g": 0.9528999924659729,
                "b": 0.8234999775886536,
                "a": 1.0
            },
            "FLMFPPGIOPL": 1.0,
            "HMCICKHCPDO": 0.0,
            "AMCJBEADAHB": 0.0
        }
    ]
}