{
    "id": 1085018,
    "CDEGPGBDEJE": [
        4194471,
        4194472,
        4194473,
        4194555
    ],
    "MCFMLIDMFEM": [
        {
            "stateID": 1085003,
            "EKIAHFKIMEO": 100.0,
            "NDKDCIGLHJM": {
                "r": 1.0,
                "g": 0.9528999924659729,
                "b": 0.8234999775886536,
                "a": 1.0
            },
            "KGNGNAHJAEP": 1.0,
            "JNDJNGHLDMH": 0.0,
            "BADMEGNGHDD": 0.0
        }
    ]
}