{
  "id": 1085018,
  "KKMONDGAGKP": [
    4194471,
    4194472,
    4194473,
    4194555
  ],
  "AACMMHBFIML": [
    {
      "stateID": 1085003,
      "GJFHCKCBDID": 100.0,
      "color": {
        "r": 1.0,
        "g": 0.9528999924659729,
        "b": 0.8234999775886536,
        "a": 1.0
      },
      "CKJGENBOAGD": 1.0,
      "DJBHNNDOKMB": 0.0,
      "EBACHHHCCJM": 0.0
    }
  ]
}