{
  "id": 1085018,
  "CKGNCEAKAAO": [
    4194471,
    4194472,
    4194473,
    4194555
  ],
  "HNIIHGFINAB": [
    {
      "stateID": 1085003,
      "JDIKFBLBLOA": 100.0,
      "color": {
        "r": 1.0,
        "g": 0.9528999924659729,
        "b": 0.8234999775886536,
        "a": 1.0
      },
      "FFCEAEOALIH": 1.0,
      "IOPLDGJMAHL": 0.0,
      "ABNNDGOCPNH": 0.0
    }
  ]
}