{
  "id": 1085018,
  "JNFFHIFMBPL": [
    4194471,
    4194472,
    4194473,
    4194555
  ],
  "ADCEPGCFJMH": [
    {
      "stateID": 1085003,
      "NIBPLFFNFGH": 100.0,
      "color": {
        "r": 1.0,
        "g": 0.9528999924659729,
        "b": 0.8234999775886536,
        "a": 1.0
      },
      "AIGCMEJPFJA": 1.0,
      "MKEPPNJGFGP": 0.0,
      "FCIFABDPJEM": 0.0
    }
  ]
}