{
    "yMax": 45.0,
    "yMin": -30.0,
    "vertices": [
        {
            "x": -1571.061767578125,
            "y": 35.74984359741211,
            "z": 5196.99951171875
        },
        {
            "x": -1515.8289794921875,
            "y": 21.176372528076172,
            "z": 5174.21923828125
        },
        {
            "x": -1504.33203125,
            "y": 19.705101013183594,
            "z": 5193.67529296875
        },
        {
            "x": -1554.27197265625,
            "y": 38.847599029541016,
            "z": 5217.5947265625
        }
    ]
}