{
    "id": 1085001,
    "IMFPOJPGIFN": [
        4194470,
        4194471,
        4194472,
        4194473,
        4194474,
        4194475,
        4194497,
        4194498,
        4194499,
        4194500,
        4194504,
        4194508,
        4194511,
        4194513,
        4194514,
        4194515,
        4194516,
        4194517,
        4194518,
        4194519,
        4194520,
        4194521,
        4194522,
        4194523,
        4194524,
        4194525,
        4194526,
        4194527,
        4194528,
        4194533,
        4194534,
        4194535,
        4194536,
        4194537,
        4194538,
        4194539,
        4194545,
        4194546,
        4194547,
        4194548,
        4194549,
        4194552,
        4194554,
        4194555,
        4194556,
        4194557,
        4194561,
        4194562,
        4194563,
        4194564,
        4194577,
        4194578,
        4194579,
        4194580,
        4194581,
        4194582,
        4194583,
        4194584,
        4194587,
        4194595,
        4194606,
        4194637,
        4194638,
        4194641,
        4194643,
        4194644,
        4194647,
        4194648,
        4194651,
        4194653,
        4194661,
        4194668,
        4194669,
        4194974,
        4194975,
        4194976,
        4194977,
        4194978,
        4194984,
        4194988,
        4194989
    ],
    "HNEEEJAPICF": [
        {
            "GEAPDIDEKFG": 1085001,
            "CMGBFIKDJDE": 1.0,
            "JANNADIOCPM": {
                "r": 0.0038999998942017555,
                "g": 0.0038999998942017555,
                "b": 0.0038999998942017555,
                "a": 0.02199999988079071
            },
            "FLMFPPGIOPL": 1.0,
            "HMCICKHCPDO": 0.0,
            "AMCJBEADAHB": 0.0
        },
        {
            "GEAPDIDEKFG": 1085002,
            "CMGBFIKDJDE": 100.0,
            "JANNADIOCPM": {
                "r": 0.63919997215271,
                "g": 0.8392000198364258,
                "b": 0.9764999747276306,
                "a": 0.40779998898506165
            },
            "FLMFPPGIOPL": 1.0,
            "HMCICKHCPDO": 0.0,
            "AMCJBEADAHB": 0.0
        },
        {
            "GEAPDIDEKFG": 1085003,
            "CMGBFIKDJDE": 100.0,
            "JANNADIOCPM": {
                "r": 1.0,
                "g": 0.9528999924659729,
                "b": 0.8234999775886536,
                "a": 1.0
            },
            "FLMFPPGIOPL": 1.0,
            "HMCICKHCPDO": 0.0,
            "AMCJBEADAHB": 0.0
        }
    ]
}