{
    "EFJEDPMLGGI": {
        "y": 3.913812114482653e-34
    },
    "KPNFDAMDONL": {
        "y": 9.478860375209705e-38
    },
    "ONMHHFPJKFM": {
        "z": 2.3694278276172396e-38
    }
}