{
  "id": 20238025,
  "GPNNKMJPIPJ": {
    "x": -1870.9449462890625,
    "y": 60.37688064575195,
    "z": 8991.19921875
  },
  "CCKCGONDFBA": 71,
  "polygonData": {
    "minArea": {
      "x": -3076.409423828125,
      "y": 3.631500244140625,
      "z": 7169.6806640625
    },
    "maxArea": {
      "x": -1024.1192626953125,
      "y": 237.20211791992188,
      "z": 9214.2978515625
    },
    "roadPoints": [
      {
        "x": -1024.1192626953125,
        "y": 200.0,
        "z": 9211.5654296875
      },
      {
        "x": -3076.409423828125,
        "y": 5.631500244140625,
        "z": 9214.2978515625
      },
      {
        "x": -3056.685302734375,
        "y": 235.20211791992188,
        "z": 7203.7998046875
      },
      {
        "x": -1043.9171142578125,
        "y": 232.88865661621094,
        "z": 7169.6806640625
      }
    ]
  }
}