{
    "yMax": -46.0,
    "yMin": -75.0,
    "vertices": [
        {
            "x": -2593.092041015625,
            "y": -73.03878021240234,
            "z": 5769.90234375
        },
        {
            "x": -2645.07177734375,
            "y": -73.60330200195312,
            "z": 5770.005859375
        },
        {
            "x": -2644.9560546875,
            "y": -73.83000183105469,
            "z": 5718.03076171875
        },
        {
            "x": -2593.0546875,
            "y": -73.83000183105469,
            "z": 5718.0
        }
    ]
}