{
    "id": 501,
    "HBGNAAKIPKI": [
        {
            "pos": {
                "x": 610.3402099609375,
                "y": 316.2148132324219,
                "z": 5648.05322265625
            },
            "rot": {
                "y": 316.099609375
            },
            "shape": {
                "$type": "FBOPNFAKLDG",
                "JAFBDKCDHCO": true,
                "height": 12.723979949951172,
                "KPEJJDMAGEN": "Center",
                "width": 40.21186065673828,
                "length": 108.9280014038086
            }
        }
    ],
    "DFNBKLHHGCF": [
        {
            "id": 5010001,
            "type": "REGION_ENTRANCE",
            "pos": {
                "x": 623.2017822265625,
                "y": 311.04718017578125,
                "z": 5617.91845703125
            },
            "priority": 255,
            "LDOACMOADEJ": {
                "offset": {
                    "y": 1.0
                },
                "DANPBPMCEGB": true
            },
            "PMOKHMLGAOE": "LOGIC_AND",
            "LDJJOAHMBKO": [
                5010002
            ],
            "MKJJDPAHACA": 4294967295,
            "OELAOJEKNDM": 4294967295
        }
    ],
    "LJNNMLGIAJI": true,
    "HNGDGDECKOD": [
        {
            "id": 5010001,
            "type": "REGION_ENTRANCE",
            "pos": {
                "x": 623.2017822265625,
                "y": 311.04718017578125,
                "z": 5617.91845703125
            },
            "priority": 255,
            "LDOACMOADEJ": {
                "offset": {
                    "y": 1.0
                },
                "DANPBPMCEGB": true
            },
            "PMOKHMLGAOE": "LOGIC_AND",
            "LDJJOAHMBKO": [
                5010002
            ],
            "MKJJDPAHACA": 4294967295,
            "OELAOJEKNDM": 4294967295
        },
        {
            "id": 5010002,
            "pos": {
                "x": 610.8136596679688,
                "y": 314.9546203613281,
                "z": 5648.71142578125
            },
            "LDOACMOADEJ": {
                "offset": {
                    "y": 1.0
                },
                "DANPBPMCEGB": true
            },
            "PMOKHMLGAOE": "LOGIC_AND",
            "LDJJOAHMBKO": [
                5010001,
                5010003
            ]
        },
        {
            "id": 5010003,
            "pos": {
                "x": 600.6961059570312,
                "y": 312.597412109375,
                "z": 5665.05029296875
            },
            "GGJBFOIHPPO": "CAVE_POLYGON",
            "LDOACMOADEJ": {
                "offset": {
                    "y": 1.0
                },
                "DANPBPMCEGB": true
            },
            "area": {
                "type": "INSIDE_RADIUS",
                "AJGBPMMKJHB": 10.0
            },
            "PMOKHMLGAOE": "LOGIC_AND",
            "LDJJOAHMBKO": [
                5010002
            ]
        }
    ]
}