{
    "id": 601,
    "CIEIDBLDBED": [
        {
            "musicSubStates": {
                "x": 2566.01220703125,
                "y": 234.1192169189453,
                "z": 4687.162109375
            },
            "shape": {
                "$type": "JDMEKOJCJLA",
                "EIDBHMBCHBO": true,
                "height": 84.33426666259766,
                "FKCPFIPJFJH": "Center",
                "width": 77.90038299560547,
                "length": 121.70335388183594
            }
        },
        {
            "musicSubStates": {
                "x": 2574.317626953125,
                "y": 227.9658966064453,
                "z": 4753.78955078125
            },
            "shape": {
                "$type": "JDMEKOJCJLA",
                "EIDBHMBCHBO": true,
                "height": 33.19829177856445,
                "FKCPFIPJFJH": "Center",
                "width": 40.44733428955078,
                "length": 46.844078063964844
            }
        }
    ],
    "OIIADGEGBJA": [
        {
            "id": 6010001,
            "type": "REGION_ENTRANCE",
            "musicSubStates": {
                "x": 2579.656494140625,
                "y": 238.94076538085938,
                "z": 4766.841796875
            },
            "AHGBGBCFIMO": "LOGIC_AND",
            "BAEFOGOKACM": 4294967295,
            "FICKOKBCLPC": 4294967295
        }
    ],
    "FFGEBNKOEKI": true,
    "MHHCMJDEEJK": [
        {
            "id": 6010001,
            "type": "REGION_ENTRANCE",
            "musicSubStates": {
                "x": 2579.656494140625,
                "y": 238.94076538085938,
                "z": 4766.841796875
            },
            "AHGBGBCFIMO": "LOGIC_AND",
            "BAEFOGOKACM": 4294967295,
            "FICKOKBCLPC": 4294967295
        }
    ]
}