{
    "AEPKAFFJKAG": 33103,
    "FNFADHDELGE": [
        {
            "LAFAKLPCIGN": 3310301,
            "IJKDDEEEJLA": [
                {
                    "pos": {
                        "x": 374.25152587890625,
                        "y": 319.49853515625,
                        "z": 5883.2841796875
                    },
                    "shape": {
                        "$type": "BKEMHMCCJDJ",
                        "FMMJOMDHOKK": true,
                        "height": 39.7961311340332,
                        "NNJNOCOPONH": "Center",
                        "width": 95.36498260498047,
                        "length": 77.96826171875
                    }
                },
                {
                    "pos": {
                        "x": 429.7640380859375,
                        "y": 320.5184326171875,
                        "z": 5880.8876953125
                    },
                    "rot": {
                        "y": 40.39474868774414
                    },
                    "shape": {
                        "$type": "BKEMHMCCJDJ",
                        "FMMJOMDHOKK": true,
                        "height": 18.11880874633789,
                        "NNJNOCOPONH": "Center",
                        "width": 39.946266174316406,
                        "length": 24.091806411743164
                    }
                },
                {
                    "pos": {
                        "x": 384.9731140136719,
                        "y": 319.7528381347656,
                        "z": 5838.30810546875
                    },
                    "rot": {
                        "y": 315.8563232421875
                    },
                    "shape": {
                        "$type": "BKEMHMCCJDJ",
                        "FMMJOMDHOKK": true,
                        "height": 15.150877952575684,
                        "NNJNOCOPONH": "Center",
                        "width": 15.935823440551758,
                        "length": 33.489952087402344
                    }
                }
            ]
        }
    ],
    "minArea": {
        "x": 326.56903076171875,
        "y": 299.6004638671875,
        "z": 5820.7431640625
    },
    "maxArea": {
        "x": 452.78192138671875,
        "y": 339.3966064453125,
        "z": 5922.2685546875
    }
}