{
  "id": 1085032,
  "JGMLGNOHGDL": [
    4194661,
    4194668,
    4194669
  ],
  "LKKKBCPOLPL": [
    {
      "stateID": 1085008,
      "PGPMANHLGJC": 100.0,
      "color": {
        "r": 1.0,
        "g": 0.9528999924659729,
        "b": 0.8234999775886536,
        "a": 1.0
      },
      "JCJDBMGIFDC": 1.0
    }
  ]
}