{
    "id": 1085032,
    "IMFPOJPGIFN": [
        4194661,
        4194668,
        4194669
    ],
    "HNEEEJAPICF": [
        {
            "GEAPDIDEKFG": 1085008,
            "CMGBFIKDJDE": 100.0,
            "JANNADIOCPM": {
                "r": 1.0,
                "g": 0.9528999924659729,
                "b": 0.8234999775886536,
                "a": 1.0
            },
            "FLMFPPGIOPL": 1.0
        }
    ]
}