{
    "id": 1085032,
    "AHGMGBHNLON": [
        4194661,
        4194668,
        4194669
    ],
    "IIJKEEGOKMC": [
        {
            "stateID": 1085008,
            "GJAPNKGKOEE": 100.0,
            "IPHJGCMOIAI": {
                "r": 1.0,
                "g": 0.9528999924659729,
                "b": 0.8234999775886536,
                "a": 1.0
            },
            "OHAGJHMJCBA": 1.0
        }
    ]
}