{
  "id": 1085032,
  "LAEMIMJDAEG": [
    4194661,
    4194668,
    4194669
  ],
  "OCALCKHBMKC": [
    {
      "GOPFOAFEKLC": 1085008,
      "MMCHEANOHHM": 100.0,
      "color": {
        "r": 1.0,
        "g": 0.9528999924659729,
        "b": 0.8234999775886536,
        "a": 1.0
      },
      "NBHHDDPNINL": 1.0
    }
  ]
}