{
    "id": 1085032,
    "IPEGAECOAGN": [
        4194661,
        4194668,
        4194669
    ],
    "HDJKHJGEPHL": [
        {
            "stateID": 1085008,
            "BNBGHDEFDNC": 100.0,
            "PPBFDJDJDCD": {
                "r": 1.0,
                "g": 0.9528999924659729,
                "b": 0.8234999775886536,
                "a": 1.0
            },
            "NFFIEDNOPHP": 1.0
        }
    ]
}