{
  "id": 1085032,
  "LEMEBCIJMGB": [
    4194661,
    4194668,
    4194669
  ],
  "LBEFGEIHFAN": [
    {
      "stateID": 1085008,
      "GHKHFNNPDEP": 100.0,
      "color": {
        "r": 1.0,
        "g": 0.9528999924659729,
        "b": 0.8234999775886536,
        "a": 1.0
      },
      "KFNMCMFFPJM": 1.0
    }
  ]
}