{
    "8": {
        "LAIJCBOFMLB": 1.7465355179128783e+19,
        "defendAreaRange": 1.1287461610545351e+27
    },
    "54": {
        "LAIJCBOFMLB": 2.6256423097947845e-06,
        "defendAreaRange": -4.1427788346481975e-06,
        "speedLevel": 125789,
        "FENJEENCAEP": 2.369356081135866e-38,
        "FLLFKNOBLDB": true
    },
    "-3720508": {
        "defendAreaRange": 3.8821881022031675e-34
    }
}