{
    "id": 24,
    "sceneId": 3,
    "GPGADOCIOIA": [
        {
            "$type": "IGIOLILFIMG",
            "id": 2401,
            "IJKDDEEEJLA": [
                {
                    "pos": {
                        "x": -865.7799072265625,
                        "y": 64.47681427001953,
                        "z": 3232.634033203125
                    },
                    "shape": {
                        "$type": "BKEMHMCCJDJ",
                        "FMMJOMDHOKK": true,
                        "height": 196.89187622070312,
                        "NNJNOCOPONH": "Center",
                        "width": 221.34423828125,
                        "length": 301.2040100097656
                    }
                },
                {
                    "pos": {
                        "x": -923.99609375,
                        "y": 222.02310180664062,
                        "z": 3209.90478515625
                    },
                    "shape": {
                        "$type": "BKEMHMCCJDJ",
                        "FMMJOMDHOKK": true,
                        "height": 137.8397216796875,
                        "NNJNOCOPONH": "Center",
                        "width": 107.71928405761719,
                        "length": 198.47357177734375
                    }
                },
                {
                    "pos": {
                        "x": -792.1886596679688,
                        "y": 151.440673828125,
                        "z": 3395.03076171875
                    },
                    "shape": {
                        "$type": "BKEMHMCCJDJ",
                        "FMMJOMDHOKK": true,
                        "height": 118.14606475830078,
                        "NNJNOCOPONH": "Center",
                        "width": 241.10858154296875,
                        "length": 198.64370727539062
                    }
                },
                {
                    "pos": {
                        "x": -829.5909423828125,
                        "y": 234.02468872070312,
                        "z": 3232.013916015625
                    },
                    "rot": {
                        "x": 1.2118804454803467,
                        "y": 32.1690788269043,
                        "z": 0.7621467113494873
                    },
                    "shape": {
                        "$type": "GPPNLKBMBMC",
                        "FMMJOMDHOKK": true,
                        "height": 54.5753059387207,
                        "width": 144.86788940429688,
                        "length": 212.4210662841797
                    }
                },
                {
                    "pos": {
                        "x": -815.794189453125,
                        "y": 182.8585205078125,
                        "z": 3197.009765625
                    },
                    "shape": {
                        "$type": "BKEMHMCCJDJ",
                        "FMMJOMDHOKK": true,
                        "height": 54.22896957397461,
                        "NNJNOCOPONH": "Center",
                        "width": 119.18783569335938,
                        "length": 232.61802673339844
                    }
                },
                {
                    "pos": {
                        "x": -768.419921875,
                        "y": 224.77027893066406,
                        "z": 3169.5478515625
                    },
                    "shape": {
                        "$type": "BKEMHMCCJDJ",
                        "FMMJOMDHOKK": true,
                        "height": 35.2136116027832,
                        "NNJNOCOPONH": "Center",
                        "width": 61.14516067504883,
                        "length": 60.659671783447266
                    }
                },
                {
                    "pos": {
                        "x": -944.7487182617188,
                        "y": 279.94317626953125,
                        "z": 3180.705078125
                    },
                    "shape": {
                        "$type": "BKEMHMCCJDJ",
                        "FMMJOMDHOKK": true,
                        "height": 27.335317611694336,
                        "NNJNOCOPONH": "Center",
                        "width": 140.2832489013672,
                        "length": 126.58562469482422
                    }
                },
                {
                    "pos": {
                        "x": -920.5099487304688,
                        "y": 283.99169921875,
                        "z": 3263.9267578125
                    },
                    "rot": {
                        "y": 43.57823944091797
                    },
                    "shape": {
                        "$type": "BKEMHMCCJDJ",
                        "FMMJOMDHOKK": true,
                        "height": 60.474002838134766,
                        "NNJNOCOPONH": "Center",
                        "width": 34.629024505615234,
                        "length": 79.6683578491211
                    }
                },
                {
                    "pos": {
                        "x": -941.980712890625,
                        "y": 298.84552001953125,
                        "z": 3269.3564453125
                    },
                    "shape": {
                        "$type": "BKEMHMCCJDJ",
                        "FMMJOMDHOKK": true,
                        "height": 19.533523559570312,
                        "NNJNOCOPONH": "Center",
                        "width": 79.93607330322266,
                        "length": 86.96241760253906
                    }
                }
            ],
            "HPHKLPKMEEI": [
                {
                    "id": 24010001,
                    "type": "REGION_ENTRANCE",
                    "pos": {
                        "x": -904.9586791992188,
                        "y": 307.3299865722656,
                        "z": 3297.749755859375
                    },
                    "LMPOLCHBFHN": {
                        "offset": {
                            "y": 1.0
                        },
                        "GNPFMPFNEHL": true
                    },
                    "IMLJNPFEJHJ": "LOGIC_AND",
                    "IPIAMIDPFMG": [
                        24010003
                    ],
                    "AODCALPJHFJ": 4294967295,
                    "OILLBBHICBA": 4294967295
                }
            ],
            "KFKNNLMADHL": true
        }
    ]
}