{
    "FLAMIKEEEHP": {
        "x": 1.1758970279489959e-37
    },
    "scale": {
        "y": 9.477711310468958e-38
    }
}