{
    "AEPKAFFJKAG": 33205,
    "FNFADHDELGE": [
        {
            "LAFAKLPCIGN": 3320501,
            "IJKDDEEEJLA": [
                {
                    "pos": {
                        "x": -986.330078125,
                        "y": -280.3465576171875,
                        "z": 5879.6328125
                    },
                    "rot": {
                        "y": 353.14813232421875
                    },
                    "shape": {
                        "$type": "BKEMHMCCJDJ",
                        "FMMJOMDHOKK": true,
                        "height": 270.5162353515625,
                        "NNJNOCOPONH": "Center",
                        "width": 833.4244995117188,
                        "length": 400.6553039550781
                    }
                },
                {
                    "pos": {
                        "x": -804.091796875,
                        "y": -243.88009643554688,
                        "z": 5679.9072265625
                    },
                    "rot": {
                        "y": 355.5692138671875
                    },
                    "shape": {
                        "$type": "BKEMHMCCJDJ",
                        "FMMJOMDHOKK": true,
                        "height": 64.59019470214844,
                        "NNJNOCOPONH": "Center",
                        "width": 183.75900268554688,
                        "length": 52.501731872558594
                    }
                }
            ]
        },
        {
            "LAFAKLPCIGN": 3320502,
            "IJKDDEEEJLA": [
                {
                    "pos": {
                        "x": -878.3685302734375,
                        "y": -50.618019104003906,
                        "z": 4962.8779296875
                    },
                    "rot": {
                        "y": 321.81353759765625
                    },
                    "shape": {
                        "$type": "BKEMHMCCJDJ",
                        "FMMJOMDHOKK": true,
                        "height": 114.33147430419922,
                        "NNJNOCOPONH": "Center",
                        "width": 316.8269348144531,
                        "length": 412.4263610839844
                    }
                }
            ]
        },
        {
            "LAFAKLPCIGN": 3320503,
            "IJKDDEEEJLA": [
                {
                    "pos": {
                        "x": -875.378173828125,
                        "y": -187.4488525390625,
                        "z": 4992.6201171875
                    },
                    "rot": {
                        "y": 23.498106002807617
                    },
                    "shape": {
                        "$type": "BKEMHMCCJDJ",
                        "FMMJOMDHOKK": true,
                        "height": 187.3952178955078,
                        "NNJNOCOPONH": "Center",
                        "width": 457.63214111328125,
                        "length": 308.4537048339844
                    }
                }
            ]
        },
        {
            "LAFAKLPCIGN": 3320504,
            "IJKDDEEEJLA": [
                {
                    "pos": {
                        "x": -431.4398498535156,
                        "y": -53.48844909667969,
                        "z": 5438.58544921875
                    },
                    "rot": {
                        "y": 341.0390930175781
                    },
                    "shape": {
                        "$type": "BKEMHMCCJDJ",
                        "FMMJOMDHOKK": true,
                        "height": 174.1228485107422,
                        "NNJNOCOPONH": "Center",
                        "width": 453.6173400878906,
                        "length": 567.4852294921875
                    }
                },
                {
                    "pos": {
                        "x": -363.56463623046875,
                        "y": 72.55691528320312,
                        "z": 5310.99365234375
                    },
                    "rot": {
                        "y": 315.6250915527344
                    },
                    "shape": {
                        "$type": "BKEMHMCCJDJ",
                        "FMMJOMDHOKK": true,
                        "height": 91.0193099975586,
                        "NNJNOCOPONH": "Center",
                        "width": 79.23145294189453,
                        "length": 126.25606536865234
                    }
                }
            ]
        },
        {
            "LAFAKLPCIGN": 3320505,
            "IJKDDEEEJLA": [
                {
                    "pos": {
                        "x": -328.64337158203125,
                        "y": -200.68148803710938,
                        "z": 5474.08349609375
                    },
                    "shape": {
                        "$type": "BKEMHMCCJDJ",
                        "FMMJOMDHOKK": true,
                        "height": 137.2093963623047,
                        "NNJNOCOPONH": "Center",
                        "width": 192.45730590820312,
                        "length": 263.9396667480469
                    }
                }
            ]
        },
        {
            "LAFAKLPCIGN": 3320506,
            "IJKDDEEEJLA": [
                {
                    "pos": {
                        "x": -774.739501953125,
                        "y": -290.65106201171875,
                        "z": 5374.775390625
                    },
                    "shape": {
                        "$type": "MGNHNJHADLG",
                        "radius": 280.0
                    }
                },
                {
                    "pos": {
                        "x": -550.3753051757812,
                        "y": -230.07254028320312,
                        "z": 5424.3759765625
                    },
                    "rot": {
                        "y": 356.8539123535156
                    },
                    "shape": {
                        "$type": "BKEMHMCCJDJ",
                        "FMMJOMDHOKK": true,
                        "height": 332.24713134765625,
                        "NNJNOCOPONH": "Center",
                        "width": 259.1260986328125,
                        "length": 597.4993286132812
                    }
                },
                {
                    "pos": {
                        "x": -869.5967407226562,
                        "y": -164.19561767578125,
                        "z": 5153.7431640625
                    },
                    "rot": {
                        "y": 23.80315589904785
                    },
                    "shape": {
                        "$type": "BKEMHMCCJDJ",
                        "FMMJOMDHOKK": true,
                        "height": 92.66291046142578,
                        "NNJNOCOPONH": "Center",
                        "width": 198.94293212890625,
                        "length": 36.99305725097656
                    }
                },
                {
                    "pos": {
                        "x": -802.37548828125,
                        "y": -251.46481323242188,
                        "z": 5646.73828125
                    },
                    "rot": {
                        "y": 354.4951171875
                    },
                    "shape": {
                        "$type": "BKEMHMCCJDJ",
                        "FMMJOMDHOKK": true,
                        "height": 83.99456024169922,
                        "NNJNOCOPONH": "Center",
                        "width": 99.56678771972656,
                        "length": 18.01983070373535
                    }
                }
            ]
        }
    ],
    "minArea": {
        "x": -1423.9658203125,
        "y": -570.6510620117188,
        "z": 4702.85888671875
    },
    "maxArea": {
        "x": -124.7431640625,
        "y": 118.06658935546875,
        "z": 6128.24462890625
    }
}