{
    "yMax": 218.5,
    "yMin": 201.8000030517578,
    "vertices": [
        {
            "x": -2360.773681640625,
            "y": 202.38551330566406,
            "z": 4541.52490234375
        },
        {
            "x": -2362.91845703125,
            "y": 201.78048706054688,
            "z": 4530.53125
        },
        {
            "x": -2374.943359375,
            "y": 201.68153381347656,
            "z": 4533.6005859375
        },
        {
            "x": -2371.059814453125,
            "y": 202.1226806640625,
            "z": 4544.88720703125
        }
    ]
}