{
    "localPolygonId": 1669322832,
    "yMax": 1000.0,
    "vertices": [
        {
            "x": 609.9874877929688,
            "y": 100.006103515625,
            "z": 470.3526916503906
        },
        {
            "x": 610.012939453125,
            "y": 100.006103515625,
            "z": 129.57443237304688
        },
        {
            "x": 304.9942626953125,
            "y": 100.006103515625,
            "z": 129.2098846435547
        },
        {
            "x": 305.48828125,
            "y": 100.006103515625,
            "z": 470.82574462890625
        }
    ]
}