{
    "id": 201,
    "IJKDDEEEJLA": [
        {
            "pos": {
                "x": 3374.420166015625,
                "y": 426.2508544921875,
                "z": 4667.279296875
            },
            "rot": {
                "x": 357.814697265625,
                "y": 43.88743591308594,
                "z": 3.252938985824585
            },
            "shape": {
                "$type": "GPPNLKBMBMC",
                "FMMJOMDHOKK": true,
                "height": 51.38411331176758,
                "width": 131.6583709716797,
                "length": 409.2176208496094
            }
        },
        {
            "pos": {
                "x": 3294.896484375,
                "y": 330.8404235839844,
                "z": 4502.224609375
            },
            "rot": {
                "y": 7.025804042816162
            },
            "shape": {
                "$type": "BKEMHMCCJDJ",
                "FMMJOMDHOKK": true,
                "height": 168.18287658691406,
                "NNJNOCOPONH": "Center",
                "width": 166.17364501953125,
                "length": 265.63299560546875
            }
        },
        {
            "pos": {
                "x": 3157.63623046875,
                "y": 268.3204040527344,
                "z": 4307.025390625
            },
            "rot": {
                "y": 44.3785400390625
            },
            "shape": {
                "$type": "BKEMHMCCJDJ",
                "FMMJOMDHOKK": true,
                "height": 99.08391571044922,
                "NNJNOCOPONH": "Center",
                "width": 80.57600402832031,
                "length": 246.15423583984375
            }
        },
        {
            "pos": {
                "x": 3218.58837890625,
                "y": 220.66201782226562,
                "z": 4149.662109375
            },
            "shape": {
                "$type": "BKEMHMCCJDJ",
                "FMMJOMDHOKK": true,
                "height": 158.04249572753906,
                "NNJNOCOPONH": "Center",
                "width": 250.4351806640625,
                "length": 147.507080078125
            }
        }
    ],
    "HPHKLPKMEEI": [
        {
            "id": 2010001,
            "type": "REGION_ENTRANCE",
            "pos": {
                "x": 3507.023681640625,
                "y": 452.7384338378906,
                "z": 4730.77587890625
            },
            "IMLJNPFEJHJ": "LOGIC_AND",
            "IPIAMIDPFMG": [
                2010002
            ],
            "AODCALPJHFJ": 4294967295,
            "OILLBBHICBA": 4294967295
        },
        {
            "id": 2010010,
            "type": "REGION_TRANSPORT",
            "pos": {
                "x": 3296.40576171875,
                "y": 419.9299621582031,
                "z": 4582.22607421875
            },
            "IMLJNPFEJHJ": "LOGIC_AND",
            "IPIAMIDPFMG": [
                2010009,
                2010011
            ],
            "AODCALPJHFJ": 4294967295,
            "OILLBBHICBA": 4294967295
        },
        {
            "id": 2010019,
            "type": "REGION_TRANSPORT",
            "pos": {
                "x": 3106.8388671875,
                "y": 232.08799743652344,
                "z": 4231.8056640625
            },
            "EGKIJGMCFEM": [
                {
                    "type": "TRANSPORT_UNLOCKED",
                    "LALMDMBDFIF": 921
                }
            ],
            "IMLJNPFEJHJ": "LOGIC_AND",
            "IPIAMIDPFMG": [
                2010018,
                2010020,
                2010039
            ],
            "AODCALPJHFJ": 4294967295,
            "OILLBBHICBA": 4294967295
        },
        {
            "id": 2010037,
            "type": "REGION_TRANSPORT",
            "pos": {
                "x": 3286.01904296875,
                "y": 251.5500030517578,
                "z": 4182.28271484375
            },
            "LMPOLCHBFHN": {
                "offset": {
                    "y": 1.0
                },
                "GNPFMPFNEHL": true
            },
            "IMLJNPFEJHJ": "LOGIC_AND",
            "IPIAMIDPFMG": [
                2010036,
                2010038
            ],
            "AODCALPJHFJ": 4294967295,
            "OILLBBHICBA": 4294967295
        }
    ],
    "JEKPPCMCDDL": [
        {
            "id": 2010001,
            "type": "REGION_ENTRANCE",
            "pos": {
                "x": 3507.023681640625,
                "y": 452.7384338378906,
                "z": 4730.77587890625
            },
            "IMLJNPFEJHJ": "LOGIC_AND",
            "IPIAMIDPFMG": [
                2010002
            ],
            "AODCALPJHFJ": 4294967295,
            "OILLBBHICBA": 4294967295
        },
        {
            "id": 2010002,
            "pos": {
                "x": 3521.886474609375,
                "y": 452.50701904296875,
                "z": 4736.36767578125
            },
            "IMLJNPFEJHJ": "LOGIC_AND",
            "IPIAMIDPFMG": [
                2010001,
                2010003
            ]
        },
        {
            "id": 2010003,
            "pos": {
                "x": 3491.068115234375,
                "y": 440.1243591308594,
                "z": 4757.82666015625
            },
            "IMLJNPFEJHJ": "LOGIC_AND",
            "IPIAMIDPFMG": [
                2010002,
                2010004
            ]
        },
        {
            "id": 2010004,
            "pos": {
                "x": 3442.6787109375,
                "y": 431.5806884765625,
                "z": 4740.05029296875
            },
            "IMLJNPFEJHJ": "LOGIC_AND",
            "IPIAMIDPFMG": [
                2010003,
                2010005
            ]
        },
        {
            "id": 2010005,
            "pos": {
                "x": 3410.334716796875,
                "y": 424.3631896972656,
                "z": 4711.4501953125
            },
            "IMLJNPFEJHJ": "LOGIC_AND",
            "IPIAMIDPFMG": [
                2010004,
                2010006
            ]
        },
        {
            "id": 2010006,
            "pos": {
                "x": 3364.76220703125,
                "y": 420.3242492675781,
                "z": 4684.29345703125
            },
            "IMLJNPFEJHJ": "LOGIC_AND",
            "IPIAMIDPFMG": [
                2010005,
                2010007
            ]
        },
        {
            "id": 2010007,
            "pos": {
                "x": 3340.871826171875,
                "y": 421.1058349609375,
                "z": 4649.62255859375
            },
            "IMLJNPFEJHJ": "LOGIC_AND",
            "IPIAMIDPFMG": [
                2010006,
                2010008
            ]
        },
        {
            "id": 2010008,
            "pos": {
                "x": 3320.40087890625,
                "y": 419.4781799316406,
                "z": 4620.60888671875
            },
            "LMPOLCHBFHN": {
                "offset": {
                    "y": 1.0
                },
                "GNPFMPFNEHL": true
            },
            "IMLJNPFEJHJ": "LOGIC_AND",
            "IPIAMIDPFMG": [
                2010007,
                2010009
            ]
        },
        {
            "id": 2010009,
            "pos": {
                "x": 3300.138671875,
                "y": 418.5728759765625,
                "z": 4596.3369140625
            },
            "IMLJNPFEJHJ": "LOGIC_AND",
            "IPIAMIDPFMG": [
                2010008,
                2010010
            ]
        },
        {
            "id": 2010010,
            "type": "REGION_TRANSPORT",
            "pos": {
                "x": 3296.40576171875,
                "y": 419.9299621582031,
                "z": 4582.22607421875
            },
            "IMLJNPFEJHJ": "LOGIC_AND",
            "IPIAMIDPFMG": [
                2010009,
                2010011
            ],
            "AODCALPJHFJ": 4294967295,