{
    "GGIJIFGOBAM": [
        {
            "NANJPKENGNC": 1,
            "LOIOADFELMF": [
                {
                    "HBDJJOFOGJB": 375103,
                    "OKOEBOPPHCI": {
                        "x": 259.0400085449219,
                        "y": 186.53700256347656,
                        "z": 540.780029296875
                    },
                    "GAGDAOKNFBN": {
                        "y": 90.0
                    },
                    "OMPHNNOAPLJ": 0
                }
            ],
            "AHGFAECOHJD": [
                {
                    "pos": {
                        "x": 170.3699951171875,
                        "y": 206.6199951171875,
                        "z": 568.6699829101562
                    },
                    "rot": {
                        "y": -47.810001373291016
                    }
                }
            ]
        },
        {
            "NANJPKENGNC": 2,
            "AHGFAECOHJD": [
                {
                    "pos": {
                        "x": 295.25,
                        "y": 204.0800018310547,
                        "z": 404.260009765625
                    },
                    "rot": {
                        "y": -64.30000305175781
                    }
                }
            ]
        },
        {
            "NANJPKENGNC": 3,
            "AHGFAECOHJD": [
                {
                    "pos": {
                        "x": 620.760009765625,
                        "y": 204.3699951171875,
                        "z": 407.6000061035156
                    },
                    "rot": {
                        "y": -32.2400016784668
                    }
                }
            ]
        },
        {
            "NANJPKENGNC": 4,
            "AHGFAECOHJD": [
                {
                    "pos": {
                        "x": 777.4199829101562,
                        "y": 205.22000122070312,
                        "z": 648.6400146484375
                    },
                    "rot": {
                        "y": -36.599998474121094
                    }
                }
            ]
        }
    ],
    "GOFCFOGDLFF": true,
    "OLAECMFPKJC": {
        "x": 273.0,
        "y": 186.0,
        "z": 540.0
    },
    "OKIDPLJOAAL": {
        "y": 128.0
    },
    "LFJHFIAMGEJ": {
        "HBDJJOFOGJB": 375103,
        "OKOEBOPPHCI": {
            "x": 259.0400085449219,
            "y": 186.53700256347656,
            "z": 540.780029296875
        },
        "GAGDAOKNFBN": {
            "y": 90.0
        },
        "OMPHNNOAPLJ": 1
    },
    "EDIOPAPHDLE": {
        "x": 268.5,
        "y": 186.0,
        "z": 551.0
    },
    "PPJMEBAFKBI": 3
}