{
    "AEPKAFFJKAG": 34104,
    "FNFADHDELGE": [
        {
            "LAFAKLPCIGN": 3410401,
            "IJKDDEEEJLA": [
                {
                    "pos": {
                        "x": 1525.1116943359375,
                        "y": 210.05233764648438,
                        "z": 1878.4873046875
                    },
                    "shape": {
                        "$type": "OMNKHPLOBDP",
                        "FMMJOMDHOKK": true,
                        "height": 140.0,
                        "radius": 110.0
                    }
                },
                {
                    "pos": {
                        "x": 1579.7052001953125,
                        "y": 180.3177490234375,
                        "z": 1758.0389404296875
                    },
                    "rot": {
                        "y": 320.2524108886719
                    },
                    "shape": {
                        "$type": "BKEMHMCCJDJ",
                        "FMMJOMDHOKK": true,
                        "height": 110.0,
                        "NNJNOCOPONH": "Center",
                        "width": 53.00904083251953,
                        "length": 40.0
                    }
                },
                {
                    "pos": {
                        "x": 1550.34765625,
                        "y": 229.73812866210938,
                        "z": 1746.9588623046875
                    },
                    "rot": {
                        "y": 336.9126892089844
                    },
                    "shape": {
                        "$type": "BKEMHMCCJDJ",
                        "FMMJOMDHOKK": true,
                        "height": 30.0,
                        "NNJNOCOPONH": "Center",
                        "width": 20.0,
                        "length": 10.0
                    }
                },
                {
                    "pos": {
                        "x": 1557.2615966796875,
                        "y": 234.07017517089844,
                        "z": 1728.806396484375
                    },
                    "rot": {
                        "y": 323.21954345703125
                    },
                    "shape": {
                        "$type": "BKEMHMCCJDJ",
                        "FMMJOMDHOKK": true,
                        "height": 40.0,
                        "NNJNOCOPONH": "Center",
                        "width": 23.0,
                        "length": 28.558053970336914
                    }
                },
                {
                    "pos": {
                        "x": 1467.284912109375,
                        "y": 179.82276916503906,
                        "z": 1786.1982421875
                    },
                    "rot": {
                        "x": 14.91971206665039,
                        "y": 27.901330947875977,
                        "z": 12.426004409790039
                    },
                    "shape": {
                        "$type": "GPPNLKBMBMC",
                        "FMMJOMDHOKK": true,
                        "height": 26.558223724365234,
                        "width": 43.31808853149414,
                        "length": 22.923730850219727
                    }
                }
            ]
        }
    ],
    "minArea": {
        "x": 1415.1116943359375,
        "y": 125.3177490234375,
        "z": 1710.484130859375
    },
    "maxArea": {
        "x": 1635.1116943359375,
        "y": 280.0523376464844,
        "z": 1988.4873046875
    }
}