{
    "yMax": 178.8000030517578,
    "yMin": 165.39999389648438,
    "vertices": [
        {
            "x": -1947.936279296875,
            "y": 165.52903747558594,
            "z": 5928.279296875
        },
        {
            "x": -1953.0684814453125,
            "y": 165.46058654785156,
            "z": 5938.39306640625
        },
        {
            "x": -1942.6744384765625,
            "y": 165.4304962158203,
            "z": 5943.9169921875
        },
        {
            "x": -1937.4515380859375,
            "y": 165.4304962158203,
            "z": 5934.39892578125
        }
    ]
}