{
    "yMin": -25.0,
    "vertices": [
        {
            "x": -1116.1761474609375,
            "y": -24.36003303527832,
            "z": 5463.7158203125
        },
        {
            "x": -1113.276611328125,
            "y": -23.720985412597656,
            "z": 5459.78515625
        },
        {
            "x": -1117.5731201171875,
            "y": -23.628015518188477,
            "z": 5454.90576171875
        },
        {
            "x": -1120.9544677734375,
            "y": -23.904499053955078,
            "z": 5457.10791015625
        }
    ]
}