{
    "8": {
        "LAIJCBOFMLB": 1.7465355179128783e+19,
        "defendAreaRange": 1.1287461610545351e+27
    },
    "54": {
        "LAIJCBOFMLB": 2.5639905754104575e-09,
        "defendAreaRange": -9.810723606420814e-34,
        "speedLevel": 73072,
        "FENJEENCAEP": 2.4979986432771987e-38,
        "FLLFKNOBLDB": true
    },
    "476224977": {
        "defendAreaRange": 1.5164797274231123e-36
    }
}