{
    "id": 1085020,
    "CNGKJKBLBPC": [
        4194475
    ],
    "KEDLOCJGPGI": [
        {
            "stateID": 1085004,
            "CENMDGPDJPD": 100.0,
            "DJANDKEJGFB": {
                "r": 0.9646999835968018,
                "g": 0.8823999762535095,
                "b": 0.7098000049591064,
                "a": 0.43529999256134033
            },
            "DIMDKLAHLHA": 1.0
        }
    ]
}