{
    "id": 1085020,
    "IMFPOJPGIFN": [
        4194475
    ],
    "HNEEEJAPICF": [
        {
            "GEAPDIDEKFG": 1085004,
            "CMGBFIKDJDE": 100.0,
            "JANNADIOCPM": {
                "r": 0.9646999835968018,
                "g": 0.8823999762535095,
                "b": 0.7098000049591064,
                "a": 0.43529999256134033
            },
            "FLMFPPGIOPL": 1.0
        }
    ]
}