{
  "id": 1085020,
  "JNFFHIFMBPL": [
    4194475
  ],
  "ADCEPGCFJMH": [
    {
      "stateID": 1085004,
      "NIBPLFFNFGH": 100.0,
      "color": {
        "r": 0.9646999835968018,
        "g": 0.8823999762535095,
        "b": 0.7098000049591064,
        "a": 0.43529999256134033
      },
      "AIGCMEJPFJA": 1.0
    }
  ]
}