{
    "id": 1085020,
    "CDEGPGBDEJE": [
        4194475
    ],
    "MCFMLIDMFEM": [
        {
            "stateID": 1085004,
            "EKIAHFKIMEO": 100.0,
            "NDKDCIGLHJM": {
                "r": 0.9646999835968018,
                "g": 0.8823999762535095,
                "b": 0.7098000049591064,
                "a": 0.43529999256134033
            },
            "KGNGNAHJAEP": 1.0
        }
    ]
}