{
  "id": 1085020,
  "LAEMIMJDAEG": [
    4194475
  ],
  "OCALCKHBMKC": [
    {
      "GOPFOAFEKLC": 1085004,
      "MMCHEANOHHM": 100.0,
      "color": {
        "r": 0.9646999835968018,
        "g": 0.8823999762535095,
        "b": 0.7098000049591064,
        "a": 0.43529999256134033
      },
      "NBHHDDPNINL": 1.0
    }
  ]
}