{
    "id": 1085020,
    "IPEGAECOAGN": [
        4194475
    ],
    "HDJKHJGEPHL": [
        {
            "stateID": 1085004,
            "BNBGHDEFDNC": 100.0,
            "PPBFDJDJDCD": {
                "r": 0.9646999835968018,
                "g": 0.8823999762535095,
                "b": 0.7098000049591064,
                "a": 0.43529999256134033
            },
            "NFFIEDNOPHP": 1.0
        }
    ]
}