{
    "id": 1085030,
    "IPEGAECOAGN": [
        4194497,
        4194498,
        4194499,
        4194500,
        4194552,
        4194641
    ],
    "HDJKHJGEPHL": [
        {
            "stateID": 1085001,
            "BNBGHDEFDNC": 1.0,
            "PPBFDJDJDCD": {
                "r": 0.0038999998942017555,
                "g": 0.0038999998942017555,
                "b": 0.0038999998942017555,
                "a": 0.02199999988079071
            },
            "NFFIEDNOPHP": 1.0,
            "OPJNDMBEDDP": 0.0,
            "LJAHKFFBCKN": 0.0
        }
    ]
}