{
  "id": 1085030,
  "JGMLGNOHGDL": [
    4194497,
    4194498,
    4194499,
    4194500,
    4194552,
    4194641
  ],
  "LKKKBCPOLPL": [
    {
      "stateID": 1085001,
      "PGPMANHLGJC": 1.0,
      "color": {
        "r": 0.0038999998942017555,
        "g": 0.0038999998942017555,
        "b": 0.0038999998942017555,
        "a": 0.02199999988079071
      },
      "JCJDBMGIFDC": 1.0,
      "HMMEKBGDJAF": 0.0,
      "PIGLGFBEEMO": 0.0
    }
  ]
}