{
  "id": 1085030,
  "LEMEBCIJMGB": [
    4194497,
    4194498,
    4194499,
    4194500,
    4194552,
    4194641
  ],
  "LBEFGEIHFAN": [
    {
      "stateID": 1085001,
      "GHKHFNNPDEP": 1.0,
      "color": {
        "r": 0.0038999998942017555,
        "g": 0.0038999998942017555,
        "b": 0.0038999998942017555,
        "a": 0.02199999988079071
      },
      "KFNMCMFFPJM": 1.0,
      "MIENKDKJJBJ": 0.0,
      "NEIGABCILGN": 0.0
    }
  ]
}