{
  "id": 1085030,
  "LAEMIMJDAEG": [
    4194497,
    4194498,
    4194499,
    4194500,
    4194552,
    4194641
  ],
  "OCALCKHBMKC": [
    {
      "GOPFOAFEKLC": 1085001,
      "MMCHEANOHHM": 1.0,
      "color": {
        "r": 0.0038999998942017555,
        "g": 0.0038999998942017555,
        "b": 0.0038999998942017555,
        "a": 0.02199999988079071
      },
      "NBHHDDPNINL": 1.0,
      "CMDNMCNPNAA": 0.0,
      "MMBCPHGLNGB": 0.0
    }
  ]
}