{
    "id": 1085030,
    "CNGKJKBLBPC": [
        4194497,
        4194498,
        4194499,
        4194500,
        4194552,
        4194641
    ],
    "KEDLOCJGPGI": [
        {
            "stateID": 1085001,
            "CENMDGPDJPD": 1.0,
            "DJANDKEJGFB": {
                "r": 0.0038999998942017555,
                "g": 0.0038999998942017555,
                "b": 0.0038999998942017555,
                "a": 0.02199999988079071
            },
            "DIMDKLAHLHA": 1.0,
            "LIIAOOEFGEL": 0.0,
            "DNLNBGCBJKB": 0.0
        }
    ]
}