{
    "id": 1085030,
    "IMFPOJPGIFN": [
        4194497,
        4194498,
        4194499,
        4194500,
        4194552,
        4194641
    ],
    "HNEEEJAPICF": [
        {
            "GEAPDIDEKFG": 1085001,
            "CMGBFIKDJDE": 1.0,
            "JANNADIOCPM": {
                "r": 0.0038999998942017555,
                "g": 0.0038999998942017555,
                "b": 0.0038999998942017555,
                "a": 0.02199999988079071
            },
            "FLMFPPGIOPL": 1.0,
            "HMCICKHCPDO": 0.0,
            "AMCJBEADAHB": 0.0
        }
    ]
}