{
  "id": 1085030,
  "KKMONDGAGKP": [
    4194497,
    4194498,
    4194499,
    4194500,
    4194552,
    4194641
  ],
  "AACMMHBFIML": [
    {
      "stateID": 1085001,
      "GJFHCKCBDID": 1.0,
      "color": {
        "r": 0.0038999998942017555,
        "g": 0.0038999998942017555,
        "b": 0.0038999998942017555,
        "a": 0.02199999988079071
      },
      "CKJGENBOAGD": 1.0,
      "DJBHNNDOKMB": 0.0,
      "EBACHHHCCJM": 0.0
    }
  ]
}