{
    "AEPKAFFJKAG": 33502,
    "FNFADHDELGE": [
        {
            "LAFAKLPCIGN": 3350201,
            "IJKDDEEEJLA": [
                {
                    "pos": {
                        "x": 3515.0,
                        "y": 302.8999938964844,
                        "z": 4548.0
                    },
                    "rot": {
                        "y": 45.22751235961914
                    },
                    "shape": {
                        "$type": "BKEMHMCCJDJ",
                        "FMMJOMDHOKK": true,
                        "height": 92.8989028930664,
                        "NNJNOCOPONH": "Center",
                        "width": 212.46189880371094,
                        "length": 283.323974609375
                    }
                }
            ]
        }
    ],
    "minArea": {
        "x": 3339.615234375,
        "y": 256.4505310058594,
        "z": 4372.81396484375
    },
    "maxArea": {
        "x": 3690.384765625,
        "y": 349.3494567871094,
        "z": 4723.18603515625
    }
}