{
    "id": 4010110,
    "area": {},
    "LBJJNNJIANO": {
        "$type": "OLNKDALJECB",
        "sceneId": 3,
        "shape": {
            "$type": "LCCFGNEAOKP",
            "OEMMPAODJAI": {
                "x": -1836.0487060546875,
                "y": 382.8717346191406,
                "z": 4368.55078125
            },
            "radius": 30.0
        }
    },
    "OEGFBJLKOPA": {}
}