{
    "id": 2,
    "sceneId": 3,
    "FMAKIIHDGJF": [
        {
            "$type": "IHMGAKDJKAI",
            "id": 201,
            "HBGNAAKIPKI": [
                {
                    "pos": {
                        "x": 3374.420166015625,
                        "y": 426.2508544921875,
                        "z": 4667.279296875
                    },
                    "rot": {
                        "x": 357.814697265625,
                        "y": 43.88743591308594,
                        "z": 3.252938985824585
                    },
                    "shape": {
                        "$type": "IDKONAMBMIL",
                        "JAFBDKCDHCO": true,
                        "height": 51.38411331176758,
                        "width": 131.6583709716797,
                        "length": 409.2176208496094
                    }
                },
                {
                    "pos": {
                        "x": 3294.896484375,
                        "y": 330.8404235839844,
                        "z": 4502.224609375
                    },
                    "rot": {
                        "y": 7.025804042816162
                    },
                    "shape": {
                        "$type": "FBOPNFAKLDG",
                        "JAFBDKCDHCO": true,
                        "height": 168.18287658691406,
                        "KPEJJDMAGEN": "Center",
                        "width": 166.17364501953125,
                        "length": 265.63299560546875
                    }
                },
                {
                    "pos": {
                        "x": 3157.63623046875,
                        "y": 268.3204040527344,
                        "z": 4307.025390625
                    },
                    "rot": {
                        "y": 44.3785400390625
                    },
                    "shape": {
                        "$type": "FBOPNFAKLDG",
                        "JAFBDKCDHCO": true,
                        "height": 99.08391571044922,
                        "KPEJJDMAGEN": "Center",
                        "width": 80.57600402832031,
                        "length": 246.15423583984375
                    }
                },
                {
                    "pos": {
                        "x": 3218.58837890625,
                        "y": 220.66201782226562,
                        "z": 4149.662109375
                    },
                    "shape": {
                        "$type": "FBOPNFAKLDG",
                        "JAFBDKCDHCO": true,
                        "height": 158.04249572753906,
                        "KPEJJDMAGEN": "Center",
                        "width": 250.4351806640625,
                        "length": 147.507080078125
                    }
                }
            ],
            "DFNBKLHHGCF": [
                {
                    "id": 2010001,
                    "type": "REGION_ENTRANCE",
                    "pos": {
                        "x": 3507.023681640625,
                        "y": 452.7384338378906,
                        "z": 4730.77587890625
                    },
                    "PMOKHMLGAOE": "LOGIC_AND",
                    "LDJJOAHMBKO": [
                        2010002
                    ],
                    "MKJJDPAHACA": 4294967295,
                    "OELAOJEKNDM": 4294967295
                },
                {
                    "id": 2010010,
                    "type": "REGION_TRANSPORT",
                    "pos": {
                        "x": 3296.40576171875,
                        "y": 419.9299621582031,
                        "z": 4582.22607421875
                    },
                    "PMOKHMLGAOE": "LOGIC_AND",
                    "LDJJOAHMBKO": [
                        2010009,
                        2010011
                    ],
                    "MKJJDPAHACA": 4294967295,
                    "OELAOJEKNDM": 4294967295
                },
                {
                    "id": 2010019,
                    "type": "REGION_TRANSPORT",
                    "pos": {
                        "x": 3106.8388671875,
                        "y": 232.08799743652344,
                        "z": 4231.8056640625
                    },
                    "PCNGJAPHPJL": [
                        {
                            "type": "TRANSPORT_UNLOCKED",
                            "DEFGCOGCJGN": 921
                        }
                    ],
                    "PMOKHMLGAOE": "LOGIC_AND",
                    "LDJJOAHMBKO": [
                        2010018,
                        2010020,
                        2010039
                    ],
                    "MKJJDPAHACA": 4294967295,
                    "OELAOJEKNDM": 4294967295
                },
                {
                    "id": 2010037,
                    "type": "REGION_TRANSPORT",
                    "pos": {
                        "x": 3286.01904296875,
                        "y": 251.5500030517578,
                        "z": 4182.28271484375
                    },
                    "LDOACMOADEJ": {
                        "offset": {
                            "y": 1.0
                        },
                        "DANPBPMCEGB": true
                    },
                    "PMOKHMLGAOE": "LOGIC_AND",
                    "LDJJOAHMBKO": [
                        2010036,
                        2010038
                    ],
                    "MKJJDPAHACA": 4294967295,
                    "OELAOJEKNDM": 4294967295
                }
            ]
        },
        {
            "$type": "IHMGAKDJKAI",
            "id": 202,
            "HBGNAAKIPKI": [
                {
                    "pos": {
                        "x": 2541.76708984375,
                        "y": 218.78292846679688,
                        "z": 4526.43408203125
                    },
                    "rot": {
                        "y": 37.63126754760742
                    },
                    "shape": {
                        "$type": "FBOPNFAKLDG",
                        "JAFBDKCDHCO": true,
                        "height": 163.9579620361328,
                        "KPEJJDMAGEN": "Center",
                        "width": 289.79583740234375,
                        "length": 200.90733337402344
                    }
                }
            ],
            "DFNBKLHHGCF": [
                {
                    "id": 2020005,
                    "type": "REGION_ENTRANCE",
                    "pos": {
                        "x": 2589.34716796875,
                        "y": 295.23779296875,
                        "z": 4493.7939453125
                    },
                    "PMOKHMLGAOE": "LOGIC_AND",
                    "LDJJOAHMBKO": [
                        2020006
                    ],
                    "MKJJDPAHACA": 4294967295,
                    "OELAOJEKNDM": 4294967295
                }
            ],
            "LJNNMLGIAJI": true
        }
    ]
}