{
    "AEPKAFFJKAG": 32702,
    "FNFADHDELGE": [
        {
            "LAFAKLPCIGN": 3270201,
            "IJKDDEEEJLA": [
                {
                    "pos": {
                        "x": -2347.90283203125,
                        "y": 243.326904296875,
                        "z": 5549.9775390625
                    },
                    "shape": {
                        "$type": "BKEMHMCCJDJ",
                        "FMMJOMDHOKK": true,
                        "height": 50.25262451171875,
                        "NNJNOCOPONH": "Center",
                        "width": 96.2601089477539,
                        "length": 75.92789459228516
                    }
                }
            ]
        },
        {
            "LAFAKLPCIGN": 3270202,
            "IJKDDEEEJLA": [
                {
                    "pos": {
                        "x": -2352.216064453125,
                        "y": 191.446533203125,
                        "z": 5434.064453125
                    },
                    "shape": {
                        "$type": "BKEMHMCCJDJ",
                        "FMMJOMDHOKK": true,
                        "height": 31.187965393066406,
                        "NNJNOCOPONH": "Center",
                        "width": 58.74768829345703,
                        "length": 90.53648376464844
                    }
                },
                {
                    "pos": {
                        "x": -2346.0341796875,
                        "y": 201.65896606445312,
                        "z": 5548.5712890625
                    },
                    "shape": {
                        "$type": "BKEMHMCCJDJ",
                        "FMMJOMDHOKK": true,
                        "height": 33.59272384643555,
                        "NNJNOCOPONH": "Center",
                        "width": 179.64076232910156,
                        "length": 145.88291931152344
                    }
                },
                {
                    "pos": {
                        "x": -2279.68017578125,
                        "y": 181.15768432617188,
                        "z": 5613.7509765625
                    },
                    "shape": {
                        "$type": "BKEMHMCCJDJ",
                        "FMMJOMDHOKK": true,
                        "height": 15.0,
                        "NNJNOCOPONH": "Center",
                        "width": 15.0,
                        "length": 15.0
                    }
                },
                {
                    "pos": {
                        "x": -2418.91015625,
                        "y": 183.06117248535156,
                        "z": 5613.78662109375
                    },
                    "shape": {
                        "$type": "BKEMHMCCJDJ",
                        "FMMJOMDHOKK": true,
                        "height": 15.0,
                        "NNJNOCOPONH": "Center",
                        "width": 15.0,
                        "length": 15.0
                    }
                }
            ]
        },
        {
            "LAFAKLPCIGN": 3270203,
            "IJKDDEEEJLA": [
                {
                    "pos": {
                        "x": -2358.95458984375,
                        "y": 157.370361328125,
                        "z": 5539.34375
                    },
                    "shape": {
                        "$type": "BKEMHMCCJDJ",
                        "FMMJOMDHOKK": true,
                        "height": 55.283203125,
                        "NNJNOCOPONH": "Center",
                        "width": 121.68478393554688,
                        "length": 125.6197280883789
                    }
                }
            ]
        }
    ],
    "minArea": {
        "x": -2435.8544921875,
        "y": 129.728759765625,
        "z": 5388.796875
    },
    "maxArea": {
        "x": -2256.2138671875,
        "y": 268.4532165527344,
        "z": 5621.5126953125
    }
}