{
    "-70339889": {},
    "0": {
        "GFGDIHHCBJO": 0.13186365365982056
    },
    "-268987599": {},
    "33": {},
    "32": {
        "IHNHJAHELKL": -2.255447899085474e-17,
        "GFGDIHHCBJO": 3.490176098104193e-18,
        "turnSpeedOverride": 2.2688545868732035e-06
    },
    "-4298": {
        "IHNHJAHELKL": -276.81976318359375,
        "GFGDIHHCBJO": 251.807373046875,
        "turnSpeedOverride": 358.51702880859375
    },
    "-4": {
        "IHNHJAHELKL": -1.2617513648571864e-24,
        "GFGDIHHCBJO": -1.5421819029545168e-28
    },
    "38": {
        "IHNHJAHELKL": 0.06251385062932968,
        "GFGDIHHCBJO": 1.8716645846772053e-37
    },
    "4240": {
        "IHNHJAHELKL": 1.472755405598017e-34,
        "GFGDIHHCBJO": -44.95209884643555,
        "turnSpeedOverride": 195.35977172851562
    },
    "-4711": {},
    "-34": {
        "IHNHJAHELKL": -182.17831420898438,
        "GFGDIHHCBJO": 245.84825134277344,
        "turnSpeedOverride": 150.3385009765625
    }
}