{
    "8": {
        "LAIJCBOFMLB": 1.7465355179128783e+19,
        "defendAreaRange": 1.1287461610545351e+27
    },
    "54": {
        "LAIJCBOFMLB": 4.102657058524528e-08,
        "defendAreaRange": -4.142778379900847e-06,
        "speedLevel": 125789,
        "FENJEENCAEP": 9.477424324543464e-38,
        "FLLFKNOBLDB": true
    },
    "-3720508": {
        "defendAreaRange": 1.5901442466624174e-30
    }
}