{
    "0": {
        "KFDAAODFGGE": -1.7949906132099244e+38,
        "BAJPHKFLKHB": 0.0003762289707083255
    },
    "-4297": {},
    "-41": {
        "NHPKGHAHIFA": -34,
        "KFDAAODFGGE": 4736.89599609375,
        "DOKCMEPOIBC": 7.183719158172607
    },
    "-4835": {
        "DOKCMEPOIBC": 4.012084934337419e+34,
        "BAJPHKFLKHB": 1.79030702591976e-21
    },
    "23": {
        "NHPKGHAHIFA": -547,
        "KFDAAODFGGE": -9.193360947126938e-36,
        "DOKCMEPOIBC": 1.4863875814420795e-34,
        "BAJPHKFLKHB": -3041.964111328125
    },
    "70316454": {
        "NHPKGHAHIFA": 566459,
        "KFDAAODFGGE": 8.985405293060467e-05,
        "BAJPHKFLKHB": -2.518288267949912e-37
    },
    "-34": {
        "KFDAAODFGGE": 1.4863783978924637e-34,
        "DOKCMEPOIBC": -2955.68994140625
    },
    "70274970": {
        "NHPKGHAHIFA": 566554,
        "BAJPHKFLKHB": 0.003471137722954154
    },
    "-788387": {
        "NHPKGHAHIFA": -34,
        "DOKCMEPOIBC": 4776.92529296875
    },
    "-4": {
        "KFDAAODFGGE": 6311.62646484375,
        "DOKCMEPOIBC": -1.778215352743473e-10,
        "BAJPHKFLKHB": 1.4864551953261258e-34
    },
    "-5": {
        "BAJPHKFLKHB": -22.4713077545166
    },
    "-4290": {
        "NHPKGHAHIFA": 566582,
        "KFDAAODFGGE": 5.779788494110107
    },
    "-4451": {
        "NHPKGHAHIFA": 4290,
        "KFDAAODFGGE": 4753.83984375
    }
}