{
    "8": {
        "LAIJCBOFMLB": 1.7465355179128783e+19,
        "defendAreaRange": 1.1287461610545351e+27
    },
    "54": {
        "LAIJCBOFMLB": 2.5640474188293183e-09,
        "defendAreaRange": -4.1427788346481975e-06,
        "speedLevel": 125789,
        "FENJEENCAEP": 9.704882508332508e-35,
        "FLLFKNOBLDB": true
    },
    "-3720508": {
        "defendAreaRange": 2.4263675638769797e-35
    }
}