{
    "AEPKAFFJKAG": 33001,
    "FNFADHDELGE": [
        {
            "LAFAKLPCIGN": 3300101,
            "IJKDDEEEJLA": [
                {
                    "pos": {
                        "x": 448.2332458496094,
                        "y": 98.67855072021484,
                        "z": 6295.7646484375
                    },
                    "shape": {
                        "$type": "BKEMHMCCJDJ",
                        "FMMJOMDHOKK": true,
                        "height": 162.91944885253906,
                        "NNJNOCOPONH": "Center",
                        "width": 430.0433654785156,
                        "length": 234.095703125
                    }
                },
                {
                    "pos": {
                        "x": 497.01007080078125,
                        "y": 141.65615844726562,
                        "z": 6516.1064453125
                    },
                    "rot": {
                        "x": 351.9304504394531,
                        "y": 26.150156021118164
                    },
                    "shape": {
                        "$type": "GPPNLKBMBMC",
                        "FMMJOMDHOKK": true,
                        "height": 106.12722778320312,
                        "width": 138.08868408203125,
                        "length": 294.54156494140625
                    }
                },
                {
                    "pos": {
                        "x": 524.03076171875,
                        "y": 159.24298095703125,
                        "z": 6682.646484375
                    },
                    "rot": {
                        "x": 6.65557861328125,
                        "y": 73.75666809082031,
                        "z": 350.11865234375
                    },
                    "shape": {
                        "$type": "GPPNLKBMBMC",
                        "FMMJOMDHOKK": true,
                        "height": 44.4246940612793,
                        "width": 158.85096740722656,
                        "length": 147.41033935546875
                    }
                }
            ]
        },
        {
            "LAFAKLPCIGN": 3300102,
            "IJKDDEEEJLA": [
                {
                    "pos": {
                        "x": 443.60784912109375,
                        "y": 70.0,
                        "z": 6040.71142578125
                    },
                    "shape": {
                        "$type": "BKEMHMCCJDJ",
                        "FMMJOMDHOKK": true,
                        "height": 255.75192260742188,
                        "NNJNOCOPONH": "Center",
                        "width": 177.33114624023438,
                        "length": 295.7433776855469
                    }
                },
                {
                    "pos": {
                        "x": 458.51202392578125,
                        "y": -8.567065238952637,
                        "z": 6263.2861328125
                    },
                    "shape": {
                        "$type": "BKEMHMCCJDJ",
                        "FMMJOMDHOKK": true,
                        "height": 54.218849182128906,
                        "NNJNOCOPONH": "Center",
                        "width": 70.15681457519531,
                        "length": 231.8373565673828
                    }
                }
            ]
        }
    ],
    "minArea": {
        "x": 233.2115478515625,
        "y": -57.87596130371094,
        "z": 5892.83984375
    },
    "maxArea": {
        "x": 663.2550048828125,
        "y": 214.8675079345703,
        "z": 6781.640625
    }
}