{
    "id": 4010021,
    "area": {},
    "BEIGKAINJHF": {
        "$type": "JLEAAMPDCOJ",
        "sceneId": 3,
        "shape": {
            "$type": "HLJLBCENBEC",
            "LMLCKNKLLII": {
                "x": -419.91949462890625,
                "y": 260.9928894042969,
                "z": 2722.928955078125
            },
            "radius": 30.0
        }
    },
    "ALCMIAJNKGP": {}
}