{
    "id": 4010021,
    "area": {},
    "LBJJNNJIANO": {
        "$type": "OLNKDALJECB",
        "sceneId": 3,
        "shape": {
            "$type": "LCCFGNEAOKP",
            "OEMMPAODJAI": {
                "x": -419.91949462890625,
                "y": 260.9928894042969,
                "z": 2722.928955078125
            },
            "radius": 30.0
        }
    },
    "OEGFBJLKOPA": {}
}