{
    "id": 101,
    "CIEIDBLDBED": [
        {
            "musicSubStates": {
                "x": -213.880615234375,
                "y": 231.221923828125,
                "z": 3491.052978515625
            },
            "shape": {
                "$type": "JDMEKOJCJLA",
                "EIDBHMBCHBO": true,
                "height": 44.926918029785156,
                "FKCPFIPJFJH": "Center",
                "width": 54.44209289550781,
                "length": 105.5530776977539
            }
        },
        {
            "musicSubStates": {
                "x": -175.44528198242188,
                "y": 231.48968505859375,
                "z": 3482.35546875
            },
            "shape": {
                "$type": "JDMEKOJCJLA",
                "EIDBHMBCHBO": true,
                "height": 30.74859619140625,
                "FKCPFIPJFJH": "Center",
                "width": 27.823558807373047,
                "length": 12.170675277709961
            }
        }
    ],
    "OIIADGEGBJA": [
        {
            "id": 1010001,
            "type": "REGION_ENTRANCE",
            "musicSubStates": {
                "x": -239.07781982421875,
                "y": 245.3573760986328,
                "z": 3444.949462890625
            },
            "OOFAFLLNNMO": {
                "offset": {
                    "y": 1.0
                },
                "EJIBHDKAAFB": true
            },
            "LHCKDKDHOJM": [
                {
                    "EDGAJBELMGH": 7368901,
                    "KMDMGFGMDNG": 3,
                    "HHBPAHICLFO": true
                },
                {
                    "type": "TRANSPORT_UNLOCKED",
                    "EDGAJBELMGH": 463
                }
            ],
            "AHGBGBCFIMO": "LOGIC_AND",
            "OKDFMMIOLMB": [
                1010002
            ],
            "BAEFOGOKACM": 4294967295,
            "FICKOKBCLPC": 4294967295
        },
        {
            "id": 1010015,
            "musicSubStates": {
                "x": -172.73309326171875,
                "y": 233.90451049804688,
                "z": 3481.480712890625
            },
            "OOFAFLLNNMO": {
                "offset": {
                    "y": 1.0
                },
                "EJIBHDKAAFB": true
            },
            "AHGBGBCFIMO": "LOGIC_AND",
            "OKDFMMIOLMB": [
                1010007
            ],
            "BAEFOGOKACM": 102,
            "FICKOKBCLPC": 1020001
        }
    ],
    "MHHCMJDEEJK": [
        {
            "id": 1010001,
            "type": "REGION_ENTRANCE",
            "musicSubStates": {
                "x": -239.07781982421875,
                "y": 245.3573760986328,
                "z": 3444.949462890625
            },
            "OOFAFLLNNMO": {
                "offset": {
                    "y": 1.0
                },
                "EJIBHDKAAFB": true
            },
            "LHCKDKDHOJM": [
                {
                    "EDGAJBELMGH": 7368901,
                    "KMDMGFGMDNG": 3,
                    "HHBPAHICLFO": true
                },
                {
                    "type": "TRANSPORT_UNLOCKED",
                    "EDGAJBELMGH": 463
                }
            ],
            "AHGBGBCFIMO": "LOGIC_AND",
            "OKDFMMIOLMB": [
                1010002
            ],
            "BAEFOGOKACM": 4294967295,
            "FICKOKBCLPC": 4294967295
        },
        {
            "id": 1010002,
            "musicSubStates": {
                "x": -233.372314453125,
                "y": 239.34548950195312,
                "z": 3462.292236328125
            },
            "OOFAFLLNNMO": {
                "offset": {
                    "y": 1.0
                },
                "EJIBHDKAAFB": true
            },
            "AHGBGBCFIMO": "LOGIC_AND",
            "OKDFMMIOLMB": [
                1010001,
                1010003
            ]
        },
        {
            "id": 1010003,
            "musicSubStates": {
                "x": -222.96136474609375,
                "y": 235.45358276367188,
                "z": 3472.93359375
            },
            "PKGBKONFBKG": true,
            "OOFAFLLNNMO": {
                "offset": {
                    "y": 1.0
                },
                "EJIBHDKAAFB": true
            },
            "AHGBGBCFIMO": "LOGIC_AND",
            "OKDFMMIOLMB": [
                1010002,
                1010004
            ]
        },
        {
            "id": 1010004,
            "musicSubStates": {
                "x": -211.90652465820312,
                "y": 232.4855499267578,
                "z": 3480.288330078125
            },
            "PKGBKONFBKG": true,
            "OOFAFLLNNMO": {
                "offset": {
                    "y": 1.0
                },
                "EJIBHDKAAFB": true
            },
            "AHGBGBCFIMO": "LOGIC_AND",
            "OKDFMMIOLMB": [
                1010003,
                1010005
            ]
        },
        {
            "id": 1010005,
            "musicSubStates": {
                "x": -205.0828857421875,
                "y": 230.46417236328125,
                "z": 3484.840576171875
            },
            "OOFAFLLNNMO": {
                "offset": {
                    "y": 1.0
                },
                "EJIBHDKAAFB": true
            },
            "AHGBGBCFIMO": "LOGIC_AND",
            "OKDFMMIOLMB": [
                1010004,
                1010006,
                1010008
            ]
        },
        {
            "id": 1010006,
            "musicSubStates": {
                "x": -192.8575439453125,
                "y": 230.90771484375,
                "z": 3481.2919921875
            },
            "OOFAFLLNNMO": {
                "offset": {
                    "y": 1.0
                },
                "EJIBHDKAAFB": true
            },
            "AHGBGBCFIMO": "LOGIC_AND",
            "OKDFMMIOLMB": [
                1010005,
                1010007
            ]
        },
        {
            "id": 1010007,
            "musicSubStates": {
                "x": -179.2391357421875,
                "y": 232.91213989257812,
                "z": 3480.809326171875
            },
            "EHKCIKAFDDF": "CAVE_POLYGON",
            "OOFAFLLNNMO": {
                "offset": {
                    "y": 1.0
                },
                "EJIBHDKAAFB": true
            },
            "area": {
                "type": "INSIDE_RADIUS",
                "HOMCOLBDNBD": 3.0
            },
            "AHGBGBCFIMO": "LOGIC_AND",
            "OKDFMMIOLMB": [
                1010006,
                1010015
            ]
        },
        {
            "id": 1010008,
            "musicSubStates": {
                "x": -204.3745574951172,
                "y": 230.46153259277344,
                "z": 3495.249755859375
            },
            "AHGBGBCFIMO": "LOGIC_AND",
            "OKDFMMIOLMB": [
                1010009,
                1010005,
                1010011
            ]
        },
        {
            "id": 1010009,
            "musicSubStates": {
                "x": -195.17633056640625,
                "y": 226.3292236328125,
                "z": 3505.23779296875
            },
            "priority": 10,
            "OOFAFLLNNMO": {
                "offset": {
                    "y": 1.0
                },
                "EJIBHDKAAFB": true
            },
            "AHGBGBCFIMO": "LOGIC_AND",
            "OKDFMMIOLMB": [
                1010008,
                1010010
            ]
        },
        {
            "id": 1010010,
            "musicSubStates": {
                "x": -193.2806396484375,
                "y": 227.19541931152344,
                "z": 3519.174560546875
            },
            "OOFAFLLNNMO": {
                "offset": {
                    "y": 1.0
                },
                "EJIBHDKAAFB": true
            },