{
    "0": {
        "NCEFFPGBBOO": true,
        "BINPAEGDNGL": 1097.3797607421875,
        "ABCIKMADDBL": true
    },
    "56": {
        "NHPKGHAHIFA": 7072,
        "MONCHHKIDKL": 1.0400953095293108e-34,
        "ABCIKMADDBL": true
    },
    "552080": {},
    "-2239": {
        "FDNLEPNLLBP": 1.584575906227461e+29,
        "BINPAEGDNGL": -5.685444760202635e-32
    },
    "34": {
        "NHPKGHAHIFA": -21,
        "MONCHHKIDKL": 6.211148944436463e-39,
        "FLCNLCKOKAA": -0.0029821395874023438
    },
    "-557806": {
        "NHPKGHAHIFA": 70689278,
        "MONCHHKIDKL": 240.0,
        "FLCNLCKOKAA": 1163.1534423828125
    },
    "-4": {
        "FLCNLCKOKAA": 6.227681463718567e-39,
        "FDNLEPNLLBP": 2.597809964262145e+38,
        "BINPAEGDNGL": 1.4784348570635379e-34,
        "ABCIKMADDBL": true
    },
    "-4360": {
        "NHPKGHAHIFA": -64,
        "MONCHHKIDKL": 6.229165438792287e-39,
        "FLCNLCKOKAA": 1.1648982763290405e-05
    },
    "-557705": {
        "NHPKGHAHIFA": -71001428,
        "MONCHHKIDKL": 240.0,
        "FLCNLCKOKAA": 1094.871337890625
    },
    "12": {
        "FLCNLCKOKAA": 1.584575906227461e+29,
        "ABCIKMADDBL": true
    },
    "-32": {},
    "-4356": {
        "NHPKGHAHIFA": -70783063,
        "MONCHHKIDKL": 240.0,
        "FLCNLCKOKAA": 1097.8118896484375
    }
}