{
    "id": 3,
    "sceneId": 3,
    "CNOKAIMCPEA": [
        {
            "$type": "FOAHBDLDFMK",
            "id": 301,
            "KOCMMKFMMMA": [
                {
                    "pos": {
                        "x": 463.3146057128906,
                        "y": 235.074951171875,
                        "z": 6083.53662109375
                    },
                    "rot": {
                        "y": 311.37615966796875
                    },
                    "shape": {
                        "$type": "NENJBOLIMHI",
                        "DDJAPBKMFHK": true,
                        "height": 50.0,
                        "CEJBIGAKPDG": "Center",
                        "width": 90.0,
                        "length": 175.0
                    }
                }
            ],
            "BEFDGNHALBH": [
                {
                    "id": 3010001,
                    "type": "REGION_ENTRANCE",
                    "pos": {
                        "x": 512.8953857421875,
                        "y": 255.37564086914062,
                        "z": 6008.75634765625
                    },
                    "priority": 255,
                    "LCPFEPOFHGN": "LOGIC_AND",
                    "PEIIAMFBJNI": [
                        3010002
                    ],
                    "CGHPEGECFMD": 4294967295,
                    "AFDHFAJPGMA": 4294967295
                }
            ],
            "DENGLHDNJHH": true
        }
    ]
}