{
    "id": 3,
    "sceneId": 3,
    "GPGADOCIOIA": [
        {
            "$type": "IGIOLILFIMG",
            "id": 301,
            "IJKDDEEEJLA": [
                {
                    "pos": {
                        "x": 463.3146057128906,
                        "y": 235.074951171875,
                        "z": 6083.53662109375
                    },
                    "rot": {
                        "y": 311.37615966796875
                    },
                    "shape": {
                        "$type": "BKEMHMCCJDJ",
                        "FMMJOMDHOKK": true,
                        "height": 50.0,
                        "NNJNOCOPONH": "Center",
                        "width": 90.0,
                        "length": 175.0
                    }
                }
            ],
            "HPHKLPKMEEI": [
                {
                    "id": 3010001,
                    "type": "REGION_ENTRANCE",
                    "pos": {
                        "x": 512.8953857421875,
                        "y": 255.37564086914062,
                        "z": 6008.75634765625
                    },
                    "priority": 255,
                    "IMLJNPFEJHJ": "LOGIC_AND",
                    "IPIAMIDPFMG": [
                        3010002
                    ],
                    "AODCALPJHFJ": 4294967295,
                    "OILLBBHICBA": 4294967295
                }
            ],
            "KFKNNLMADHL": true
        }
    ]
}