{
    "id": 1085034,
    "CDEGPGBDEJE": [
        4194988,
        4194989
    ],
    "MCFMLIDMFEM": [
        {
            "stateID": 1085011,
            "EKIAHFKIMEO": 100.0,
            "NDKDCIGLHJM": {
                "r": 0.9764999747276306,
                "g": 0.8863000273704529,
                "b": 0.7490000128746033,
                "a": 1.0
            },
            "KGNGNAHJAEP": 1.0
        }
    ]
}