{
  "id": 1085034,
  "KKMONDGAGKP": [
    4194988,
    4194989
  ],
  "AACMMHBFIML": [
    {
      "stateID": 1085011,
      "GJFHCKCBDID": 100.0,
      "color": {
        "r": 0.9764999747276306,
        "g": 0.8863000273704529,
        "b": 0.7490000128746033,
        "a": 1.0
      },
      "CKJGENBOAGD": 1.0
    }
  ]
}