{
  "id": 1085034,
  "JGMLGNOHGDL": [
    4194988,
    4194989
  ],
  "LKKKBCPOLPL": [
    {
      "stateID": 1085011,
      "PGPMANHLGJC": 100.0,
      "color": {
        "r": 0.9764999747276306,
        "g": 0.8863000273704529,
        "b": 0.7490000128746033,
        "a": 1.0
      },
      "JCJDBMGIFDC": 1.0
    }
  ]
}