{
  "id": 1085034,
  "LAEMIMJDAEG": [
    4194988,
    4194989
  ],
  "OCALCKHBMKC": [
    {
      "GOPFOAFEKLC": 1085011,
      "MMCHEANOHHM": 100.0,
      "color": {
        "r": 0.9764999747276306,
        "g": 0.8863000273704529,
        "b": 0.7490000128746033,
        "a": 1.0
      },
      "NBHHDDPNINL": 1.0
    }
  ]
}