{
    "id": 1085034,
    "IPEGAECOAGN": [
        4194988,
        4194989
    ],
    "HDJKHJGEPHL": [
        {
            "stateID": 1085011,
            "BNBGHDEFDNC": 100.0,
            "PPBFDJDJDCD": {
                "r": 0.9764999747276306,
                "g": 0.8863000273704529,
                "b": 0.7490000128746033,
                "a": 1.0
            },
            "NFFIEDNOPHP": 1.0
        }
    ]
}