{
    "id": 1085034,
    "AHGMGBHNLON": [
        4194988,
        4194989
    ],
    "IIJKEEGOKMC": [
        {
            "stateID": 1085011,
            "GJAPNKGKOEE": 100.0,
            "IPHJGCMOIAI": {
                "r": 0.9764999747276306,
                "g": 0.8863000273704529,
                "b": 0.7490000128746033,
                "a": 1.0
            },
            "OHAGJHMJCBA": 1.0
        }
    ]
}