{
    "id": 1085034,
    "IMFPOJPGIFN": [
        4194988,
        4194989
    ],
    "HNEEEJAPICF": [
        {
            "GEAPDIDEKFG": 1085011,
            "CMGBFIKDJDE": 100.0,
            "JANNADIOCPM": {
                "r": 0.9764999747276306,
                "g": 0.8863000273704529,
                "b": 0.7490000128746033,
                "a": 1.0
            },
            "FLMFPPGIOPL": 1.0
        }
    ]
}