{
    "id": 1085034,
    "CNGKJKBLBPC": [
        4194988,
        4194989
    ],
    "KEDLOCJGPGI": [
        {
            "stateID": 1085011,
            "CENMDGPDJPD": 100.0,
            "DJANDKEJGFB": {
                "r": 0.9764999747276306,
                "g": 0.8863000273704529,
                "b": 0.7490000128746033,
                "a": 1.0
            },
            "DIMDKLAHLHA": 1.0
        }
    ]
}