{
    "OCBHEDFEEDD": {
        "x": 2.4262952434237553e-35
    },
    "OIBIHPBEAJB": 2.3694278276172396e-38
}