{
    "AEPKAFFJKAG": 33503,
    "FNFADHDELGE": [
        {
            "LAFAKLPCIGN": 3350301,
            "IJKDDEEEJLA": [
                {
                    "pos": {
                        "x": 3289.17724609375,
                        "y": 335.1512145996094,
                        "z": 4494.12451171875
                    },
                    "rot": {
                        "y": 12.600809097290039
                    },
                    "shape": {
                        "$type": "BKEMHMCCJDJ",
                        "FMMJOMDHOKK": true,
                        "height": 167.439697265625,
                        "NNJNOCOPONH": "Center",
                        "width": 93.84711456298828,
                        "length": 163.5089111328125
                    }
                },
                {
                    "pos": {
                        "x": 3241.33935546875,
                        "y": 303.3957824707031,
                        "z": 4403.439453125
                    },
                    "rot": {
                        "y": 38.73477554321289
                    },
                    "shape": {
                        "$type": "BKEMHMCCJDJ",
                        "FMMJOMDHOKK": true,
                        "height": 42.705806732177734,
                        "NNJNOCOPONH": "Center",
                        "width": 68.8751449584961,
                        "length": 65.72007751464844
                    }
                }
            ]
        },
        {
            "LAFAKLPCIGN": 3350302,
            "IJKDDEEEJLA": [
                {
                    "pos": {
                        "x": 3138.30126953125,
                        "y": 260.9736328125,
                        "z": 4275.25146484375
                    },
                    "rot": {
                        "y": 39.95473098754883
                    },
                    "shape": {
                        "$type": "BKEMHMCCJDJ",
                        "FMMJOMDHOKK": true,
                        "height": 96.23855590820312,
                        "NNJNOCOPONH": "Center",
                        "width": 78.1387710571289,
                        "length": 267.0190734863281
                    }
                },
                {
                    "pos": {
                        "x": 3142.294677734375,
                        "y": 220.27601623535156,
                        "z": 4156.89599609375
                    },
                    "shape": {
                        "$type": "BKEMHMCCJDJ",
                        "FMMJOMDHOKK": true,
                        "height": 155.51138305664062,
                        "NNJNOCOPONH": "Center",
                        "width": 206.54112243652344,
                        "length": 153.56117248535156
                    }
                },
                {
                    "pos": {
                        "x": 3289.009521484375,
                        "y": 233.85191345214844,
                        "z": 4111.00244140625
                    },
                    "shape": {
                        "$type": "BKEMHMCCJDJ",
                        "FMMJOMDHOKK": true,
                        "height": 112.82548522949219,
                        "NNJNOCOPONH": "Center",
                        "width": 107.64312744140625,
                        "length": 76.52279663085938
                    }
                },
                {
                    "pos": {
                        "x": 3293.998779296875,
                        "y": 258.340087890625,
                        "z": 4173.67138671875
                    },
                    "shape": {
                        "$type": "BKEMHMCCJDJ",
                        "FMMJOMDHOKK": true,
                        "height": 63.213748931884766,
                        "NNJNOCOPONH": "Center",
                        "width": 145.9541015625,
                        "length": 101.21018981933594
                    }
                },
                {
                    "pos": {
                        "x": 3311.31298828125,
                        "y": 237.08209228515625,
                        "z": 4149.57275390625
                    },
                    "shape": {
                        "$type": "BKEMHMCCJDJ",
                        "FMMJOMDHOKK": true,
                        "height": 21.249202728271484,
                        "NNJNOCOPONH": "Center",
                        "width": 60.90065002441406,
                        "length": 58.80680847167969
                    }
                }
            ]
        },
        {
            "LAFAKLPCIGN": 3350303,
            "IJKDDEEEJLA": [
                {
                    "pos": {
                        "x": 3301.2724609375,
                        "y": 215.11778259277344,
                        "z": 4168.11669921875
                    },
                    "rot": {
                        "y": 355.78521728515625
                    },
                    "shape": {
                        "$type": "BKEMHMCCJDJ",
                        "FMMJOMDHOKK": true,
                        "height": 58.20581817626953,
                        "NNJNOCOPONH": "Center",
                        "width": 132.72508239746094,
                        "length": 41.6490592956543
                    }
                },
                {
                    "pos": {
                        "x": 3441.92431640625,
                        "y": 186.1634521484375,
                        "z": 4228.82763671875
                    },
                    "shape": {
                        "$type": "BKEMHMCCJDJ",
                        "FMMJOMDHOKK": true,
                        "height": 101.98050689697266,
                        "NNJNOCOPONH": "Center",
                        "width": 214.7106475830078,
                        "length": 149.3345184326172
                    }
                },
                {
                    "pos": {
                        "x": 3800.745849609375,
                        "y": 284.2695007324219,
                        "z": 4148.91650390625
                    },
                    "rot": {
                        "y": 14.339895248413086
                    },
                    "shape": {
                        "$type": "BKEMHMCCJDJ",
                        "FMMJOMDHOKK": true,
                        "height": 229.7315216064453,
                        "NNJNOCOPONH": "Center",
                        "width": 151.23001098632812,
                        "length": 95.34272766113281
                    }
                },
                {
                    "pos": {
                        "x": 3649.089111328125,
                        "y": 212.2109832763672,
                        "z": 4195.18505859375
                    },
                    "shape": {
                        "$type": "BKEMHMCCJDJ",
                        "FMMJOMDHOKK": true,
                        "height": 122.65304565429688,
                        "NNJNOCOPONH": "Center",
                        "width": 299.5286865234375,
                        "length": 153.15711975097656
                    }
                }
            ]
        }
    ],
    "minArea": {
        "x": 3022.615234375,
        "y": 135.17318725585938,
        "z": 4072.7412109375
    },
    "maxArea": {
        "x": 3885.81201171875,
        "y": 418.8710021972656,
        "z": 4584.146484375
    }
}