{
    "8": {
        "turnSpeedOverrideWalk": 1.7465355179128783e+19,
        "turnSpeedOverrideRun": 1.1287461610545351e+27
    },
    "54": {
        "turnSpeedOverrideWalk": 2.5639905754104575e-09,
        "turnSpeedOverrideRun": -6.57169259228923e+33,
        "spacial": true,
        "spacialRoll": true
    },
    "-2": {
        "turnSpeedOverrideRun": 1.5164797274231123e-36
    }
}