{
    "yMax": 36.0,
    "yMin": -25.0,
    "vertices": [
        {
            "x": -2036.75048828125,
            "y": 17.494638442993164,
            "z": 5694.37744140625
        },
        {
            "x": -2070.52294921875,
            "y": 16.452821731567383,
            "z": 5704.0009765625
        },
        {
            "x": -2076.716796875,
            "y": -17.727867126464844,
            "z": 5741.33349609375
        },
        {
            "x": -2013.375732421875,
            "y": 2.3975372314453125,
            "z": 5739.2587890625
        }
    ]
}