{
    "AEPKAFFJKAG": 34103,
    "FNFADHDELGE": [
        {
            "LAFAKLPCIGN": 3410301,
            "IJKDDEEEJLA": [
                {
                    "pos": {
                        "x": 1885.6905517578125,
                        "y": 192.66677856445312,
                        "z": 2250.467041015625
                    },
                    "shape": {
                        "$type": "BKEMHMCCJDJ",
                        "FMMJOMDHOKK": true,
                        "height": 123.82719421386719,
                        "NNJNOCOPONH": "Center",
                        "width": 324.8790588378906,
                        "length": 404.33831787109375
                    }
                }
            ]
        }
    ],
    "minArea": {
        "x": 1723.2509765625,
        "y": 130.753173828125,
        "z": 2048.2978515625
    },
    "maxArea": {
        "x": 2048.130126953125,
        "y": 254.58038330078125,
        "z": 2452.63623046875
    }
}