{
    "id": 34,
    "sceneId": 3,
    "IKDMGMNBFCJ": [
        {
            "$type": "ONPHLBONOHE",
            "id": 3401,
            "CIEIDBLDBED": [
                {
                    "musicSubStates": {
                        "x": 2476.85986328125,
                        "y": 252.2375030517578,
                        "z": 5006.486328125
                    },
                    "rot": {
                        "y": 53.64339065551758
                    },
                    "shape": {
                        "$type": "JDMEKOJCJLA",
                        "EIDBHMBCHBO": true,
                        "height": 46.01755905151367,
                        "FKCPFIPJFJH": "Center",
                        "width": 72.5270004272461,
                        "length": 116.77727508544922
                    }
                },
                {
                    "musicSubStates": {
                        "x": 2433.011474609375,
                        "y": 248.57412719726562,
                        "z": 4990.5390625
                    },
                    "rot": {
                        "y": 319.19122314453125
                    },
                    "shape": {
                        "$type": "JDMEKOJCJLA",
                        "EIDBHMBCHBO": true,
                        "height": 28.422607421875,
                        "FKCPFIPJFJH": "Center",
                        "width": 51.83721160888672,
                        "length": 17.77344512939453
                    }
                }
            ],
            "OIIADGEGBJA": [
                {
                    "id": 34010001,
                    "type": "REGION_ENTRANCE",
                    "musicSubStates": {
                        "x": 2415.5361328125,
                        "y": 248.7239532470703,
                        "z": 4977.20361328125
                    },
                    "OOFAFLLNNMO": {
                        "offset": {
                            "y": 1.0
                        },
                        "EJIBHDKAAFB": true
                    },
                    "AHGBGBCFIMO": "LOGIC_AND",
                    "BAEFOGOKACM": 4294967295,
                    "FICKOKBCLPC": 4294967295
                }
            ],
            "FFGEBNKOEKI": true
        }
    ]
}