{
    "AALCEBAEFEN": 33702,
    "MPMMMACDOJP": [
        {
            "BDHOGOEAPIA": 3370201,
            "CIEIDBLDBED": [
                {
                    "musicSubStates": {
                        "x": 4230.79052734375,
                        "y": 533.881591796875,
                        "z": 3987.24365234375
                    },
                    "shape": {
                        "$type": "JDMEKOJCJLA",
                        "EIDBHMBCHBO": true,
                        "height": 39.812530517578125,
                        "FKCPFIPJFJH": "Center",
                        "width": 67.8154525756836,
                        "length": 110.67144775390625
                    }
                }
            ]
        }
    ],
    "minArea": {
        "x": 4196.8828125,
        "y": 513.975341796875,
        "z": 3931.907958984375
    },
    "maxArea": {
        "x": 4264.6982421875,
        "y": 553.787841796875,
        "z": 4042.579345703125
    }
}