{
    "id": 33,
    "sceneId": 3,
    "MINJPEBGODH": [
        {
            "$type": "HHGOMNDPDCN",
            "id": 3301,
            "PEPAPKCIEFM": [
                {
                    "pos": {
                        "x": 2620.702392578125,
                        "y": 276.213623046875,
                        "z": 4807.13037109375
                    },
                    "shape": {
                        "$type": "IHCLADABNNJ",
                        "EAIPPAJKGFO": true,
                        "height": 324.299560546875,
                        "radius": 100.0
                    }
                }
            ],
            "CKCPGNKAJIJ": [
                {
                    "id": 33010001,
                    "type": "REGION_ENTRANCE",
                    "pos": {
                        "x": 2692.45654296875,
                        "y": 435.8287658691406,
                        "z": 4808.76708984375
                    },
                    "DAJODFMDKEE": "LOGIC_AND",
                    "BGLKEAKBPKH": 4294967295,
                    "LIJJLHIGOFF": 4294967295
                }
            ],
            "NBPGEMEPMDF": true
        }
    ]
}