{
    "id": 33,
    "sceneId": 3,
    "IKDMGMNBFCJ": [
        {
            "$type": "ONPHLBONOHE",
            "id": 3301,
            "CIEIDBLDBED": [
                {
                    "musicSubStates": {
                        "x": 2620.702392578125,
                        "y": 276.213623046875,
                        "z": 4807.13037109375
                    },
                    "shape": {
                        "$type": "DEKIFHALLML",
                        "EIDBHMBCHBO": true,
                        "height": 324.299560546875,
                        "radius": 100.0
                    }
                }
            ],
            "OIIADGEGBJA": [
                {
                    "id": 33010001,
                    "type": "REGION_ENTRANCE",
                    "musicSubStates": {
                        "x": 2692.45654296875,
                        "y": 435.8287658691406,
                        "z": 4808.76708984375
                    },
                    "AHGBGBCFIMO": "LOGIC_AND",
                    "BAEFOGOKACM": 4294967295,
                    "FICKOKBCLPC": 4294967295
                }
            ],
            "FFGEBNKOEKI": true
        }
    ]
}