{
    "8": {
        "speedLevel": 52,
        "DEHEIMMPHDI": 959696666624.0,
        "restTimeMax": 1.1432172628454787e+27
    },
    "-48": {
        "speedLevel": 25,
        "DEHEIMMPHDI": 1.3165820127811045e-37,
        "PLLIKLICLCG": {
            "PHLBHDMLMPF": 1.4798188179906388e-33,
            "HNMOOJCCIHD": 2.4979986432771987e-38
        },
        "restTimeMin": -2.5004525653534367e-26
    },
    "227": {
        "DEHEIMMPHDI": 1.5164797274231123e-36
    }
}