{
    "AEPKAFFJKAG": 33606,
    "FNFADHDELGE": [
        {
            "LAFAKLPCIGN": 3360601,
            "IJKDDEEEJLA": [
                {
                    "pos": {
                        "x": 4329.822265625,
                        "y": 356.29364013671875,
                        "z": 4895.5595703125
                    },
                    "shape": {
                        "$type": "OMNKHPLOBDP",
                        "FMMJOMDHOKK": true,
                        "height": 95.0322494506836,
                        "radius": 32.82807922363281
                    }
                },
                {
                    "pos": {
                        "x": 4260.103515625,
                        "y": 321.4626770019531,
                        "z": 4970.7255859375
                    },
                    "rot": {
                        "y": 317.928466796875
                    },
                    "shape": {
                        "$type": "BKEMHMCCJDJ",
                        "FMMJOMDHOKK": true,
                        "height": 76.71674346923828,
                        "NNJNOCOPONH": "Center",
                        "width": 96.85890197753906,
                        "length": 148.57562255859375
                    }
                },
                {
                    "pos": {
                        "x": 4398.24169921875,
                        "y": 347.0657043457031,
                        "z": 5071.0166015625
                    },
                    "rot": {
                        "y": 1.1490626335144043
                    },
                    "shape": {
                        "$type": "BKEMHMCCJDJ",
                        "FMMJOMDHOKK": true,
                        "height": 117.74571990966797,
                        "NNJNOCOPONH": "Center",
                        "width": 296.5771179199219,
                        "length": 138.94061279296875
                    }
                },
                {
                    "pos": {
                        "x": 4553.34228515625,
                        "y": 347.0359191894531,
                        "z": 5019.5380859375
                    },
                    "rot": {
                        "y": 337.9862365722656
                    },
                    "shape": {
                        "$type": "BKEMHMCCJDJ",
                        "FMMJOMDHOKK": true,
                        "height": 34.36683654785156,
                        "NNJNOCOPONH": "Center",
                        "width": 30.325145721435547,
                        "length": 21.431930541992188
                    }
                },
                {
                    "pos": {
                        "x": 4553.70361328125,
                        "y": 348.75128173828125,
                        "z": 5005.330078125
                    },
                    "rot": {
                        "y": 331.36114501953125
                    },
                    "shape": {
                        "$type": "BKEMHMCCJDJ",
                        "FMMJOMDHOKK": true,
                        "height": 36.96238327026367,
                        "NNJNOCOPONH": "Center",
                        "width": 29.011566162109375,
                        "length": 9.594738960266113
                    }
                }
            ]
        }
    ],
    "minArea": {
        "x": 4174.376953125,
        "y": 283.10430908203125,
        "z": 4862.7314453125
    },
    "maxArea": {
        "x": 4571.416015625,
        "y": 405.93853759765625,
        "z": 5143.4462890625
    }
}