{
    "AEPKAFFJKAG": 33504,
    "FNFADHDELGE": [
        {
            "LAFAKLPCIGN": 3350401,
            "IJKDDEEEJLA": [
                {
                    "pos": {
                        "x": 3316.760009765625,
                        "y": 325.3253173828125,
                        "z": 3842.812744140625
                    },
                    "shape": {
                        "$type": "BKEMHMCCJDJ",
                        "FMMJOMDHOKK": true,
                        "height": 60.0,
                        "NNJNOCOPONH": "Center",
                        "width": 125.0,
                        "length": 150.0
                    }
                },
                {
                    "pos": {
                        "x": 3316.895263671875,
                        "y": 368.71759033203125,
                        "z": 3900.49072265625
                    },
                    "shape": {
                        "$type": "BKEMHMCCJDJ",
                        "FMMJOMDHOKK": true,
                        "height": 35.0,
                        "NNJNOCOPONH": "Center",
                        "width": 30.0,
                        "length": 30.0
                    }
                },
                {
                    "pos": {
                        "x": 3317.040771484375,
                        "y": 325.46331787109375,
                        "z": 3990.264892578125
                    },
                    "shape": {
                        "$type": "BKEMHMCCJDJ",
                        "FMMJOMDHOKK": true,
                        "height": 30.0,
                        "NNJNOCOPONH": "Center",
                        "width": 40.0,
                        "length": 155.0
                    }
                }
            ]
        }
    ],
    "minArea": {
        "x": 3254.260009765625,
        "y": 295.3253173828125,
        "z": 3767.812744140625
    },
    "maxArea": {
        "x": 3379.260009765625,
        "y": 386.21759033203125,
        "z": 4067.764892578125
    }
}