{
    "8": {
        "speedLevel": 52,
        "turnSpeedOverride": 959696666624.0,
        "LHMADBKMEDF": 1.1432172628454787e+27
    },
    "-48": {
        "speedLevel": 26,
        "turnSpeedOverride": 1.3164959170034564e-37,
        "fleeDistanceMin": -2.1226817178976454e-11,
        "fleeDistanceMax": 2.3510646520213414e-38
    },
    "3": {
        "turnSpeedOverride": 1.1671594723980344e-36,
        "fleeDistanceMax": 1.8403252731977823e-40
    }
}