{
    "0": {},
    "4240": {},
    "-33": {
        "KBBJILAKPDO": 4.049444647110014e-25
    },
    "-3": {},
    "-64": {
        "ACEEFPBODHC": -2.0679675551197065e-25,
        "KBBJILAKPDO": -4.335896277610203e+35
    },
    "11": {
        "ACEEFPBODHC": -9.082122802734375,
        "HNJFJDKGJBF": -0.0902099609375
    }
}