{
    "0": {},
    "4240": {},
    "-33": {
        "LHPELAMMIFB": 4.049444647110014e-25
    },
    "-3": {},
    "-64": {
        "FEMFBCLBKCP": -2.0679675551197065e-25,
        "LHPELAMMIFB": -4.335896277610203e+35
    },
    "11": {
        "FEMFBCLBKCP": -9.082122802734375,
        "GEAICNICJAJ": -0.0902099609375
    }
}