{
    "0": {},
    "4240": {},
    "-33": {
        "BCDAGPNCLKO": 4.049444647110014e-25
    },
    "-3": {},
    "-64": {
        "IAGKJOFBGMB": -2.0679675551197065e-25,
        "BCDAGPNCLKO": -4.335896277610203e+35
    },
    "11": {
        "IAGKJOFBGMB": -9.082122802734375,
        "MONCHHKIDKL": -0.0902099609375
    }
}