{
    "0": {},
    "4240": {},
    "-33": {
        "KJEFFNNFMJF": 4.049444647110014e-25
    },
    "-3": {},
    "-64": {
        "DGINEHPDHDC": -2.0679675551197065e-25,
        "KJEFFNNFMJF": -4.335896277610203e+35
    },
    "11": {
        "DGINEHPDHDC": -9.082122802734375,
        "GMPECADKMON": -0.0902099609375
    }
}