{
    "yMax": 1000.0,
    "yMin": -1000.0,
    "vertices": [
        {
            "x": 2021.033935546875,
            "y": -3.0517578125e-05,
            "z": 2034.8646240234375
        },
        {
            "x": -1742.88330078125,
            "z": 2017.80419921875
        },
        {
            "x": -1773.85595703125,
            "y": 1.52587890625e-05,
            "z": -2024.06201171875
        },
        {
            "x": 2043.03076171875,
            "z": -2036.5579833984375
        }
    ]
}