{
    "FLAMIKEEEHP": {
        "x": 1.1758970279489959e-37
    },
    "scale": {
        "x": 2.3694278276172396e-38
    }
}