{
    "AEPKAFFJKAG": 33204,
    "FNFADHDELGE": [
        {
            "LAFAKLPCIGN": 3320401,
            "IJKDDEEEJLA": [
                {
                    "pos": {
                        "x": -845.621337890625,
                        "y": -854.7467041015625,
                        "z": 5283.359375
                    },
                    "shape": {
                        "$type": "BKEMHMCCJDJ",
                        "FMMJOMDHOKK": true,
                        "height": 551.405029296875,
                        "NNJNOCOPONH": "Center",
                        "width": 965.52099609375,
                        "length": 954.9326171875
                    }
                }
            ]
        }
    ],
    "minArea": {
        "x": -1328.3818359375,
        "y": -1130.44921875,
        "z": 4805.89306640625
    },
    "maxArea": {
        "x": -362.86083984375,
        "y": -579.044189453125,
        "z": 5760.82568359375
    }
}