{
    "8": {
        "speedLevel": 52,
        "turnSpeedOverride": 959696666624.0,
        "LABODBCBCFB": 1.1432172628454787e+27
    },
    "-48": {
        "speedLevel": -27,
        "spacial": true,
        "LDEIPKCCHCP": -2.937667470392924e-11
    },
    "-198887": {
        "fadeoutBeginTime": 9.480294183798402e-38
    }
}