{
  "id": 49,
  "sceneId": 3,
  "regions": [
    {
      "$type": "DOCIEEHHKHL",
      "id": 4901,
      "limitShapes": [
        {
          "pos": {
            "x": 4911.95703125,
            "y": 399.3285827636719,
            "z": 3576.17578125
          },
          "shape": {
            "$type": "GLNLJIJMDJD",
            "useHeight": true,
            "height": 80.0,
            "radius": 20.0
          }
        },
        {
          "pos": {
            "x": 4866.2197265625,
            "y": 353.5924072265625,
            "z": 3612.69775390625
          },
          "rot": {
            "y": 45.000003814697266
          },
          "shape": {
            "$type": "EHOAKHCMJJG",
            "useHeight": true,
            "height": 65.81478881835938,
            "centerType": "Center",
            "width": 187.3001251220703,
            "length": 97.220458984375
          }
        },
        {
          "pos": {
            "x": 4911.95703125,
            "y": 388.6565856933594,
            "z": 3576.17578125
          },
          "shape": {
            "$type": "GLNLJIJMDJD",
            "useHeight": true,
            "height": 80.0,
            "radius": 40.0
          }
        },
        {
          "pos": {
            "x": 4917.09375,
            "y": 429.3631286621094,
            "z": 3572.851318359375
          },
          "shape": {
            "$type": "GLNLJIJMDJD",
            "useHeight": true,
            "height": 20.0,
            "radius": 5.0
          }
        }
      ],
      "routePoints": [
        {
          "id": 49010001,
          "KPGKDHAFHFE": "REGION_ENTRANCE",
          "pos": {
            "x": 4916.56982421875,
            "y": 439.48907470703125,
            "z": 3571.96533203125
          },
          "condslogicType": "LOGIC_AND",
          "adjacencies": [
            49010002
          ],
          "routeRegionId": 4294967295,
          "routePointId": 4294967295
        }
      ],
      "isRoutePointsFullyConnected": true
    }
  ]
}