{
    "AEPKAFFJKAG": 32001,
    "FNFADHDELGE": [
        {
            "LAFAKLPCIGN": 3200101,
            "IJKDDEEEJLA": [
                {
                    "pos": {
                        "x": 101.35469818115234,
                        "y": 237.4310302734375,
                        "z": 2403.073974609375
                    },
                    "rot": {
                        "y": 33.61599349975586
                    },
                    "shape": {
                        "$type": "BKEMHMCCJDJ",
                        "FMMJOMDHOKK": true,
                        "height": 24.347593307495117,
                        "NNJNOCOPONH": "Center",
                        "width": 57.6518440246582,
                        "length": 56.895687103271484
                    }
                },
                {
                    "pos": {
                        "x": 151.02598571777344,
                        "y": 238.5460205078125,
                        "z": 2395.34765625
                    },
                    "rot": {
                        "y": 329.95123291015625
                    },
                    "shape": {
                        "$type": "BKEMHMCCJDJ",
                        "FMMJOMDHOKK": true,
                        "height": 45.08361053466797,
                        "NNJNOCOPONH": "Center",
                        "width": 105.68515014648438,
                        "length": 75.82219696044922
                    }
                },
                {
                    "pos": {
                        "x": 242.8312225341797,
                        "y": 227.87501525878906,
                        "z": 2481.802734375
                    },
                    "rot": {
                        "y": 318.8345642089844
                    },
                    "shape": {
                        "$type": "BKEMHMCCJDJ",
                        "FMMJOMDHOKK": true,
                        "height": 97.82017517089844,
                        "NNJNOCOPONH": "Center",
                        "width": 263.70648193359375,
                        "length": 98.82939147949219
                    }
                },
                {
                    "pos": {
                        "x": 296.1128845214844,
                        "y": 246.25906372070312,
                        "z": 2425.60693359375
                    },
                    "shape": {
                        "$type": "BKEMHMCCJDJ",
                        "FMMJOMDHOKK": true,
                        "height": 20.70094108581543,
                        "NNJNOCOPONH": "Center",
                        "width": 82.18718719482422,
                        "length": 50.10822677612305
                    }
                }
            ]
        }
    ],
    "minArea": {
        "x": 61.600006103515625,
        "y": 178.96493530273438,
        "z": 2336.07177734375
    },
    "maxArea": {
        "x": 374.6184387207031,
        "y": 276.78509521484375,
        "z": 2605.79345703125
    }
}