{
    "AEPKAFFJKAG": 33303,
    "FNFADHDELGE": [
        {
            "LAFAKLPCIGN": 3330301,
            "IJKDDEEEJLA": [
                {
                    "pos": {
                        "x": 2165.89404296875,
                        "y": 368.5373229980469,
                        "z": 4390.5703125
                    },
                    "rot": {
                        "y": 335.9505310058594
                    },
                    "shape": {
                        "$type": "BKEMHMCCJDJ",
                        "FMMJOMDHOKK": true,
                        "height": 67.875732421875,
                        "NNJNOCOPONH": "Center",
                        "width": 208.56912231445312,
                        "length": 109.31668853759766
                    }
                }
            ]
        }
    ],
    "minArea": {
        "x": 2048.387451171875,
        "y": 334.5994567871094,
        "z": 4298.158203125
    },
    "maxArea": {
        "x": 2283.400634765625,
        "y": 402.4751892089844,
        "z": 4482.982421875
    }
}