{
    "id": 5,
    "sceneId": 3,
    "IKDMGMNBFCJ": [
        {
            "$type": "ONPHLBONOHE",
            "id": 501,
            "CIEIDBLDBED": [
                {
                    "musicSubStates": {
                        "x": 610.3402099609375,
                        "y": 316.2148132324219,
                        "z": 5648.05322265625
                    },
                    "rot": {
                        "y": 316.099609375
                    },
                    "shape": {
                        "$type": "JDMEKOJCJLA",
                        "EIDBHMBCHBO": true,
                        "height": 12.723979949951172,
                        "FKCPFIPJFJH": "Center",
                        "width": 40.21186065673828,
                        "length": 108.9280014038086
                    }
                }
            ],
            "OIIADGEGBJA": [
                {
                    "id": 5010001,
                    "type": "REGION_ENTRANCE",
                    "musicSubStates": {
                        "x": 623.2017822265625,
                        "y": 311.04718017578125,
                        "z": 5617.91845703125
                    },
                    "priority": 255,
                    "OOFAFLLNNMO": {
                        "offset": {
                            "y": 1.0
                        },
                        "EJIBHDKAAFB": true
                    },
                    "AHGBGBCFIMO": "LOGIC_AND",
                    "OKDFMMIOLMB": [
                        5010002
                    ],
                    "BAEFOGOKACM": 4294967295,
                    "FICKOKBCLPC": 4294967295
                }
            ],
            "FFGEBNKOEKI": true
        }
    ]
}