{
    "4684": {
        "HNJFJDKGJBF": 6.251596616139014e+18,
        "cd": 1.1994315859530785e-13,
        "PHFIMIHOBGN": -2.5347899487615013e-24
    },
    "-37": {
        "HNJFJDKGJBF": -734957824.0,
        "cd": -607055308128256.0,
        "PHFIMIHOBGN": 1247362.375
    },
    "19": {
        "cd": 6378.90087890625
    },
    "-4": {
        "HNJFJDKGJBF": -2.5334248249650164e-24,
        "HEHOGGLNPBG": 1.517633645972056e+28,
        "PHFIMIHOBGN": 1.487859015679271e-34
    },
    "-34": {
        "HEHOGGLNPBG": 6.805304632026608e-16,
        "LEJFHCBCDEG": 1.4881720599267995e-34
    },
    "-70533048": {
        "HEHOGGLNPBG": 2.787452777278099e-12,
        "LEJFHCBCDEG": 1.4881523152951255e-34
    },
    "6": {
        "cd": 1247338.625,
        "PHFIMIHOBGN": -3.8312253549796853e-29
    },
    "4455": {
        "BKDFLKPBLJH": 0,
        "HNJFJDKGJBF": -2.521882606630275e-24,
        "cd": 4.056277651802664e-23
    },
    "0": {
        "cd": -2.1339561767506665e-16,
        "HEHOGGLNPBG": 1247342.5
    },
    "-2": {
        "HEHOGGLNPBG": 1247361.75
    }
}