{
    "angleOffset": {},
    "angleOffsetCorrect": {
        "IBKBLDAJIMA": [],
        "LKHJADIPBFL": []
    },
    "speedForPredictive": 1.1432172628454787e+27,
    "scatter": {
        "maxDistance": 2.5642747925047615e-09,
        "maxScatterAngle": -9.81048850755065e-34,
        "centerRote": 6.439849373708936e-36,
        "randomRote": 2.3699300529868536e-38
    }
}