{
    "AEPKAFFJKAG": 33406,
    "FNFADHDELGE": [
        {
            "LAFAKLPCIGN": 3340601,
            "IJKDDEEEJLA": [
                {
                    "pos": {
                        "x": 3419.70654296875,
                        "y": 335.63214111328125,
                        "z": 5236.201171875
                    },
                    "shape": {
                        "$type": "BKEMHMCCJDJ",
                        "FMMJOMDHOKK": true,
                        "height": 113.81605529785156,
                        "NNJNOCOPONH": "Center",
                        "width": 204.05885314941406,
                        "length": 313.500244140625
                    }
                },
                {
                    "pos": {
                        "x": 3437.615234375,
                        "y": 347.9674072265625,
                        "z": 5121.076171875
                    },
                    "shape": {
                        "$type": "BKEMHMCCJDJ",
                        "FMMJOMDHOKK": true,
                        "height": 127.96212768554688,
                        "NNJNOCOPONH": "Center",
                        "width": 254.35939025878906,
                        "length": 102.45452117919922
                    }
                }
            ]
        }
    ],
    "minArea": {
        "x": 3310.435546875,
        "y": 278.72412109375,
        "z": 5069.849609375
    },
    "maxArea": {
        "x": 3564.794921875,
        "y": 411.948486328125,
        "z": 5392.951171875
    }
}