{
    "extension": {
        "x": 1.516434527139847e-36
    },
    "shakeRange": 2.3694278276172396e-38
}