{
    "AEPKAFFJKAG": 33703,
    "FNFADHDELGE": [
        {
            "LAFAKLPCIGN": 3370301,
            "IJKDDEEEJLA": [
                {
                    "pos": {
                        "x": 5029.44970703125,
                        "y": 490.5610046386719,
                        "z": 4013.22021484375
                    },
                    "rot": {
                        "y": 349.8253173828125
                    },
                    "shape": {
                        "$type": "BKEMHMCCJDJ",
                        "FMMJOMDHOKK": true,
                        "height": 23.16414451599121,
                        "NNJNOCOPONH": "Center",
                        "width": 182.7997283935547,
                        "length": 44.39508056640625
                    }
                },
                {
                    "pos": {
                        "x": 5043.7509765625,
                        "y": 511.6507263183594,
                        "z": 4014.86328125
                    },
                    "shape": {
                        "$type": "BKEMHMCCJDJ",
                        "FMMJOMDHOKK": true,
                        "height": 17.13443374633789,
                        "NNJNOCOPONH": "Center",
                        "width": 18.397891998291016,
                        "length": 22.86587905883789
                    }
                }
            ]
        }
    ],
    "minArea": {
        "x": 4935.56591796875,
        "y": 478.97894287109375,
        "z": 3975.22607421875
    },
    "maxArea": {
        "x": 5123.33349609375,
        "y": 520.2179565429688,
        "z": 4051.21435546875
    }
}