{
  "id": 1085021,
  "LAEMIMJDAEG": [
    4194511,
    4194513,
    4194514,
    4194515,
    4194516,
    4194517,
    4194518,
    4194519,
    4194520,
    4194521,
    4194522,
    4194523,
    4194524,
    4194525,
    4194526,
    4194527,
    4194528,
    4194533,
    4194534,
    4194535,
    4194536,
    4194537,
    4194538,
    4194539,
    4194545,
    4194546,
    4194547,
    4194548,
    4194549,
    4194577,
    4194578,
    4194579,
    4194580,
    4194581,
    4194582,
    4194583,
    4194584,
    4194587,
    4194595,
    4194606,
    4194637,
    4194638,
    4194643,
    4194644,
    4194647,
    4194648,
    4194984
  ],
  "OCALCKHBMKC": [
    {
      "GOPFOAFEKLC": 1085001,
      "MMCHEANOHHM": 1.0,
      "color": {
        "r": 0.0038999998942017555,
        "g": 0.0038999998942017555,
        "b": 0.0038999998942017555,
        "a": 0.02199999988079071
      },
      "NBHHDDPNINL": 1.0,
      "CMDNMCNPNAA": 0.0,
      "MMBCPHGLNGB": 0.0
    },
    {
      "GOPFOAFEKLC": 1085013,
      "MMCHEANOHHM": 1.0,
      "NBHHDDPNINL": 0.8999999761581421
    },
    {
      "GOPFOAFEKLC": 1085015,
      "MMCHEANOHHM": 1.0,
      "NBHHDDPNINL": 0.4000000059604645
    }
  ]
}