{
    "id": 32,
    "sceneId": 3,
    "MINJPEBGODH": [
        {
            "$type": "HHGOMNDPDCN",
            "id": 3201,
            "PEPAPKCIEFM": [
                {
                    "pos": {
                        "x": 2559.82861328125,
                        "y": -45.92030334472656,
                        "z": 4706.552734375
                    },
                    "shape": {
                        "$type": "BHMDEDHPEFH",
                        "EAIPPAJKGFO": true,
                        "height": 600.0,
                        "LDMENJHNDON": "Center",
                        "width": 0.20000000298023224,
                        "length": 0.20000000298023224
                    }
                },
                {
                    "pos": {
                        "x": 2294.00634765625,
                        "y": -377.9769287109375,
                        "z": 4876.5517578125
                    },
                    "shape": {
                        "$type": "HOLCBMGNMEM",
                        "radius": 350.0
                    }
                }
            ],
            "CKCPGNKAJIJ": [
                {
                    "id": 32010001,
                    "type": "REGION_ENTRANCE",
                    "pos": {
                        "x": 2559.809814453125,
                        "y": 233.26283264160156,
                        "z": 4706.525390625
                    },
                    "DAJODFMDKEE": "LOGIC_AND",
                    "BGLKEAKBPKH": 4294967295,
                    "LIJJLHIGOFF": 4294967295
                }
            ],
            "NBPGEMEPMDF": true
        }
    ]
}