{
    "id": 32,
    "sceneId": 3,
    "GPGADOCIOIA": [
        {
            "$type": "IGIOLILFIMG",
            "id": 3201,
            "IJKDDEEEJLA": [
                {
                    "pos": {
                        "x": 2559.82861328125,
                        "y": -45.92030334472656,
                        "z": 4706.552734375
                    },
                    "shape": {
                        "$type": "BKEMHMCCJDJ",
                        "FMMJOMDHOKK": true,
                        "height": 600.0,
                        "NNJNOCOPONH": "Center",
                        "width": 0.20000000298023224,
                        "length": 0.20000000298023224
                    }
                },
                {
                    "pos": {
                        "x": 2294.00634765625,
                        "y": -377.9769287109375,
                        "z": 4876.5517578125
                    },
                    "shape": {
                        "$type": "MGNHNJHADLG",
                        "radius": 350.0
                    }
                }
            ],
            "HPHKLPKMEEI": [
                {
                    "id": 32010001,
                    "type": "REGION_ENTRANCE",
                    "pos": {
                        "x": 2559.809814453125,
                        "y": 233.26283264160156,
                        "z": 4706.525390625
                    },
                    "IMLJNPFEJHJ": "LOGIC_AND",
                    "AODCALPJHFJ": 4294967295,
                    "OILLBBHICBA": 4294967295
                }
            ],
            "KFKNNLMADHL": true
        }
    ]
}