{
    "id": 3701,
    "CIEIDBLDBED": [
        {
            "musicSubStates": {
                "x": 2424.9970703125,
                "y": 226.2747802734375,
                "z": 4959.58154296875
            },
            "shape": {
                "$type": "JDMEKOJCJLA",
                "EIDBHMBCHBO": true,
                "height": 44.86456298828125,
                "FKCPFIPJFJH": "Center",
                "width": 14.911968231201172,
                "length": 13.418890953063965
            }
        },
        {
            "musicSubStates": {
                "x": 2287.0283203125,
                "y": 189.07037353515625,
                "z": 4825.56640625
            },
            "rot": {
                "y": 45.74808883666992
            },
            "shape": {
                "$type": "JDMEKOJCJLA",
                "EIDBHMBCHBO": true,
                "height": 74.47730255126953,
                "FKCPFIPJFJH": "Center",
                "width": 65.13706970214844,
                "length": 35.195858001708984
            }
        },
        {
            "musicSubStates": {
                "x": 2231.59814453125,
                "y": 186.99423217773438,
                "z": 4827.779296875
            },
            "rot": {
                "y": 342.5451354980469
            },
            "shape": {
                "$type": "JDMEKOJCJLA",
                "EIDBHMBCHBO": true,
                "height": 42.799068450927734,
                "FKCPFIPJFJH": "Center",
                "width": 121.71147155761719,
                "length": 103.36724090576172
            }
        },
        {
            "musicSubStates": {
                "x": 2358.94921875,
                "y": 185.73292541503906,
                "z": 4907.27734375
            },
            "rot": {
                "y": 45.74808883666992
            },
            "shape": {
                "$type": "JDMEKOJCJLA",
                "EIDBHMBCHBO": true,
                "height": 57.876773834228516,
                "FKCPFIPJFJH": "Center",
                "width": 76.5640869140625,
                "length": 223.63873291015625
            }
        }
    ],
    "OIIADGEGBJA": [
        {
            "id": 37010001,
            "type": "REGION_ENTRANCE",
            "musicSubStates": {
                "x": 2418.766845703125,
                "y": 245.46475219726562,
                "z": 4954.31982421875
            },
            "OOFAFLLNNMO": {
                "offset": {
                    "y": 1.0
                },
                "EJIBHDKAAFB": true
            },
            "AHGBGBCFIMO": "LOGIC_AND",
            "OKDFMMIOLMB": [
                37010002
            ],
            "BAEFOGOKACM": 4294967295,
            "FICKOKBCLPC": 4294967295
        }
    ],
    "FFGEBNKOEKI": true,
    "MHHCMJDEEJK": [
        {
            "id": 37010001,
            "type": "REGION_ENTRANCE",
            "musicSubStates": {
                "x": 2418.766845703125,
                "y": 245.46475219726562,
                "z": 4954.31982421875
            },
            "OOFAFLLNNMO": {
                "offset": {
                    "y": 1.0
                },
                "EJIBHDKAAFB": true
            },
            "AHGBGBCFIMO": "LOGIC_AND",
            "OKDFMMIOLMB": [
                37010002
            ],
            "BAEFOGOKACM": 4294967295,
            "FICKOKBCLPC": 4294967295
        },
        {
            "id": 37010002,
            "musicSubStates": {
                "x": 2426.831298828125,
                "y": 189.68797302246094,
                "z": 4962.4892578125
            },
            "AHGBGBCFIMO": "LOGIC_AND",
            "OKDFMMIOLMB": [
                37010001,
                37010003
            ]
        },
        {
            "id": 37010003,
            "musicSubStates": {
                "x": 2242.39453125,
                "y": 170.61892700195312,
                "z": 4819.22216796875
            },
            "area": {
                "type": "INSIDE_RADIUS",
                "HOMCOLBDNBD": 50.0
            },
            "AHGBGBCFIMO": "LOGIC_AND",
            "OKDFMMIOLMB": [
                37010002
            ]
        }
    ]
}