{
    "23": {
        "IAMPPODHFNN": 102,
        "rotation": {
            "y": 1.7610030018623177e+19,
            "z": 2.736804420243287e+20
        },
        "LNILLLNPCMJ": {
            "x": 3.936047787763546e+24,
            "y": 4.306412050960869e+21,
            "z": 1.2944606668077644e-37
        }
    },
    "4121860875": {
        "IAMPPODHFNN": 0
    },
    "1": {
        "position": {
            "y": 1.1671594723980344e-36
        },
        "velocity": 1.8403252731977823e-40
    }
}