{
    "yMax": 1000.0,
    "yMin": -1000.0,
    "vertices": [
        {
            "x": -72.49163818359375,
            "y": 87.84779357910156,
            "z": 5268.76708984375
        },
        {
            "x": -241.77432250976562,
            "y": 88.51380920410156,
            "z": 5264.05078125
        },
        {
            "x": -239.94747924804688,
            "y": 88.66709899902344,
            "z": 5149.30419921875
        },
        {
            "x": -68.9272232055664,
            "y": 89.36294555664062,
            "z": 5149.7041015625
        }
    ]
}