{
    "position": {
        "y": 7.202083115416971e+22
    },
    "sList": [
        2.7038524093062485e+23,
        1.805633423065451e+28,
        2.7200199716805384e+23,
        1.2140402915156843e+33,
        2.7038958240066564e+23,
        3.034408836364129e+32,
        6.093829295397453e-35,
        35.8102912902832,
        1.0947287416691362e+27,
        6.268133830452281e+22,
        7.439901388048404e+28,
        7.30181366759286e-12,
        1.6602032942650229e+19,
        1.7748035715411987e+28,
        1.6889148414011376e+19,
        2.9642045072022467e+29,
        55390588.0,
        1.1821105256244405e+27,
        1.1310591320594978e+21,
        1.653169608430977e+19,
        234033920.0,
        14.341414451599121,
        2.8175177216587884e+20,
        2.3275384699146035e+23,
        3.899137181433943e+21,
        9.566076968936743e+20,
        4.1272467562592223e+30,
        58573244.0,
        7.393513226965216e+31,
        57.35591125488281,
        1.0947287416691362e+27,
        2.56655963148944e-09,
        6.8848288411067074e+22,
        9.219562986332269e-41,
        2.40881636563156e-38,
        -0.03287125006318092,
        2.6127848830130192e+29,
        246303703040.0,
        15999554560.0,
        2.8182821021424183e+20,
        2.327537389050693e+23,
        3.899137181433943e+21,
        3849217280.0,
        959562514432.0,
        6.711091226481822e+22,
        1.8062959710829977e+28,
        7.683065951443083e+31,
        8.128094308723632e-10,
        2.2870716189387207e+20,
        1.558226517962993e+28,
        2.7185492761862243e+23,
        6.709469480256006e+22,
        9.564462006257865e+20,
        2.6166674238405753e+29,
        246303703040.0,
        15999554560.0,
        2.8182821021424183e+20,
        2.5665611858016746e-09,
        1.2134064662155702e+33,
        2.3275822449029815e+23,
        3.899137181433943e+21,
        3849217280.0,
        959562514432.0,
        6.711091226481822e+22,
        1.8062959710829977e+28,
        7.683065951443083e+31,
        8.128094308723632e-10,
        2.2870716189387207e+20,
        2.6290573630442616e+32,
        3.3065991447164124e-39,
        0.09327439963817596,
        2.928672050823116e+26,
        2.252763865480482e+20,
        1.852510466194305e+28,
        5.0,
        2.326872297457723e+23,
        3.899137181433943e+21,
        3849217280.0,
        14298.595703125,
        1.7428861590159414e+28,
        1.7181072049720787e+19,
        2435.19921875,
        959495667712.0,
        7.036209236101437e+22,
        1.6889148414011376e+19,
        2.2512716962601946e+20,
        1.852510466194305e+28,
        3.3095483174644305e-38,
        3.60133705331478e-43,
        6.319479440950955e-35,
        35.8102912902832,
        1.0947287416691362e+27,
        6.268133830452281e+22,
        7.439901388048404e+28,
        7.30181366759286e-12,
        1.6602032942650229e+19,
        1.7748035715411987e+28,
        1.6889148414011376e+19,
        2.9642045072022467e+29,
        55390588.0,
        1.1821105256244405e+27,
        1.1310591320594978e+21,
        1.653169608430977e+19,
        234033920.0,
        14.341414451599121,
        2.8175177216587884e+20,
        2.3275384699146035e+23,
        3.899137181433943e+21,
        9.566076968936743e+20,
        4.1272467562592223e+30,
        58573244.0,
        7.393513226965216e+31,
        57.35591125488281,
        1.0947287416691362e+27,
        2.56655963148944e-09
    ],
    "inControlPoint": {
        "z": 2.3766316227626406e-38
    },
    "outControlPoint": {
        "x": 3.489748854003666e-39
    }
}