{
    "-11": {
        "turnSpeedOverrideWalk": 1.7465355179128783e+19,
        "turnSpeedOverrideRun": 1.1287461610545351e+27
    },
    "54": {
        "turnSpeedOverrideWalk": 1.0256871796343603e-08,
        "turnSpeedOverrideRun": 1.601270984231498e+34,
        "spacial": true,
        "spacialRoll": true
    },
    "-1": {
        "turnSpeedOverrideWalk": 1.278225841613499e-35,
        "turnSpeedOverrideRun": 2.4979986432771987e-38,
        "spacial": true
    }
}