{
    "AEPKAFFJKAG": 31801,
    "FNFADHDELGE": [
        {
            "LAFAKLPCIGN": 3180101,
            "IJKDDEEEJLA": [
                {
                    "pos": {
                        "x": -5906.42578125,
                        "y": 170.20184326171875,
                        "z": -2661.2509765625
                    },
                    "rot": {
                        "y": 31.356264114379883
                    },
                    "shape": {
                        "$type": "BKEMHMCCJDJ",
                        "FMMJOMDHOKK": true,
                        "height": 44.82701110839844,
                        "NNJNOCOPONH": "Center",
                        "width": 131.31439208984375,
                        "length": 138.4156951904297
                    }
                },
                {
                    "pos": {
                        "x": -5958.875,
                        "y": 158.99143981933594,
                        "z": -2725.9306640625
                    },
                    "rot": {
                        "y": 29.19408416748047
                    },
                    "shape": {
                        "$type": "BKEMHMCCJDJ",
                        "FMMJOMDHOKK": true,
                        "height": 22.504213333129883,
                        "NNJNOCOPONH": "Center",
                        "width": 24.777320861816406,
                        "length": 28.945148468017578
                    }
                },
                {
                    "pos": {
                        "x": -5946.42724609375,
                        "y": 178.62562561035156,
                        "z": -2736.646240234375
                    },
                    "rot": {
                        "y": 30.309402465820312
                    },
                    "shape": {
                        "$type": "BKEMHMCCJDJ",
                        "FMMJOMDHOKK": true,
                        "height": 28.135032653808594,
                        "NNJNOCOPONH": "Center",
                        "width": 140.333740234375,
                        "length": 48.11762237548828
                    }
                },
                {
                    "pos": {
                        "x": -5998.5546875,
                        "y": 179.08895874023438,
                        "z": -2799.026123046875
                    },
                    "rot": {
                        "y": 30.78313446044922
                    },
                    "shape": {
                        "$type": "BKEMHMCCJDJ",
                        "FMMJOMDHOKK": true,
                        "height": 32.99983215332031,
                        "NNJNOCOPONH": "Center",
                        "width": 71.91158294677734,
                        "length": 114.35546875
                    }
                },
                {
                    "pos": {
                        "x": -6034.029296875,
                        "y": 188.71229553222656,
                        "z": -2865.568359375
                    },
                    "rot": {
                        "y": 27.127981185913086
                    },
                    "shape": {
                        "$type": "BKEMHMCCJDJ",
                        "FMMJOMDHOKK": true,
                        "height": 35.074378967285156,
                        "NNJNOCOPONH": "Center",
                        "width": 19.791587829589844,
                        "length": 49.53858947753906
                    }
                },
                {
                    "pos": {
                        "x": -6017.9755859375,
                        "y": 190.57965087890625,
                        "z": -2869.94287109375
                    },
                    "rot": {
                        "y": 29.46419334411621
                    },
                    "shape": {
                        "$type": "BKEMHMCCJDJ",
                        "FMMJOMDHOKK": true,
                        "height": 26.78938865661621,
                        "NNJNOCOPONH": "Center",
                        "width": 15.943614959716797,
                        "length": 47.30469512939453
                    }
                },
                {
                    "pos": {
                        "x": -6055.6025390625,
                        "y": 201.55673217773438,
                        "z": -2894.438720703125
                    },
                    "rot": {
                        "y": 28.815776824951172
                    },
                    "shape": {
                        "$type": "BKEMHMCCJDJ",
                        "FMMJOMDHOKK": true,
                        "height": 9.711002349853516,
                        "NNJNOCOPONH": "Center",
                        "width": 22.154043197631836,
                        "length": 23.775146484375
                    }
                },
                {
                    "pos": {
                        "x": -6004.4931640625,
                        "y": 160.25762939453125,
                        "z": -2753.42822265625
                    },
                    "rot": {
                        "y": 30.54053497314453
                    },
                    "shape": {
                        "$type": "BKEMHMCCJDJ",
                        "FMMJOMDHOKK": true,
                        "height": 6.055648326873779,
                        "NNJNOCOPONH": "Center",
                        "width": 13.367561340332031,
                        "length": 7.1172285079956055
                    }
                }
            ]
        },
        {
            "LAFAKLPCIGN": 3180102,
            "IJKDDEEEJLA": [
                {
                    "pos": {
                        "x": -6012.1474609375,
                        "y": 159.13946533203125,
                        "z": -2733.92236328125
                    },
                    "rot": {
                        "y": 29.705875396728516
                    },
                    "shape": {
                        "$type": "BKEMHMCCJDJ",
                        "FMMJOMDHOKK": true,
                        "height": 13.845613479614258,
                        "NNJNOCOPONH": "Center",
                        "width": 18.885221481323242,
                        "length": 37.25318908691406
                    }
                },
                {
                    "pos": {
                        "x": -5997.8154296875,
                        "y": 156.46359252929688,
                        "z": -2737.08984375
                    },
                    "rot": {
                        "y": 30.06633949279785
                    },
                    "shape": {
                        "$type": "BKEMHMCCJDJ",
                        "FMMJOMDHOKK": true,
                        "height": 14.900582313537598,
                        "NNJNOCOPONH": "Center",
                        "width": 10.476336479187012,
                        "length": 28.33456039428711
                    }
                },
                {
                    "pos": {
                        "x": -5982.4892578125,
                        "y": 159.37026977539062,
                        "z": -2712.243896484375
                    },
                    "rot": {
                        "y": 31.24280548095703
                    },
                    "shape": {
                        "$type": "BKEMHMCCJDJ",
                        "FMMJOMDHOKK": true,
                        "height": 19.728515625,
                        "NNJNOCOPONH": "Center",
                        "width": 30.035707473754883,
                        "length": 32.291542053222656
                    }
                }
            ]
        }
    ],
    "minArea": {
        "x": -6071.03759765625,
        "y": 147.73931884765625,
        "z": -2910.193359375
    },
    "maxArea": {
        "x": -5814.34521484375,
        "y": 206.4122314453125,
        "z": -2567.98583984375
    }
}