{
    "extension": {
        "x": 2.4262952434237553e-35
    },
    "shakeRange": 9.477711310468958e-38
}