{
    "bornRandom": {
        "$type": "BornRandomInShape"
    },
    "onGround": true,
    "worldPos": {
        "y": -2.720811238821668e-23,
        "z": 2.369715374062119e-38
    },
    "worldFwd": {
        "y": 9.478285282319946e-38
    }
}