{
    "JGABIPGLPMI": {
        "x": 9.477715794624044e-38
    },
    "GFNPCABGKKD": 2.3694278276172396e-38
}