{
    "AEPKAFFJKAG": 33002,
    "FNFADHDELGE": [
        {
            "LAFAKLPCIGN": 3300201,
            "IJKDDEEEJLA": [
                {
                    "pos": {
                        "x": 671.2432250976562,
                        "y": 182.30941772460938,
                        "z": 6713.03515625
                    },
                    "rot": {
                        "y": 340.10430908203125
                    },
                    "shape": {
                        "$type": "BKEMHMCCJDJ",
                        "FMMJOMDHOKK": true,
                        "height": 97.65815734863281,
                        "NNJNOCOPONH": "Center",
                        "width": 150.45777893066406,
                        "length": 104.79888916015625
                    }
                },
                {
                    "pos": {
                        "x": 586.695556640625,
                        "y": 221.493408203125,
                        "z": 6681.22216796875
                    },
                    "rot": {
                        "y": 15.469970703125,
                        "z": 251.34091186523438
                    },
                    "shape": {
                        "$type": "GPPNLKBMBMC",
                        "FMMJOMDHOKK": true,
                        "height": 58.53860092163086,
                        "width": 18.731487274169922,
                        "length": 17.827234268188477
                    }
                },
                {
                    "pos": {
                        "x": 554.6756591796875,
                        "y": 228.49148559570312,
                        "z": 6689.142578125
                    },
                    "rot": {
                        "x": 1.4473633766174316,
                        "y": 2.3696789741516113,
                        "z": 354.31854248046875
                    },
                    "shape": {
                        "$type": "GPPNLKBMBMC",
                        "FMMJOMDHOKK": true,
                        "height": 18.510496139526367,
                        "width": 24.80191993713379,
                        "length": 24.21186065673828
                    }
                },
                {
                    "pos": {
                        "x": 661.0826416015625,
                        "y": 213.79031372070312,
                        "z": 6534.216796875
                    },
                    "rot": {
                        "x": 15.318227767944336
                    },
                    "shape": {
                        "$type": "GPPNLKBMBMC",
                        "FMMJOMDHOKK": true,
                        "height": 40.58497619628906,
                        "width": 65.15800476074219,
                        "length": 288.88092041015625
                    }
                },
                {
                    "pos": {
                        "x": 686.0765380859375,
                        "y": 251.99232482910156,
                        "z": 6442.42626953125
                    },
                    "rot": {
                        "x": 34.943538665771484,
                        "y": 324.4668884277344,
                        "z": 7.751157283782959
                    },
                    "shape": {
                        "$type": "GPPNLKBMBMC",
                        "FMMJOMDHOKK": true,
                        "height": 39.3233642578125,
                        "width": 37.29954528808594,
                        "length": 67.72317504882812
                    }
                },
                {
                    "pos": {
                        "x": 530.7888793945312,
                        "y": 200.31939697265625,
                        "z": 6834.921875
                    },
                    "rot": {
                        "y": 338.5597839355469
                    },
                    "shape": {
                        "$type": "BKEMHMCCJDJ",
                        "FMMJOMDHOKK": true,
                        "height": 108.41436767578125,
                        "NNJNOCOPONH": "Center",
                        "width": 192.75631713867188,
                        "length": 170.76771545410156
                    }
                },
                {
                    "pos": {
                        "x": 656.964599609375,
                        "y": 174.84368896484375,
                        "z": 6784.3134765625
                    },
                    "rot": {
                        "x": 2.081652879714966,
                        "y": 41.6026496887207,
                        "z": 349.2574462890625
                    },
                    "shape": {
                        "$type": "GPPNLKBMBMC",
                        "FMMJOMDHOKK": true,
                        "height": 11.429308891296387,
                        "width": 65.9430923461914,
                        "length": 20.134408950805664
                    }
                },
                {
                    "pos": {
                        "x": 407.2776184082031,
                        "y": 230.83187866210938,
                        "z": 6798.13134765625
                    },
                    "rot": {
                        "x": 359.83251953125,
                        "y": 306.4628601074219,
                        "z": 349.1833801269531
                    },
                    "shape": {
                        "$type": "GPPNLKBMBMC",
                        "FMMJOMDHOKK": true,
                        "height": 37.55031967163086,
                        "width": 110.49433898925781,
                        "length": 53.66035842895508
                    }
                },
                {
                    "pos": {
                        "x": 740.897705078125,
                        "y": 213.3876953125,
                        "z": 6512.5048828125
                    },
                    "rot": {
                        "y": 6.0907440185546875
                    },
                    "shape": {
                        "$type": "BKEMHMCCJDJ",
                        "FMMJOMDHOKK": true,
                        "height": 39.28091812133789,
                        "NNJNOCOPONH": "Center",
                        "width": 96.63984680175781,
                        "length": 41.036949157714844
                    }
                },
                {
                    "pos": {
                        "x": 700.1790161132812,
                        "y": 197.54319763183594,
                        "z": 6546.23876953125
                    },
                    "rot": {
                        "y": 340.9007873535156
                    },
                    "shape": {
                        "$type": "BKEMHMCCJDJ",
                        "FMMJOMDHOKK": true,
                        "height": 9.3795747756958,
                        "NNJNOCOPONH": "Center",
                        "width": 14.439209938049316,
                        "length": 36.020999908447266
                    }
                },
                {
                    "pos": {
                        "x": 719.221923828125,
                        "y": 294.26031494140625,
                        "z": 6391.8935546875
                    },
                    "rot": {
                        "x": 22.048358917236328,
                        "y": 331.325439453125,
                        "z": 1.9635026454925537
                    },
                    "shape": {
                        "$type": "GPPNLKBMBMC",
                        "FMMJOMDHOKK": true,
                        "height": 30.316898345947266,
                        "width": 28.39227867126465,
                        "length": 89.96626281738281
                    }
                }
            ]
        },
        {
            "LAFAKLPCIGN": 3300202,