{
    "8": {
        "LAIJCBOFMLB": 1.7465355179128783e+19,
        "defendAreaRange": 1.1287461610545351e+27
    },
    "54": {
        "LAIJCBOFMLB": 6.56366921703011e-07,
        "defendAreaRange": -4.1427788346481975e-06,
        "speedLevel": 125789,
        "FENJEENCAEP": 1.5163878919269543e-36,
        "FLLFKNOBLDB": true
    },
    "-3720508": {
        "defendAreaRange": 9.477998296394452e-38
    }
}