{
    "AEPKAFFJKAG": 33804,
    "FNFADHDELGE": [
        {
            "LAFAKLPCIGN": 3380401,
            "IJKDDEEEJLA": [
                {
                    "pos": {
                        "x": 3998.537109375,
                        "y": 491.22265625,
                        "z": 3379.189453125
                    },
                    "shape": {
                        "$type": "BKEMHMCCJDJ",
                        "FMMJOMDHOKK": true,
                        "height": 22.10978126525879,
                        "NNJNOCOPONH": "Center",
                        "width": 131.46896362304688,
                        "length": 66.67144775390625
                    }
                },
                {
                    "pos": {
                        "x": 4064.984375,
                        "y": 492.1488952636719,
                        "z": 3345.0234375
                    },
                    "shape": {
                        "$type": "BKEMHMCCJDJ",
                        "FMMJOMDHOKK": true,
                        "height": 20.21710968017578,
                        "NNJNOCOPONH": "Center",
                        "width": 29.798603057861328,
                        "length": 43.61185836791992
                    }
                }
            ]
        }
    ],
    "minArea": {
        "x": 3932.802734375,
        "y": 480.1677551269531,
        "z": 3323.217529296875
    },
    "maxArea": {
        "x": 4079.8837890625,
        "y": 502.2775573730469,
        "z": 3412.525146484375
    }
}