{
    "yMax": -240.3000030517578,
    "yMin": -280.0,
    "vertices": [
        {
            "x": -756.4811401367188,
            "y": -243.63682556152344,
            "z": 5798.33154296875
        },
        {
            "x": -742.3444213867188,
            "y": -243.48233032226562,
            "z": 5664.07421875
        },
        {
            "x": -762.3116455078125,
            "y": -260.9604187011719,
            "z": 5662.53271484375
        },
        {
            "x": -770.4841918945312,
            "y": -250.48854064941406,
            "z": 5796.09033203125
        }
    ]
}