{
    "8": {
        "speedLevel": 52,
        "JNPAOFCICJF": -49,
        "turnSpeedOverrideRun": 2.5553407568338378e+26
    },
    "-53": {
        "ODBGCANHLJK": 6.682155344606144e-07,
        "PHIGBLJBLEH": 5.266098462384023e-37,
        "turnSpeedOverrideWalk": -2.1226817178976454e-11,
        "turnSpeedOverrideRun": 2.3510646520213414e-38
    },
    "-2": {
        "JNPAOFCICJF": 1,
        "turnSpeedOverrideWalk": 1.5901442466624174e-30,
        "NLEAGPOLEEK": -5.692606534220644e+32,
        "AEOBPCIBIMP": {
            "FICDDBICBHC": true
        },
        "GJGDHKFGIDG": 2.3699300529868536e-38
    }
}