{
    "8": {
        "speedLevel": 52,
        "turnSpeedOverride": 959696666624.0,
        "LABODBCBCFB": 1.1432172628454787e+27
    },
    "-48": {
        "speedLevel": 25,
        "spacial": true,
        "LDEIPKCCHCP": -2.937667123448229e-11
    },
    "-198887": {
        "fadeoutBeginTime": 1.5168470694077443e-36
    }
}