{
    "8": {
        "LAIJCBOFMLB": 1.7465355179128783e+19,
        "defendAreaRange": 1.1287461610545351e+27
    },
    "54": {
        "LAIJCBOFMLB": 6.564105774486961e-07,
        "defendAreaRange": -4.142779289395548e-06,
        "speedLevel": 125789,
        "FENJEENCAEP": 9.477424324543464e-38,
        "FLLFKNOBLDB": true
    },
    "-3720508": {
        "defendAreaRange": 3.8821881022031675e-34
    }
}