{
    "id": 1085017,
    "IMFPOJPGIFN": [
        4194470,
        4194563
    ],
    "HNEEEJAPICF": [
        {
            "GEAPDIDEKFG": 1085002,
            "CMGBFIKDJDE": 100.0,
            "JANNADIOCPM": {
                "r": 0.63919997215271,
                "g": 0.8392000198364258,
                "b": 0.9764999747276306,
                "a": 0.40779998898506165
            },
            "FLMFPPGIOPL": 1.0,
            "HMCICKHCPDO": 0.0,
            "AMCJBEADAHB": 0.0
        }
    ]
}