{
  "id": 1085017,
  "LAEMIMJDAEG": [
    4194470,
    4194563
  ],
  "OCALCKHBMKC": [
    {
      "GOPFOAFEKLC": 1085002,
      "MMCHEANOHHM": 100.0,
      "color": {
        "r": 0.63919997215271,
        "g": 0.8392000198364258,
        "b": 0.9764999747276306,
        "a": 0.40779998898506165
      },
      "NBHHDDPNINL": 1.0,
      "CMDNMCNPNAA": 0.0,
      "MMBCPHGLNGB": 0.0
    }
  ]
}