{
  "id": 1085017,
  "JNFFHIFMBPL": [
    4194470,
    4194563
  ],
  "ADCEPGCFJMH": [
    {
      "stateID": 1085002,
      "NIBPLFFNFGH": 100.0,
      "color": {
        "r": 0.63919997215271,
        "g": 0.8392000198364258,
        "b": 0.9764999747276306,
        "a": 0.40779998898506165
      },
      "AIGCMEJPFJA": 1.0,
      "MKEPPNJGFGP": 0.0,
      "FCIFABDPJEM": 0.0
    }
  ]
}