{
    "id": 1085017,
    "AHGMGBHNLON": [
        4194470,
        4194563
    ],
    "IIJKEEGOKMC": [
        {
            "stateID": 1085002,
            "GJAPNKGKOEE": 100.0,
            "IPHJGCMOIAI": {
                "r": 0.63919997215271,
                "g": 0.8392000198364258,
                "b": 0.9764999747276306,
                "a": 0.40779998898506165
            },
            "OHAGJHMJCBA": 1.0,
            "INFIJCNOMHM": 0.0,
            "DACCCFHHCAJ": 0.0
        }
    ]
}