{
  "id": 1085017,
  "LFODPCBJIJC": [
    4194470,
    4194563
  ],
  "PHDNBPIPKCJ": [
    {
      "stateID": 1085002,
      "KJCPJBMDNAP": 100.0,
      "color": {
        "r": 0.63919997215271,
        "g": 0.8392000198364258,
        "b": 0.9764999747276306,
        "a": 0.40779998898506165
      },
      "HEAJCNNPFDM": 1.0,
      "EPMADBMPFLP": 0.0,
      "AGANBHOPHFG": 0.0
    }
  ]
}