{
  "id": 1085017,
  "CKGNCEAKAAO": [
    4194470,
    4194563
  ],
  "HNIIHGFINAB": [
    {
      "stateID": 1085002,
      "JDIKFBLBLOA": 100.0,
      "color": {
        "r": 0.63919997215271,
        "g": 0.8392000198364258,
        "b": 0.9764999747276306,
        "a": 0.40779998898506165
      },
      "FFCEAEOALIH": 1.0,
      "IOPLDGJMAHL": 0.0,
      "ABNNDGOCPNH": 0.0
    }
  ]
}