{
    "id": 1085017,
    "CDEGPGBDEJE": [
        4194470,
        4194563
    ],
    "MCFMLIDMFEM": [
        {
            "stateID": 1085002,
            "EKIAHFKIMEO": 100.0,
            "NDKDCIGLHJM": {
                "r": 0.63919997215271,
                "g": 0.8392000198364258,
                "b": 0.9764999747276306,
                "a": 0.40779998898506165
            },
            "KGNGNAHJAEP": 1.0,
            "JNDJNGHLDMH": 0.0,
            "BADMEGNGHDD": 0.0
        }
    ]
}