{
    "id": 1085017,
    "CNGKJKBLBPC": [
        4194470,
        4194563
    ],
    "KEDLOCJGPGI": [
        {
            "stateID": 1085002,
            "CENMDGPDJPD": 100.0,
            "DJANDKEJGFB": {
                "r": 0.63919997215271,
                "g": 0.8392000198364258,
                "b": 0.9764999747276306,
                "a": 0.40779998898506165
            },
            "DIMDKLAHLHA": 1.0,
            "LIIAOOEFGEL": 0.0,
            "DNLNBGCBJKB": 0.0
        }
    ]
}