{
    "id": 1085017,
    "IPEGAECOAGN": [
        4194470,
        4194563
    ],
    "HDJKHJGEPHL": [
        {
            "stateID": 1085002,
            "BNBGHDEFDNC": 100.0,
            "PPBFDJDJDCD": {
                "r": 0.63919997215271,
                "g": 0.8392000198364258,
                "b": 0.9764999747276306,
                "a": 0.40779998898506165
            },
            "NFFIEDNOPHP": 1.0,
            "OPJNDMBEDDP": 0.0,
            "LJAHKFFBCKN": 0.0
        }
    ]
}