{
  "id": 1085017,
  "LEMEBCIJMGB": [
    4194470,
    4194563
  ],
  "LBEFGEIHFAN": [
    {
      "stateID": 1085002,
      "GHKHFNNPDEP": 100.0,
      "color": {
        "r": 0.63919997215271,
        "g": 0.8392000198364258,
        "b": 0.9764999747276306,
        "a": 0.40779998898506165
      },
      "KFNMCMFFPJM": 1.0,
      "MIENKDKJJBJ": 0.0,
      "NEIGABCILGN": 0.0
    }
  ]
}