{
  "id": 1085017,
  "KKMONDGAGKP": [
    4194470,
    4194563
  ],
  "AACMMHBFIML": [
    {
      "stateID": 1085002,
      "GJFHCKCBDID": 100.0,
      "color": {
        "r": 0.63919997215271,
        "g": 0.8392000198364258,
        "b": 0.9764999747276306,
        "a": 0.40779998898506165
      },
      "CKJGENBOAGD": 1.0,
      "DJBHNNDOKMB": 0.0,
      "EBACHHHCCJM": 0.0
    }
  ]
}