{
    "AEPKAFFJKAG": 33302,
    "FNFADHDELGE": [
        {
            "LAFAKLPCIGN": 3330201,
            "IJKDDEEEJLA": [
                {
                    "pos": {
                        "x": 2801.0,
                        "y": 381.0,
                        "z": 4188.0
                    },
                    "shape": {
                        "$type": "BKEMHMCCJDJ",
                        "FMMJOMDHOKK": true,
                        "height": 82.0,
                        "NNJNOCOPONH": "Center",
                        "width": 220.0,
                        "length": 150.0
                    }
                },
                {
                    "pos": {
                        "x": 2725.916015625,
                        "y": 423.85467529296875,
                        "z": 4285.08056640625
                    },
                    "rot": {
                        "y": 333.19384765625
                    },
                    "shape": {
                        "$type": "BKEMHMCCJDJ",
                        "FMMJOMDHOKK": true,
                        "height": 22.59225082397461,
                        "NNJNOCOPONH": "Center",
                        "width": 82.31446838378906,
                        "length": 60.11576461791992
                    }
                },
                {
                    "pos": {
                        "x": 2709.873291015625,
                        "y": 412.72552490234375,
                        "z": 4264.79541015625
                    },
                    "rot": {
                        "y": 356.7686462402344
                    },
                    "shape": {
                        "$type": "BKEMHMCCJDJ",
                        "FMMJOMDHOKK": true,
                        "height": 35.47342300415039,
                        "NNJNOCOPONH": "Center",
                        "width": 49.56626892089844,
                        "length": 60.4586067199707
                    }
                }
            ]
        }
    ],
    "minArea": {
        "x": 2675.6259765625,
        "y": 340.0,
        "z": 4113.0
    },
    "maxArea": {
        "x": 2911.0,
        "y": 435.1507568359375,
        "z": 4330.46875
    }
}