{
    "AEPKAFFJKAG": 33102,
    "FNFADHDELGE": [
        {
            "LAFAKLPCIGN": 3310201,
            "IJKDDEEEJLA": [
                {
                    "pos": {
                        "x": 1227.47216796875,
                        "y": 449.09661865234375,
                        "z": 5933.60546875
                    },
                    "rot": {
                        "x": 359.908935546875,
                        "y": 339.24005126953125,
                        "z": 359.5654296875
                    },
                    "shape": {
                        "$type": "GPPNLKBMBMC",
                        "FMMJOMDHOKK": true,
                        "height": 36.90909194946289,
                        "width": 34.22477340698242,
                        "length": 128.6857147216797
                    }
                },
                {
                    "pos": {
                        "x": 1330.1513671875,
                        "y": 449.81097412109375,
                        "z": 5910.52001953125
                    },
                    "shape": {
                        "$type": "BKEMHMCCJDJ",
                        "FMMJOMDHOKK": true,
                        "height": 36.77314758300781,
                        "NNJNOCOPONH": "Center",
                        "width": 165.6571807861328,
                        "length": 80.03423309326172
                    }
                },
                {
                    "pos": {
                        "x": 1404.234130859375,
                        "y": 432.07916259765625,
                        "z": 5848.49755859375
                    },
                    "rot": {
                        "y": 335.6553649902344
                    },
                    "shape": {
                        "$type": "BKEMHMCCJDJ",
                        "FMMJOMDHOKK": true,
                        "height": 60.6977653503418,
                        "NNJNOCOPONH": "Center",
                        "width": 72.47452545166016,
                        "length": 57.106998443603516
                    }
                },
                {
                    "pos": {
                        "x": 1394.63427734375,
                        "y": 429.5818176269531,
                        "z": 5710.033203125
                    },
                    "shape": {
                        "$type": "BKEMHMCCJDJ",
                        "FMMJOMDHOKK": true,
                        "height": 43.68476486206055,
                        "NNJNOCOPONH": "Center",
                        "width": 63.006019592285156,
                        "length": 247.42385864257812
                    }
                },
                {
                    "pos": {
                        "x": 1424.4642333984375,
                        "y": 428.092041015625,
                        "z": 5829.9833984375
                    },
                    "rot": {
                        "y": 338.5986022949219
                    },
                    "shape": {
                        "$type": "BKEMHMCCJDJ",
                        "FMMJOMDHOKK": true,
                        "height": 58.34246063232422,
                        "NNJNOCOPONH": "Center",
                        "width": 22.499530792236328,
                        "length": 15.49085807800293
                    }
                }
            ]
        }
    ],
    "minArea": {
        "x": 1188.5234375,
        "y": 398.92083740234375,
        "z": 5586.3212890625
    },
    "maxArea": {
        "x": 1449.01953125,
        "y": 468.19757080078125,
        "z": 5999.8583984375
    }
}