{
    "localPolygonId": 1669322832,
    "yMax": 1000.0,
    "vertices": [
        {
            "x": 779.6141967773438,
            "y": 13.474830627441406,
            "z": 164.90731811523438
        },
        {
            "x": 61.52857208251953,
            "y": 13.47756576538086,
            "z": 163.35061645507812
        },
        {
            "x": 60.27417755126953,
            "y": 13.435643196105957,
            "z": 776.5375366210938
        },
        {
            "x": 780.182373046875,
            "y": 13.432744979858398,
            "z": 781.211669921875
        }
    ]
}