{
    "AEPKAFFJKAG": 32706,
    "FNFADHDELGE": [
        {
            "LAFAKLPCIGN": 3270601,
            "IJKDDEEEJLA": [
                {
                    "pos": {
                        "x": -2962.88134765625,
                        "y": 207.88699340820312,
                        "z": 5353.291015625
                    },
                    "shape": {
                        "$type": "BKEMHMCCJDJ",
                        "FMMJOMDHOKK": true,
                        "height": 25.020830154418945,
                        "NNJNOCOPONH": "Center",
                        "width": 36.21622085571289,
                        "length": 52.26366424560547
                    }
                },
                {
                    "pos": {
                        "x": -2963.08203125,
                        "y": 212.6886444091797,
                        "z": 5319.5888671875
                    },
                    "shape": {
                        "$type": "BKEMHMCCJDJ",
                        "FMMJOMDHOKK": true,
                        "height": 12.251216888427734,
                        "NNJNOCOPONH": "Center",
                        "width": 9.361854553222656,
                        "length": 16.83642578125
                    }
                },
                {
                    "pos": {
                        "x": -2977.962158203125,
                        "y": 187.64031982421875,
                        "z": 5456.72216796875
                    },
                    "shape": {
                        "$type": "BKEMHMCCJDJ",
                        "FMMJOMDHOKK": true,
                        "height": 85.53684997558594,
                        "NNJNOCOPONH": "Center",
                        "width": 70.04879760742188,
                        "length": 155.56512451171875
                    }
                },
                {
                    "pos": {
                        "x": -2992.85986328125,
                        "y": 224.81497192382812,
                        "z": 5547.62890625
                    },
                    "shape": {
                        "$type": "BKEMHMCCJDJ",
                        "FMMJOMDHOKK": true,
                        "height": 12.327327728271484,
                        "NNJNOCOPONH": "Center",
                        "width": 8.655709266662598,
                        "length": 26.603717803955078
                    }
                }
            ]
        }
    ],
    "minArea": {
        "x": -3012.986572265625,
        "y": 144.87188720703125,
        "z": 5311.1708984375
    },
    "maxArea": {
        "x": -2942.937744140625,
        "y": 230.9786376953125,
        "z": 5560.9306640625
    }
}