{
    "yMax": 475.16357421875,
    "yMin": -1060.83642578125,
    "vertices": [
        {
            "x": 2017.301513671875,
            "y": -1060.83642578125,
            "z": -1007.6570434570312
        },
        {
            "x": -1001.8699340820312,
            "y": -1060.83642578125,
            "z": -1005.5776977539062
        },
        {
            "x": -1000.8030395507812,
            "y": -1060.83642578125,
            "z": 1997.72802734375
        },
        {
            "x": 2017.268310546875,
            "y": -1060.83642578125,
            "z": 1990.384765625
        }
    ]
}