{
    "NMIAAEEEILN": [
        {
            "LBJAKBEEIOH": 52,
            "LIELLGKOAFK": {
                "x": 171.1999969482422,
                "y": 186.83999633789062,
                "z": 282.625
            }
        },
        {
            "LBJAKBEEIOH": 53,
            "LIELLGKOAFK": {
                "x": 171.1999969482422,
                "y": 186.83999633789062,
                "z": 282.625
            },
            "DLKNKECHAFN": {
                "y": 180.0,
                "z": 180.0
            }
        },
        {
            "LBJAKBEEIOH": 54,
            "LIELLGKOAFK": {
                "x": 171.1999969482422,
                "y": 186.83999633789062,
                "z": 282.625
            }
        }
    ]
}