{
    "polygons": [
        {
            "LJGIKCEPIKM": 52,
            "min": {
                "x": 171.1999969482422,
                "y": 186.83999633789062,
                "z": 282.625
            }
        },
        {
            "LJGIKCEPIKM": 53,
            "min": {
                "x": 171.1999969482422,
                "y": 186.83999633789062,
                "z": 282.625
            },
            "max": {
                "y": 180.0,
                "z": 180.0
            }
        },
        {
            "LJGIKCEPIKM": 54,
            "min": {
                "x": 171.1999969482422,
                "y": 186.83999633789062,
                "z": 282.625
            }
        }
    ]
}