{
    "OCBHEDFEEDD": {
        "x": 2.4262952434237553e-35
    },
    "OIBIHPBEAJB": 3.791084524187583e-37
}