{
    "8": {
        "speedLevel": 52,
        "turnSpeedOverride": 959696666624.0,
        "distanceFromCurrentMax": 1.1432172628454787e+27
    },
    "-48": {
        "turnSpeedOverride": 1.6501950028668944e-07,
        "distanceFromBorn": -7.876571447898931e+19,
        "distanceFromCurrentMin": 2.4434668332783056e-38
    },
    "4": {
        "speedLevel": -1
    }
}