{
    "yMax": -240.3000030517578,
    "yMin": -280.0,
    "vertices": [
        {
            "x": -850.59521484375,
            "y": -249.05628967285156,
            "z": 5785.51123046875
        },
        {
            "x": -871.0554809570312,
            "y": -249.41424560546875,
            "z": 5784.65087890625
        },
        {
            "x": -858.3587646484375,
            "y": -248.7643585205078,
            "z": 5648.77490234375
        },
        {
            "x": -837.260009765625,
            "y": -248.57595825195312,
            "z": 5651.4111328125
        }
    ]
}