{
    "yMax": 600.0,
    "yMin": 120.0,
    "vertices": [
        {
            "x": -2215.603271484375,
            "y": 119.96527099609375,
            "z": 5349.2353515625
        },
        {
            "x": -2485.494384765625,
            "y": 118.97137451171875,
            "z": 5349.166015625
        },
        {
            "x": -2485.64013671875,
            "y": 120.27909851074219,
            "z": 5664.77783203125
        },
        {
            "x": -2215.5791015625,
            "y": 119.97709655761719,
            "z": 5664.89013671875
        }
    ]
}