{
    "localPolygonId": 1669322832,
    "yMax": 1000.0,
    "vertices": [
        {
            "x": 751.0458374023438,
            "y": 13.480594635009766,
            "z": 198.3148193359375
        },
        {
            "x": 99.80389404296875,
            "y": 13.482826232910156,
            "z": 199.9293212890625
        },
        {
            "x": 100.22714233398438,
            "y": 13.461915016174316,
            "z": 751.9103393554688
        },
        {
            "x": 750.6498413085938,
            "y": 13.451729774475098,
            "z": 749.74462890625
        }
    ]
}