{
    "8": {
        "LAIJCBOFMLB": 1.7465355179128783e+19,
        "defendAreaRange": 1.1287461610545351e+27
    },
    "54": {
        "LAIJCBOFMLB": 6.563961392203055e-07,
        "defendAreaRange": -4.142778379900847e-06,
        "speedLevel": 125789,
        "FENJEENCAEP": 3.790969729817386e-37,
        "FLLFKNOBLDB": true
    },
    "-3720508": {
        "defendAreaRange": 2.4263675638769797e-35
    }
}