{
    "OCBHEDFEEDD": {
        "x": 9.477715794624044e-38
    },
    "OIBIHPBEAJB": 9.477711310468958e-38
}