{
    "angleOffset": {},
    "angleOffsetCorrect": {
        "IBKBLDAJIMA": [],
        "LKHJADIPBFL": []
    },
    "speedForPredictive": 1.1432172628454787e+27,
    "scatter": {
        "maxDistance": 6.563814736182394e-07,
        "maxScatterAngle": -6.571690116409152e+33,
        "centerRote": 9.681349124343412e-38,
        "randomRote": 1.5164797274231123e-36
    }
}