{
    "-13": {
        "speedLevel": -49,
        "turnSpeedOverride": 959462899712.0,
        "distanceFromCurrentMax": 7.441235456579815e+28
    },
    "57": {
        "cdMax": 2.5932178626675295e-09,
        "distanceFromBorn": 2.578428137667288e-09,
        "distanceFromCurrentMin": 13909195776.0,
        "distanceFromCurrentMax": -6.571714256239918e+33
    },
    "29066": {
        "turnSpeedOverride": 1.5164797274231123e-36
    }
}