{
    "id": 4,
    "sceneId": 3,
    "MINJPEBGODH": [
        {
            "$type": "HHGOMNDPDCN",
            "id": 401,
            "PEPAPKCIEFM": [
                {
                    "pos": {
                        "x": 841.1978759765625,
                        "y": 212.30911254882812,
                        "z": 5623.9775390625
                    },
                    "rot": {
                        "y": 349.642822265625
                    },
                    "shape": {
                        "$type": "BHMDEDHPEFH",
                        "EAIPPAJKGFO": true,
                        "height": 50.0,
                        "LDMENJHNDON": "Center",
                        "width": 105.0,
                        "length": 188.8188018798828
                    }
                }
            ],
            "CKCPGNKAJIJ": [
                {
                    "id": 4010001,
                    "type": "REGION_ENTRANCE",
                    "pos": {
                        "x": 857.77783203125,
                        "y": 226.2035369873047,
                        "z": 5719.5166015625
                    },
                    "DAJODFMDKEE": "LOGIC_AND",
                    "FFLHCNPPKBB": [
                        4010002
                    ],
                    "BGLKEAKBPKH": 4294967295,
                    "LIJJLHIGOFF": 4294967295
                }
            ],
            "NBPGEMEPMDF": true
        }
    ]
}