{
    "id": 4,
    "sceneId": 3,
    "IKDMGMNBFCJ": [
        {
            "$type": "ONPHLBONOHE",
            "id": 401,
            "CIEIDBLDBED": [
                {
                    "musicSubStates": {
                        "x": 841.1978759765625,
                        "y": 212.30911254882812,
                        "z": 5623.9775390625
                    },
                    "rot": {
                        "y": 349.642822265625
                    },
                    "shape": {
                        "$type": "JDMEKOJCJLA",
                        "EIDBHMBCHBO": true,
                        "height": 50.0,
                        "FKCPFIPJFJH": "Center",
                        "width": 105.0,
                        "length": 188.8188018798828
                    }
                }
            ],
            "OIIADGEGBJA": [
                {
                    "id": 4010001,
                    "type": "REGION_ENTRANCE",
                    "musicSubStates": {
                        "x": 857.77783203125,
                        "y": 226.2035369873047,
                        "z": 5719.5166015625
                    },
                    "AHGBGBCFIMO": "LOGIC_AND",
                    "OKDFMMIOLMB": [
                        4010002
                    ],
                    "BAEFOGOKACM": 4294967295,
                    "FICKOKBCLPC": 4294967295
                }
            ],
            "FFGEBNKOEKI": true
        }
    ]
}