{
    "id": 4,
    "sceneId": 3,
    "GPGADOCIOIA": [
        {
            "$type": "IGIOLILFIMG",
            "id": 401,
            "IJKDDEEEJLA": [
                {
                    "pos": {
                        "x": 841.1978759765625,
                        "y": 212.30911254882812,
                        "z": 5623.9775390625
                    },
                    "rot": {
                        "y": 349.642822265625
                    },
                    "shape": {
                        "$type": "BKEMHMCCJDJ",
                        "FMMJOMDHOKK": true,
                        "height": 50.0,
                        "NNJNOCOPONH": "Center",
                        "width": 105.0,
                        "length": 188.8188018798828
                    }
                }
            ],
            "HPHKLPKMEEI": [
                {
                    "id": 4010001,
                    "type": "REGION_ENTRANCE",
                    "pos": {
                        "x": 857.77783203125,
                        "y": 226.2035369873047,
                        "z": 5719.5166015625
                    },
                    "IMLJNPFEJHJ": "LOGIC_AND",
                    "IPIAMIDPFMG": [
                        4010002
                    ],
                    "AODCALPJHFJ": 4294967295,
                    "OILLBBHICBA": 4294967295
                }
            ],
            "KFKNNLMADHL": true
        }
    ]
}