{
    "yMax": 200.0,
    "vertices": [
        {
            "x": -227.23193359375,
            "y": 45.18247604370117,
            "z": 1098.1280517578125
        },
        {
            "x": 1159.031494140625,
            "y": 49.445831298828125,
            "z": 1162.84716796875
        },
        {
            "x": 1236.74853515625,
            "y": 89.32019805908203,
            "z": -52.50152587890625
        },
        {
            "x": -105.74609375,
            "y": 75.65042114257812,
            "z": -50.818145751953125
        }
    ]
}