{
    "-13": {
        "speedLevel": 52,
        "turnSpeedOverride": 959696666624.0,
        "LABODBCBCFB": 1.1432172628454787e+27
    },
    "-48": {
        "speedLevel": 27,
        "spacial": true,
        "LDEIPKCCHCP": 3834479640576.0
    },
    "-49": {
        "fadeoutBeginTime": 1.7613126243366994e+19,
        "fadeoutEndTime": -9.810486670840726e-34,
        "LDEIPKCCHCP": 6.439849373708936e-36,
        "LABODBCBCFB": 2.3699300529868536e-38
    }
}