{
    "AEPKAFFJKAG": 33404,
    "FNFADHDELGE": [
        {
            "LAFAKLPCIGN": 3340401,
            "IJKDDEEEJLA": [
                {
                    "pos": {
                        "x": 2495.689697265625,
                        "y": 376.4364013671875,
                        "z": 4666.0751953125
                    },
                    "shape": {
                        "$type": "BKEMHMCCJDJ",
                        "FMMJOMDHOKK": true,
                        "height": 68.73295593261719,
                        "NNJNOCOPONH": "Center",
                        "width": 145.2852020263672,
                        "length": 247.7774658203125
                    }
                }
            ]
        },
        {
            "LAFAKLPCIGN": 3340402,
            "IJKDDEEEJLA": [
                {
                    "pos": {
                        "x": 2537.153076171875,
                        "y": 425.67291259765625,
                        "z": 4752.35546875
                    },
                    "shape": {
                        "$type": "BKEMHMCCJDJ",
                        "FMMJOMDHOKK": true,
                        "height": 30.573389053344727,
                        "NNJNOCOPONH": "Center",
                        "width": 50.077354431152344,
                        "length": 75.12364959716797
                    }
                },
                {
                    "pos": {
                        "x": 2539.83984375,
                        "y": 446.0892333984375,
                        "z": 4765.8720703125
                    },
                    "rot": {
                        "y": 337.1907958984375
                    },
                    "shape": {
                        "$type": "BKEMHMCCJDJ",
                        "FMMJOMDHOKK": true,
                        "height": 18.72077178955078,
                        "NNJNOCOPONH": "Center",
                        "width": 28.46603012084961,
                        "length": 22.509830474853516
                    }
                }
            ]
        }
    ],
    "minArea": {
        "x": 2423.047119140625,
        "y": 342.0699462890625,
        "z": 4542.1865234375
    },
    "maxArea": {
        "x": 2568.332275390625,
        "y": 455.4495849609375,
        "z": 4789.9638671875
    }
}