{
    "HGAOICILGHL": 3.7616967170015175e-37,
    "duration": 3.761698062248043e-37,
    "followOffset": {
        "x": -412.4884033203125,
        "y": 241.38609313964844,
        "z": 2726.180908203125
    },
    "CJKNNMOIBLB": 30.0,
    "HBJIHLKBBDB": 0
}