{
    "9": {
        "speedLevel": -49,
        "turnSpeedOverride": 3574.27783203125,
        "LABODBCBCFB": 7.555081327053433e+31
    },
    "-48": {
        "speedLevel": -26,
        "turnSpeedOverride": 0.00016802623576950282,
        "spacial": true,
        "LDEIPKCCHCP": -2.229983805672519e-17
    },
    "12": {
        "fadeoutBeginTime": 2.3700735459496004e-38
    }
}