{
    "NMIAAEEEILN": [
        {
            "LBJAKBEEIOH": 48,
            "LIELLGKOAFK": {
                "x": 243.5749969482422,
                "y": 187.8300018310547,
                "z": 250.41000366210938
            }
        },
        {
            "LBJAKBEEIOH": 49,
            "LIELLGKOAFK": {
                "x": 243.5749969482422,
                "y": 187.8300018310547,
                "z": 250.41000366210938
            },
            "DLKNKECHAFN": {
                "y": 180.0,
                "z": 180.0
            }
        }
    ]
}