{
    "position": {
        "x": 1.9045350551605225,
        "y": 1.51643363030883e-36
    },
    "sList": [
        5.3246435911847425e-37,
        -0.0003872508241329342,
        2.350989262163961e-38,
        3.8497444473585e-37,
        9.85534578523776e-35,
        -493.51385498046875,
        210.02223205566406,
        351.76031494140625,
        40.0,
        2.3694275473575467e-38,
        1.6887037115664342e-30,
        3.60133705331478e-43,
        9.481727992387099e-38,
        2.865267480129326e-38,
        4.203895392974451e-45,
        9.592105355857363e+18,
        -0.0003872508241329342,
        4.080479741022792e+25,
        -2.281438860052276e-08,
        -7.105714350252867e-10,
        1.4375850320065696e-37,
        51.5,
        2.865339226610699e-38,
        7.006492321624085e-45,
        1.5787831363733902e-33,
        -8908035.0,
        3.850056544552475e-37,
        -6.161545973701442e+34,
        143553249280.0,
        -7.497394198530127e-12,
        8.200240009895837e-19,
        1.671698612226481e-35,
        -8.674337357889202e-15,
        -9295298035712.0,
        -3.564335215866521e-10,
        -1.6226583058281654e+37,
        2.3004745152363906e-36,
        7.35081938027798e-40,
        7.332801033044234e-12,
        -2.5345894241295115e+27,
        2.729983884305865e-37,
        -552976.125,
        -3.5642350182385485e-10,
        3.51857932076109e+18,
        9.422488679070921e-33,
        2.407706591057676e-35,
        2.5348752136643706e-38,
        3.937908765747715e-37,
        1.5532521337574994e-33
    ],
    "tList": [],
    "outControlPoint": {
        "x": 6.213010739081905e-33,
        "z": 9.993423897542406e-38
    }
}