{
    "8": {
        "speedLevel": 52,
        "turnSpeedOverride": 959696666624.0,
        "terrainOffsetMax": 1.1432172628454787e+27
    },
    "-48": {
        "speedLevel": 25,
        "turnSpeedOverride": 2.0947303591934654e-36,
        "cdMin": 4.234219586243738e-24,
        "terrainOffsetMin": 2.5347325614807023e-38
    },
    "-1": {
        "speedLevel": -1,
        "turnSpeedOverride": -1.761881469848148e-18,
        "cdMax": 1.1671594723980344e-36,
        "distanceFromCurrentMin": 2.3877952071085307e-38,
        "distanceFromCurrentMax": -1.6678536667313892e-06,
        "FBFKLKNIMCG": 2.424885055121973e-38,
        "HELHFLPALKP": {
            "FIGBHCNPCJM": [
                2
            ]
        }
    }
}