{
    "id": 202,
    "CIEIDBLDBED": [
        {
            "musicSubStates": {
                "x": 2541.76708984375,
                "y": 218.78292846679688,
                "z": 4526.43408203125
            },
            "rot": {
                "y": 37.63126754760742
            },
            "shape": {
                "$type": "JDMEKOJCJLA",
                "EIDBHMBCHBO": true,
                "height": 163.9579620361328,
                "FKCPFIPJFJH": "Center",
                "width": 289.79583740234375,
                "length": 200.90733337402344
            }
        }
    ],
    "OIIADGEGBJA": [
        {
            "id": 2020005,
            "type": "REGION_ENTRANCE",
            "musicSubStates": {
                "x": 2589.34716796875,
                "y": 295.23779296875,
                "z": 4493.7939453125
            },
            "AHGBGBCFIMO": "LOGIC_AND",
            "OKDFMMIOLMB": [
                2020006
            ],
            "BAEFOGOKACM": 4294967295,
            "FICKOKBCLPC": 4294967295
        }
    ],
    "FFGEBNKOEKI": true,
    "MHHCMJDEEJK": [
        {
            "id": 2020005,
            "type": "REGION_ENTRANCE",
            "musicSubStates": {
                "x": 2589.34716796875,
                "y": 295.23779296875,
                "z": 4493.7939453125
            },
            "AHGBGBCFIMO": "LOGIC_AND",
            "OKDFMMIOLMB": [
                2020006
            ],
            "BAEFOGOKACM": 4294967295,
            "FICKOKBCLPC": 4294967295
        },
        {
            "id": 2020006,
            "musicSubStates": {
                "x": 2589.625,
                "y": 260.8384704589844,
                "z": 4494.81640625
            },
            "AHGBGBCFIMO": "LOGIC_AND",
            "OKDFMMIOLMB": [
                2020005,
                2020007
            ]
        },
        {
            "id": 2020007,
            "musicSubStates": {
                "x": 2504.147705078125,
                "y": 248.7899932861328,
                "z": 4574.5732421875
            },
            "AHGBGBCFIMO": "LOGIC_AND",
            "OKDFMMIOLMB": [
                2020006,
                2020008
            ]
        },
        {
            "id": 2020008,
            "musicSubStates": {
                "x": 2497.250244140625,
                "y": 251.20213317871094,
                "z": 4586.13818359375
            },
            "AHGBGBCFIMO": "LOGIC_AND",
            "OKDFMMIOLMB": [
                2020007,
                2020009
            ]
        },
        {
            "id": 2020009,
            "musicSubStates": {
                "x": 2500.66162109375,
                "y": 253.99383544921875,
                "z": 4603.72412109375
            },
            "area": {
                "type": "INSIDE_RADIUS",
                "HOMCOLBDNBD": 40.0
            },
            "AHGBGBCFIMO": "LOGIC_AND",
            "OKDFMMIOLMB": [
                2020008
            ]
        }
    ]
}