{
    "delayTime": 3.791429355713684e-37,
    "duration": 8.581932051876459e-37,
    "emotionTransitionTime": 2.369715374062119e-38,
    "blinkEnabled": true,
    "blinkMinGap": 1.5165256451711913e-36
}