{
    "id": 3501,
    "IJKDDEEEJLA": [
        {
            "pos": {
                "x": 3712.61376953125,
                "y": 379.1316223144531,
                "z": 4993.55908203125
            },
            "shape": {
                "$type": "BKEMHMCCJDJ",
                "FMMJOMDHOKK": true,
                "height": 79.27574157714844,
                "NNJNOCOPONH": "Center",
                "width": 229.2517852783203,
                "length": 156.77926635742188
            }
        },
        {
            "pos": {
                "x": 3668.5751953125,
                "y": 310.5142822265625,
                "z": 5038.01513671875
            },
            "shape": {
                "$type": "OMNKHPLOBDP",
                "FMMJOMDHOKK": true,
                "height": 80.0,
                "radius": 7.0
            }
        }
    ],
    "HPHKLPKMEEI": [
        {
            "id": 35010001,
            "type": "REGION_ENTRANCE",
            "pos": {
                "x": 3667.259033203125,
                "y": 279.29998779296875,
                "z": 5037.94921875
            },
            "IMLJNPFEJHJ": "LOGIC_AND",
            "AODCALPJHFJ": 4294967295,
            "OILLBBHICBA": 4294967295
        }
    ],
    "KFKNNLMADHL": true,
    "JEKPPCMCDDL": [
        {
            "id": 35010001,
            "type": "REGION_ENTRANCE",
            "pos": {
                "x": 3667.259033203125,
                "y": 279.29998779296875,
                "z": 5037.94921875
            },
            "IMLJNPFEJHJ": "LOGIC_AND",
            "AODCALPJHFJ": 4294967295,
            "OILLBBHICBA": 4294967295
        }
    ]
}