{
    "yMax": -13.0,
    "yMin": -25.0,
    "vertices": [
        {
            "x": -2458.989990234375,
            "y": -22.608091354370117,
            "z": 5645.94140625
        },
        {
            "x": -2445.204833984375,
            "y": -21.156173706054688,
            "z": 5635.08056640625
        },
        {
            "x": -2430.30029296875,
            "y": -20.900480270385742,
            "z": 5655.1640625
        },
        {
            "x": -2445.392333984375,
            "y": -20.99991798400879,
            "z": 5665.2099609375
        }
    ]
}