{
    "id": 1085027,
    "IPEGAECOAGN": [
        4194556
    ],
    "HDJKHJGEPHL": [
        {
            "stateID": 1085006,
            "BNBGHDEFDNC": 100.0,
            "PPBFDJDJDCD": {
                "r": 1.0,
                "g": 0.9922000169754028,
                "b": 0.7646999955177307,
                "a": 1.0
            },
            "NFFIEDNOPHP": 1.0
        }
    ]
}