{
  "id": 1085027,
  "JNFFHIFMBPL": [
    4194556
  ],
  "ADCEPGCFJMH": [
    {
      "stateID": 1085006,
      "NIBPLFFNFGH": 100.0,
      "color": {
        "r": 1.0,
        "g": 0.9922000169754028,
        "b": 0.7646999955177307,
        "a": 1.0
      },
      "AIGCMEJPFJA": 1.0
    }
  ]
}