{
    "id": 1085027,
    "IMFPOJPGIFN": [
        4194556
    ],
    "HNEEEJAPICF": [
        {
            "GEAPDIDEKFG": 1085006,
            "CMGBFIKDJDE": 100.0,
            "JANNADIOCPM": {
                "r": 1.0,
                "g": 0.9922000169754028,
                "b": 0.7646999955177307,
                "a": 1.0
            },
            "FLMFPPGIOPL": 1.0
        }
    ]
}