{
  "id": 1085027,
  "LEMEBCIJMGB": [
    4194556
  ],
  "LBEFGEIHFAN": [
    {
      "stateID": 1085006,
      "GHKHFNNPDEP": 100.0,
      "color": {
        "r": 1.0,
        "g": 0.9922000169754028,
        "b": 0.7646999955177307,
        "a": 1.0
      },
      "KFNMCMFFPJM": 1.0
    }
  ]
}