{
    "id": 1085027,
    "CDEGPGBDEJE": [
        4194556
    ],
    "MCFMLIDMFEM": [
        {
            "stateID": 1085006,
            "EKIAHFKIMEO": 100.0,
            "NDKDCIGLHJM": {
                "r": 1.0,
                "g": 0.9922000169754028,
                "b": 0.7646999955177307,
                "a": 1.0
            },
            "KGNGNAHJAEP": 1.0
        }
    ]
}