{
    "id": 1085027,
    "CNGKJKBLBPC": [
        4194556
    ],
    "KEDLOCJGPGI": [
        {
            "stateID": 1085006,
            "CENMDGPDJPD": 100.0,
            "DJANDKEJGFB": {
                "r": 1.0,
                "g": 0.9922000169754028,
                "b": 0.7646999955177307,
                "a": 1.0
            },
            "DIMDKLAHLHA": 1.0
        }
    ]
}