{
    "id": 1085027,
    "AHGMGBHNLON": [
        4194556
    ],
    "IIJKEEGOKMC": [
        {
            "stateID": 1085006,
            "GJAPNKGKOEE": 100.0,
            "IPHJGCMOIAI": {
                "r": 1.0,
                "g": 0.9922000169754028,
                "b": 0.7646999955177307,
                "a": 1.0
            },
            "OHAGJHMJCBA": 1.0
        }
    ]
}