{
  "id": 1085027,
  "LAEMIMJDAEG": [
    4194556
  ],
  "OCALCKHBMKC": [
    {
      "GOPFOAFEKLC": 1085006,
      "MMCHEANOHHM": 100.0,
      "color": {
        "r": 1.0,
        "g": 0.9922000169754028,
        "b": 0.7646999955177307,
        "a": 1.0
      },
      "NBHHDDPNINL": 1.0
    }
  ]
}