{
    "gadgetId": 0,
    "areaId": 0,
    "musicSubStates": {
        "y": 1.084210832032542e-19,
        "z": -1.8298167795813626e-18
    },
    "MKNACDEDCKP": [
        370373,
        56,
        67,
        3821,
        8873,
        7,
        13155,
        21,
        109099461,
        67,
        145354440,
        7,
        263537,
        5701,
        3,
        53,
        67,
        124,
        1135577,
        7,
        85
    ],
    "LGDGJFCGALF": true,
    "IECFOAHKOIO": true,
    "size": {
        "z": -1.5104449055343456e+28
    },
    "HPLPDFIFDLF": ""
}