{
    "yMax": 190.0,
    "yMin": 160.0,
    "vertices": [
        {
            "x": -2385.66455078125,
            "y": 184.0890655517578,
            "z": 5411.74072265625
        },
        {
            "x": -2390.430419921875,
            "y": 180.5115203857422,
            "z": 5371.72265625
        },
        {
            "x": -2312.683837890625,
            "y": 181.01239013671875,
            "z": 5371.185546875
        },
        {
            "x": -2317.270751953125,
            "y": 184.43084716796875,
            "z": 5400.3662109375
        }
    ]
}