{
    "AEPKAFFJKAG": 33905,
    "FNFADHDELGE": [
        {
            "LAFAKLPCIGN": 3390501,
            "IJKDDEEEJLA": [
                {
                    "pos": {
                        "x": 2597.223388671875,
                        "y": 277.11004638671875,
                        "z": 3548.82666015625
                    },
                    "rot": {
                        "y": 19.205810546875
                    },
                    "shape": {
                        "$type": "BKEMHMCCJDJ",
                        "FMMJOMDHOKK": true,
                        "height": 12.178879737854004,
                        "NNJNOCOPONH": "Center",
                        "width": 11.138561248779297,
                        "length": 5.0
                    }
                },
                {
                    "pos": {
                        "x": 2591.255615234375,
                        "y": 271.65875244140625,
                        "z": 3531.693359375
                    },
                    "rot": {
                        "x": 1.2812633514404297,
                        "y": 17.95600700378418,
                        "z": -1.3343549376543251e-08
                    },
                    "shape": {
                        "$type": "GPPNLKBMBMC",
                        "FMMJOMDHOKK": true,
                        "height": 23.899394989013672,
                        "width": 29.486295700073242,
                        "length": 32.37514877319336
                    }
                },
                {
                    "pos": {
                        "x": 2592.33154296875,
                        "y": 271.34368896484375,
                        "z": 3479.19580078125
                    },
                    "shape": {
                        "$type": "BKEMHMCCJDJ",
                        "FMMJOMDHOKK": true,
                        "height": 54.03633117675781,
                        "NNJNOCOPONH": "Center",
                        "width": 79.39241027832031,
                        "length": 87.03927612304688
                    }
                }
            ]
        }
    ],
    "minArea": {
        "x": 2552.63525390625,
        "y": 244.32553100585938,
        "z": 3435.67626953125
    },
    "maxArea": {
        "x": 2632.02783203125,
        "y": 298.3618469238281,
        "z": 3553.01953125
    }
}