{
    "AEPKAFFJKAG": 32601,
    "FNFADHDELGE": [
        {
            "LAFAKLPCIGN": 3260101,
            "IJKDDEEEJLA": [
                {
                    "pos": {
                        "x": -2063.530517578125,
                        "y": 57.875343322753906,
                        "z": 4410.43701171875
                    },
                    "rot": {
                        "y": 41.68486785888672
                    },
                    "shape": {
                        "$type": "BKEMHMCCJDJ",
                        "FMMJOMDHOKK": true,
                        "height": 35.044002532958984,
                        "NNJNOCOPONH": "Center",
                        "width": 47.47504425048828,
                        "length": 52.52138900756836
                    }
                },
                {
                    "pos": {
                        "x": -2074.9892578125,
                        "y": 54.42738723754883,
                        "z": 4365.3154296875
                    },
                    "rot": {
                        "y": 44.91424560546875
                    },
                    "shape": {
                        "$type": "BKEMHMCCJDJ",
                        "FMMJOMDHOKK": true,
                        "height": 41.316688537597656,
                        "NNJNOCOPONH": "Center",
                        "width": 91.68385314941406,
                        "length": 34.34560775756836
                    }
                },
                {
                    "pos": {
                        "x": -2176.844970703125,
                        "y": 85.80431365966797,
                        "z": 4315.6279296875
                    },
                    "rot": {
                        "y": 46.57755661010742
                    },
                    "shape": {
                        "$type": "BKEMHMCCJDJ",
                        "FMMJOMDHOKK": true,
                        "height": 153.37779235839844,
                        "NNJNOCOPONH": "Center",
                        "width": 165.07669067382812,
                        "length": 192.38455200195312
                    }
                },
                {
                    "pos": {
                        "x": -2285.9248046875,
                        "y": 90.72969055175781,
                        "z": 4268.857421875
                    },
                    "rot": {
                        "y": 315.6129150390625
                    },
                    "shape": {
                        "$type": "BKEMHMCCJDJ",
                        "FMMJOMDHOKK": true,
                        "height": 55.02267837524414,
                        "NNJNOCOPONH": "Center",
                        "width": 241.53439331054688,
                        "length": 500.1124267578125
                    }
                },
                {
                    "pos": {
                        "x": -2421.82080078125,
                        "y": 56.20574951171875,
                        "z": 4450.2978515625
                    },
                    "rot": {
                        "y": 315.6129150390625
                    },
                    "shape": {
                        "$type": "BKEMHMCCJDJ",
                        "FMMJOMDHOKK": true,
                        "height": 15.500030517578125,
                        "NNJNOCOPONH": "Center",
                        "width": 201.1240234375,
                        "length": 45.942317962646484
                    }
                },
                {
                    "pos": {
                        "x": -2311.908935546875,
                        "y": 61.877464294433594,
                        "z": 4475.935546875
                    },
                    "rot": {
                        "y": 315.6129150390625
                    },
                    "shape": {
                        "$type": "BKEMHMCCJDJ",
                        "FMMJOMDHOKK": true,
                        "height": 42.371910095214844,
                        "NNJNOCOPONH": "Center",
                        "width": 158.7322235107422,
                        "length": 128.84124755859375
                    }
                },
                {
                    "pos": {
                        "x": -2263.345703125,
                        "y": 74.75211334228516,
                        "z": 4587.7177734375
                    },
                    "rot": {
                        "y": 315.6129150390625
                    },
                    "shape": {
                        "$type": "BKEMHMCCJDJ",
                        "FMMJOMDHOKK": true,
                        "height": 66.83769226074219,
                        "NNJNOCOPONH": "Center",
                        "width": 82.37499237060547,
                        "length": 250.7105255126953
                    }
                },
                {
                    "pos": {
                        "x": -2344.230712890625,
                        "y": 98.56204223632812,
                        "z": 4530.59033203125
                    },
                    "rot": {
                        "y": 315.6129150390625
                    },
                    "shape": {
                        "$type": "BKEMHMCCJDJ",
                        "FMMJOMDHOKK": true,
                        "height": 88.21773529052734,
                        "NNJNOCOPONH": "Center",
                        "width": 133.2328643798828,
                        "length": 85.0132827758789
                    }
                },
                {
                    "pos": {
                        "x": -2182.57763671875,
                        "y": 57.29994201660156,
                        "z": 4503.822265625
                    },
                    "rot": {
                        "y": 15.24317741394043
                    },
                    "shape": {
                        "$type": "BKEMHMCCJDJ",
                        "FMMJOMDHOKK": true,
                        "height": 60.857765197753906,
                        "NNJNOCOPONH": "Center",
                        "width": 65.57176208496094,
                        "length": 39.601890563964844
                    }
                },
                {
                    "pos": {
                        "x": -2410.08056640625,
                        "y": 141.7021484375,
                        "z": 4518.4970703125
                    },
                    "rot": {
                        "y": 13.970365524291992
                    },
                    "shape": {
                        "$type": "BKEMHMCCJDJ",
                        "FMMJOMDHOKK": true,
                        "height": 40.520870208740234,
                        "NNJNOCOPONH": "Center",
                        "width": 41.61005783081055,
                        "length": 41.707218170166016
                    }
                },
                {
                    "pos": {
                        "x": -2399.4326171875,
                        "y": 161.30953979492188,
                        "z": 4540.01513671875
                    },
                    "rot": {
                        "y": 15.309042930603027
                    },
                    "shape": {
                        "$type": "BKEMHMCCJDJ",
                        "FMMJOMDHOKK": true,
                        "height": 31.399076461791992,
                        "NNJNOCOPONH": "Center",
                        "width": 116.28849029541016,
                        "length": 100.66004943847656
                    }
                }
            ]
        },
        {
            "LAFAKLPCIGN": 3260102,
            "IJKDDEEEJLA": [
                {
                    "pos": {
                        "x": -2462.489501953125,
                        "y": 44.32311248779297,
                        "z": 4338.830078125
                    },