{
    "HDMBPMOLOBH": [
        {
            "LBJAKBEEIOH": 1,
            "NOBNBLFIABH": [
                {
                    "KOBDCELHDBG": 3750102,
                    "MJMCEKOCNBL": {
                        "x": 347.17779541015625,
                        "y": 396.3992004394531,
                        "z": 761.7860717773438
                    },
                    "PMJNLHCFNNE": {
                        "x": -0.78774493932724,
                        "z": 0.616001546382904
                    },
                    "MJPMFBJCBLP": 0
                }
            ],
            "GHDOLEFILPI": [
                {
                    "pos": {
                        "x": 291.0,
                        "y": 396.3999938964844,
                        "z": 702.0
                    },
                    "rot": {
                        "y": 81.0
                    }
                }
            ]
        },
        {
            "LBJAKBEEIOH": 2,
            "GHDOLEFILPI": [
                {
                    "pos": {
                        "x": 312.0,
                        "y": 406.79998779296875,
                        "z": 594.0
                    },
                    "rot": {
                        "y": -132.0
                    }
                }
            ]
        },
        {
            "LBJAKBEEIOH": 4,
            "GHDOLEFILPI": [
                {
                    "pos": {
                        "x": 573.0,
                        "y": 459.79998779296875,
                        "z": 504.0
                    },
                    "rot": {
                        "y": 140.0
                    }
                }
            ]
        },
        {
            "LBJAKBEEIOH": 3,
            "GHDOLEFILPI": [
                {
                    "pos": {
                        "x": 497.0,
                        "y": 433.6000061035156,
                        "z": 620.1900024414062
                    },
                    "rot": {
                        "y": 97.0
                    }
                }
            ]
        }
    ],
    "KMLBCIHPPBH": true,
    "KMEEJDKBLJO": {
        "x": 334.9332275390625,
        "y": 397.5692138671875,
        "z": 771.208740234375
    },
    "JLJPBCOHGJN": {
        "y": 308.02471923828125
    },
    "CHDEOKCEBCP": {
        "KOBDCELHDBG": 3750102,
        "MJMCEKOCNBL": {
            "x": 347.17779541015625,
            "y": 396.3992004394531,
            "z": 761.7860717773438
        },
        "PMJNLHCFNNE": {
            "y": 308.02471923828125
        },
        "MJPMFBJCBLP": 1
    },
    "PGJDGCFPGIC": {
        "x": 337.58099365234375,
        "y": 397.919189453125,
        "z": 772.8577270507812
    },
    "OPJPCGPLMDO": 1
}