{
    "20": {
        "IAMPPODHFNN": 102,
        "rotation": {
            "y": 1.7610030018623177e+19,
            "z": 2.736804420243287e+20
        },
        "LNILLLNPCMJ": {
            "x": 9.54435497604424e+26,
            "y": 5.2011632334370006e-08,
            "z": -0.0013926925603300333
        }
    },
    "1965": {
        "IAMPPODHFNN": 0
    },
    "1": {
        "IAMPPODHFNN": 952449954,
        "position": {
            "y": 3.8821881022031675e-34
        }
    }
}