{
  "id": 1085024,
  "LAEMIMJDAEG": [
    4194974,
    4194975,
    4194976,
    4194977,
    4194978
  ],
  "OCALCKHBMKC": [
    {
      "GOPFOAFEKLC": 1085008,
      "MMCHEANOHHM": 100.0,
      "color": {
        "r": 1.0,
        "g": 0.9528999924659729,
        "b": 0.8234999775886536,
        "a": 1.0
      },
      "NBHHDDPNINL": 1.0
    }
  ]
}