{
    "id": 1085024,
    "CNGKJKBLBPC": [
        4194974,
        4194975,
        4194976,
        4194977,
        4194978
    ],
    "KEDLOCJGPGI": [
        {
            "stateID": 1085008,
            "CENMDGPDJPD": 100.0,
            "DJANDKEJGFB": {
                "r": 1.0,
                "g": 0.9528999924659729,
                "b": 0.8234999775886536,
                "a": 1.0
            },
            "DIMDKLAHLHA": 1.0
        }
    ]
}