{
  "id": 1085024,
  "LFODPCBJIJC": [
    4194974,
    4194975,
    4194976,
    4194977,
    4194978
  ],
  "PHDNBPIPKCJ": [
    {
      "stateID": 1085008,
      "KJCPJBMDNAP": 100.0,
      "color": {
        "r": 1.0,
        "g": 0.9528999924659729,
        "b": 0.8234999775886536,
        "a": 1.0
      },
      "HEAJCNNPFDM": 1.0
    }
  ]
}