{
    "id": 1085024,
    "IPEGAECOAGN": [
        4194974,
        4194975,
        4194976,
        4194977,
        4194978
    ],
    "HDJKHJGEPHL": [
        {
            "stateID": 1085008,
            "BNBGHDEFDNC": 100.0,
            "PPBFDJDJDCD": {
                "r": 1.0,
                "g": 0.9528999924659729,
                "b": 0.8234999775886536,
                "a": 1.0
            },
            "NFFIEDNOPHP": 1.0
        }
    ]
}