{
    "id": 31,
    "sceneId": 3,
    "MINJPEBGODH": [
        {
            "$type": "HHGOMNDPDCN",
            "id": 3103,
            "PEPAPKCIEFM": [
                {
                    "pos": {
                        "x": 4973.4248046875,
                        "y": 486.9885559082031,
                        "z": 3993.986328125
                    },
                    "shape": {
                        "$type": "BHMDEDHPEFH",
                        "EAIPPAJKGFO": true,
                        "height": 64.61934661865234,
                        "LDMENJHNDON": "Center",
                        "width": 425.2364807128906,
                        "length": 108.70127868652344
                    }
                }
            ],
            "CKCPGNKAJIJ": [
                {
                    "id": 31030001,
                    "type": "REGION_ENTRANCE",
                    "pos": {
                        "x": 5018.623046875,
                        "y": 493.6341857910156,
                        "z": 4013.063720703125
                    },
                    "DAJODFMDKEE": "LOGIC_AND",
                    "FFLHCNPPKBB": [
                        31030002
                    ],
                    "BGLKEAKBPKH": 4294967295,
                    "LIJJLHIGOFF": 4294967295
                }
            ],
            "NBPGEMEPMDF": true
        }
    ]
}