{
    "id": 31,
    "sceneId": 3,
    "IKDMGMNBFCJ": [
        {
            "$type": "ONPHLBONOHE",
            "id": 3103,
            "CIEIDBLDBED": [
                {
                    "musicSubStates": {
                        "x": 4973.4248046875,
                        "y": 486.9885559082031,
                        "z": 3993.986328125
                    },
                    "shape": {
                        "$type": "JDMEKOJCJLA",
                        "EIDBHMBCHBO": true,
                        "height": 64.61934661865234,
                        "FKCPFIPJFJH": "Center",
                        "width": 425.2364807128906,
                        "length": 108.70127868652344
                    }
                }
            ],
            "OIIADGEGBJA": [
                {
                    "id": 31030001,
                    "type": "REGION_ENTRANCE",
                    "musicSubStates": {
                        "x": 5018.623046875,
                        "y": 493.6341857910156,
                        "z": 4013.063720703125
                    },
                    "AHGBGBCFIMO": "LOGIC_AND",
                    "OKDFMMIOLMB": [
                        31030002
                    ],
                    "BAEFOGOKACM": 4294967295,
                    "FICKOKBCLPC": 4294967295
                }
            ],
            "FFGEBNKOEKI": true
        }
    ]
}