{
    "id": 31,
    "sceneId": 3,
    "FMAKIIHDGJF": [
        {
            "$type": "IHMGAKDJKAI",
            "id": 3103,
            "HBGNAAKIPKI": [
                {
                    "pos": {
                        "x": 4973.4248046875,
                        "y": 486.9885559082031,
                        "z": 3993.986328125
                    },
                    "shape": {
                        "$type": "FBOPNFAKLDG",
                        "JAFBDKCDHCO": true,
                        "height": 64.61934661865234,
                        "KPEJJDMAGEN": "Center",
                        "width": 425.2364807128906,
                        "length": 108.70127868652344
                    }
                }
            ],
            "DFNBKLHHGCF": [
                {
                    "id": 31030001,
                    "type": "REGION_ENTRANCE",
                    "pos": {
                        "x": 5018.623046875,
                        "y": 493.6341857910156,
                        "z": 4013.063720703125
                    },
                    "PMOKHMLGAOE": "LOGIC_AND",
                    "LDJJOAHMBKO": [
                        31030002
                    ],
                    "MKJJDPAHACA": 4294967295,
                    "OELAOJEKNDM": 4294967295
                }
            ],
            "LJNNMLGIAJI": true
        }
    ]
}