{
    "id": 31,
    "sceneId": 3,
    "GPGADOCIOIA": [
        {
            "$type": "IGIOLILFIMG",
            "id": 3103,
            "IJKDDEEEJLA": [
                {
                    "pos": {
                        "x": 4973.4248046875,
                        "y": 486.9885559082031,
                        "z": 3993.986328125
                    },
                    "shape": {
                        "$type": "BKEMHMCCJDJ",
                        "FMMJOMDHOKK": true,
                        "height": 64.61934661865234,
                        "NNJNOCOPONH": "Center",
                        "width": 425.2364807128906,
                        "length": 108.70127868652344
                    }
                }
            ],
            "HPHKLPKMEEI": [
                {
                    "id": 31030001,
                    "type": "REGION_ENTRANCE",
                    "pos": {
                        "x": 5018.623046875,
                        "y": 493.6341857910156,
                        "z": 4013.063720703125
                    },
                    "IMLJNPFEJHJ": "LOGIC_AND",
                    "IPIAMIDPFMG": [
                        31030002
                    ],
                    "AODCALPJHFJ": 4294967295,
                    "OILLBBHICBA": 4294967295
                }
            ],
            "KFKNNLMADHL": true
        }
    ]
}