{
    "8": {
        "LAIJCBOFMLB": 1.7465355179128783e+19,
        "defendAreaRange": 1.1287461610545351e+27
    },
    "54": {
        "LAIJCBOFMLB": 1.0256870019986764e-08,
        "defendAreaRange": -4.1427788346481975e-06,
        "speedLevel": 125789,
        "FENJEENCAEP": 1.5163878919269543e-36,
        "FLLFKNOBLDB": true
    },
    "-3720508": {
        "defendAreaRange": 6.211500963525068e-33
    }
}