{
    "id": 3601,
    "KOCMMKFMMMA": [
        {
            "pos": {
                "x": 2424.9970703125,
                "y": 226.2747802734375,
                "z": 4959.58154296875
            },
            "shape": {
                "$type": "NENJBOLIMHI",
                "DDJAPBKMFHK": true,
                "height": 44.86456298828125,
                "CEJBIGAKPDG": "Center",
                "width": 14.911968231201172,
                "length": 13.418890953063965
            }
        },
        {
            "pos": {
                "x": 2408.784423828125,
                "y": 186.87960815429688,
                "z": 4951.4091796875
            },
            "rot": {
                "y": 45.74808883666992
            },
            "shape": {
                "$type": "NENJBOLIMHI",
                "DDJAPBKMFHK": true,
                "height": 35.34231948852539,
                "CEJBIGAKPDG": "Center",
                "width": 47.61473083496094,
                "length": 90.6550521850586
            }
        }
    ],
    "BEFDGNHALBH": [
        {
            "id": 36010001,
            "type": "REGION_ENTRANCE",
            "pos": {
                "x": 2424.390869140625,
                "y": 244.3000030517578,
                "z": 4959.48193359375
            },
            "LCPFEPOFHGN": "LOGIC_AND",
            "PEIIAMFBJNI": [
                36010002
            ],
            "CGHPEGECFMD": 4294967295,
            "AFDHFAJPGMA": 4294967295
        }
    ],
    "DENGLHDNJHH": true,
    "KCHJLAHIGAD": [
        {
            "id": 36010001,
            "type": "REGION_ENTRANCE",
            "pos": {
                "x": 2424.390869140625,
                "y": 244.3000030517578,
                "z": 4959.48193359375
            },
            "LCPFEPOFHGN": "LOGIC_AND",
            "PEIIAMFBJNI": [
                36010002
            ],
            "CGHPEGECFMD": 4294967295,
            "AFDHFAJPGMA": 4294967295
        },
        {
            "id": 36010002,
            "pos": {
                "x": 2424.49267578125,
                "y": 186.64369201660156,
                "z": 4958.55712890625
            },
            "LCPFEPOFHGN": "LOGIC_AND",
            "PEIIAMFBJNI": [
                36010001
            ]
        }
    ]
}