{
  "HPOGNGFGLBD": 34908,
  "NLLMJGFGBBP": [
    {
      "AOPHCNCGNIA": 3490801,
      "limitShapes": [
        {
          "pos": {
            "x": 338.8090515136719,
            "y": -582.3623657226562,
            "z": 10590.8515625
          },
          "shape": {
            "$type": "IALGLFDCLKF",
            "useHeight": true,
            "height": 110.28515625,
            "centerType": "Center",
            "width": 307.97955322265625,
            "length": 133.26258850097656
          }
        },
        {
          "pos": {
            "x": 538.919921875,
            "y": -566.5478515625,
            "z": 10649.080078125
          },
          "rot": {
            "y": 312.64715576171875
          },
          "shape": {
            "$type": "IALGLFDCLKF",
            "useHeight": true,
            "height": 125.09489440917969,
            "centerType": "Center",
            "width": 222.03448486328125,
            "length": 76.02131652832031
          }
        },
        {
          "pos": {
            "x": 678.1768188476562,
            "y": -576.170166015625,
            "z": 10778.35546875
          },
          "rot": {
            "y": 40.74493408203125
          },
          "shape": {
            "$type": "IALGLFDCLKF",
            "useHeight": true,
            "height": 114.04426574707031,
            "centerType": "Center",
            "width": 113.29991149902344,
            "length": 191.09300231933594
          }
        }
      ]
    }
  ],
  "minArea": {
    "x": 184.81927490234375,
    "y": -637.5049438476562,
    "z": 10524.220703125
  },
  "maxArea": {
    "x": 783.4586181640625,
    "y": -504.00042724609375,
    "z": 10887.71875
  }
}