{
    "haveNextAction": true,
    "delayFrame": 3932188,
    "flag": 503320173,
    "shakeTime": -3.1843041864465165e+29,
    "shakeDinstance": -1.441243457959321e-38,
    "shakeDir": {},
    "baseCycle": -1.4412793312000077e-38,
    "cycleDamping": -1.6014717491038123e-21,
    "targetCamera": 15360
}