{
    "AEPKAFFJKAG": 32104,
    "FNFADHDELGE": [
        {
            "LAFAKLPCIGN": 3210401,
            "IJKDDEEEJLA": [
                {
                    "pos": {
                        "x": -1294.8785400390625,
                        "y": 197.14901733398438,
                        "z": 2924.5185546875
                    },
                    "rot": {
                        "y": 36.01443862915039
                    },
                    "shape": {
                        "$type": "BKEMHMCCJDJ",
                        "FMMJOMDHOKK": true,
                        "height": 33.678077697753906,
                        "NNJNOCOPONH": "Center",
                        "width": 16.43013572692871,
                        "length": 36.88652038574219
                    }
                },
                {
                    "pos": {
                        "x": -1340.1494140625,
                        "y": 200.17214965820312,
                        "z": 2943.456787109375
                    },
                    "rot": {
                        "y": 38.8515510559082
                    },
                    "shape": {
                        "$type": "BKEMHMCCJDJ",
                        "FMMJOMDHOKK": true,
                        "height": 18.165388107299805,
                        "NNJNOCOPONH": "Center",
                        "width": 66.27184295654297,
                        "length": 21.535329818725586
                    }
                },
                {
                    "pos": {
                        "x": -1373.692138671875,
                        "y": 201.30714416503906,
                        "z": 2922.970703125
                    },
                    "rot": {
                        "y": 280.70416259765625
                    },
                    "shape": {
                        "$type": "BKEMHMCCJDJ",
                        "FMMJOMDHOKK": true,
                        "height": 25.879098892211914,
                        "NNJNOCOPONH": "Center",
                        "width": 50.94169235229492,
                        "length": 39.37150955200195
                    }
                },
                {
                    "pos": {
                        "x": -1248.07275390625,
                        "y": 148.743408203125,
                        "z": 2754.6435546875
                    },
                    "shape": {
                        "$type": "MGNHNJHADLG",
                        "radius": 81.10687255859375
                    }
                },
                {
                    "pos": {
                        "x": -1366.9136962890625,
                        "y": 173.07479858398438,
                        "z": 2862.255615234375
                    },
                    "shape": {
                        "$type": "MGNHNJHADLG",
                        "radius": 92.77977752685547
                    }
                },
                {
                    "pos": {
                        "x": -1421.4122314453125,
                        "y": 197.17596435546875,
                        "z": 2795.3349609375
                    },
                    "rot": {
                        "x": 2.528151750564575,
                        "y": 14.013981819152832,
                        "z": 0.6307641267776489
                    },
                    "shape": {
                        "$type": "GPPNLKBMBMC",
                        "FMMJOMDHOKK": true,
                        "height": 20.189958572387695,
                        "width": 26.940013885498047,
                        "length": 71.7735366821289
                    }
                }
            ]
        }
    ],
    "minArea": {
        "x": -1459.693359375,
        "y": 67.63653564453125,
        "z": 2673.53662109375
    },
    "maxArea": {
        "x": -1166.9658203125,
        "y": 265.8545837402344,
        "z": 2972.62841796875
    }
}