{
    "8": {
        "speedLevel": 52,
        "DEHEIMMPHDI": 959696666624.0,
        "restTimeMax": 1.1432172628454787e+27
    },
    "-48": {
        "speedLevel": -25,
        "DEHEIMMPHDI": 1.3238427566960957e-37,
        "PLLIKLICLCG": {
            "PHLBHDMLMPF": 1.4798188179906388e-33,
            "HNMOOJCCIHD": 2.4979986432771987e-38
        },
        "restTimeMin": -2.5004525653534367e-26
    },
    "227": {
        "DEHEIMMPHDI": 9.477998296394452e-38
    }
}