{
    "yMax": 1000.0,
    "yMin": -1000.0,
    "vertices": [
        {
            "x": 79.14044189453125,
            "y": 1000.0,
            "z": 4237.8994140625
        },
        {
            "x": -1151.4678955078125,
            "y": 1000.0,
            "z": 4236.40087890625
        },
        {
            "x": -1152.12109375,
            "y": 1000.0,
            "z": 3944.077392578125
        },
        {
            "x": 75.00640869140625,
            "y": 1000.0,
            "z": 3958.48779296875
        }
    ]
}