{
    "8": {
        "speedLevel": 52,
        "JNPAOFCICJF": -49,
        "turnSpeedOverrideRun": 2.5553407568338378e+26
    },
    "-53": {
        "ODBGCANHLJK": 2.5811131010300414e-09,
        "PHIGBLJBLEH": 5.237170281094256e-37,
        "turnSpeedOverrideWalk": -2.1226817178976454e-11,
        "turnSpeedOverrideRun": 2.3510646520213414e-38
    },
    "1": {
        "JNPAOFCICJF": 1,
        "turnSpeedOverrideWalk": 9.477998296394452e-38,
        "NLEAGPOLEEK": -5.692606534220644e+32,
        "AEOBPCIBIMP": {
            "FICDDBICBHC": true
        },
        "GJGDHKFGIDG": 2.3699300529868536e-38
    }
}