{
  "id": 1085019,
  "CKGNCEAKAAO": [
    4194474
  ],
  "HNIIHGFINAB": [
    {
      "stateID": 1085004,
      "JDIKFBLBLOA": 100.0,
      "color": {
        "r": 0.9646999835968018,
        "g": 0.8823999762535095,
        "b": 0.7098000049591064,
        "a": 0.43529999256134033
      },
      "FFCEAEOALIH": 1.0
    }
  ]
}