{
    "id": 1085019,
    "AHGMGBHNLON": [
        4194474
    ],
    "IIJKEEGOKMC": [
        {
            "stateID": 1085004,
            "GJAPNKGKOEE": 100.0,
            "IPHJGCMOIAI": {
                "r": 0.9646999835968018,
                "g": 0.8823999762535095,
                "b": 0.7098000049591064,
                "a": 0.43529999256134033
            },
            "OHAGJHMJCBA": 1.0
        }
    ]
}