{
    "AALCEBAEFEN": 33202,
    "MPMMMACDOJP": [
        {
            "BDHOGOEAPIA": 3320201,
            "CIEIDBLDBED": [
                {
                    "musicSubStates": {
                        "x": -119.18077850341797,
                        "y": 74.11204528808594,
                        "z": 5663.49609375
                    },
                    "rot": {
                        "y": 57.827579498291016
                    },
                    "shape": {
                        "$type": "JDMEKOJCJLA",
                        "EIDBHMBCHBO": true,
                        "height": 142.30023193359375,
                        "FKCPFIPJFJH": "Center",
                        "width": 219.92120361328125,
                        "length": 235.8119354248047
                    }
                },
                {
                    "musicSubStates": {
                        "x": -259.3755798339844,
                        "y": 73.14170837402344,
                        "z": 5566.916015625
                    },
                    "shape": {
                        "$type": "JDMEKOJCJLA",
                        "EIDBHMBCHBO": true,
                        "height": 62.491737365722656,
                        "FKCPFIPJFJH": "Center",
                        "width": 135.25721740722656,
                        "length": 86.96388244628906
                    }
                },
                {
                    "musicSubStates": {
                        "x": -317.95709228515625,
                        "y": 87.0409927368164,
                        "z": 5631.10009765625
                    },
                    "rot": {
                        "y": 323.3211669921875
                    },
                    "shape": {
                        "$type": "JDMEKOJCJLA",
                        "EIDBHMBCHBO": true,
                        "height": 32.70448303222656,
                        "FKCPFIPJFJH": "Center",
                        "width": 83.40727996826172,
                        "length": 87.62507629394531
                    }
                },
                {
                    "musicSubStates": {
                        "x": -145.75900268554688,
                        "y": 116.08030700683594,
                        "z": 5508.5771484375
                    },
                    "rot": {
                        "y": 29.21438980102539
                    },
                    "shape": {
                        "$type": "JDMEKOJCJLA",
                        "EIDBHMBCHBO": true,
                        "height": 35.563507080078125,
                        "FKCPFIPJFJH": "Center",
                        "width": 31.650165557861328,
                        "length": 58.16715621948242
                    }
                },
                {
                    "musicSubStates": {
                        "x": -203.33956909179688,
                        "y": 101.47186279296875,
                        "z": 5775.01904296875
                    },
                    "rot": {
                        "y": 59.96609115600586
                    },
                    "shape": {
                        "$type": "JDMEKOJCJLA",
                        "EIDBHMBCHBO": true,
                        "height": 88.5086441040039,
                        "FKCPFIPJFJH": "Center",
                        "width": 78.99110412597656,
                        "length": 113.78607177734375
                    }
                }
            ]
        }
    ],
    "minArea": {
        "x": -377.5737609863281,
        "y": 2.9619293212890625,
        "z": 5475.46875
    },
    "maxArea": {
        "x": 39.1712646484375,
        "y": 145.72618103027344,
        "z": 5837.6875
    }
}