{
    "yMax": 330.0,
    "yMin": 314.6000061035156,
    "vertices": [
        {
            "x": -2994.24853515625,
            "y": 315.43310546875,
            "z": 4734.04931640625
        },
        {
            "x": -2993.72314453125,
            "y": 315.09173583984375,
            "z": 4723.75537109375
        },
        {
            "x": -3004.125244140625,
            "y": 314.781494140625,
            "z": 4723.51171875
        },
        {
            "x": -3004.232421875,
            "y": 314.5611267089844,
            "z": 4734.41357421875
        }
    ]
}