{
    "20": {
        "IAMPPODHFNN": 102,
        "rotation": {
            "y": 1.7610030018623177e+19,
            "z": 2.736804420243287e+20
        },
        "LNILLLNPCMJ": {
            "x": 1.498861251379504e+25,
            "y": 5.2013497509051376e-08,
            "z": -0.0013926925603300333
        }
    },
    "1965": {
        "IAMPPODHFNN": 0
    },
    "1": {
        "IAMPPODHFNN": 952449954,
        "position": {
            "y": 2.4263675638769797e-35
        }
    }
}