{
    "yMin": -14.0,
    "vertices": [
        {
            "x": -1150.2406005859375,
            "y": -13.86942195892334,
            "z": 5427.98291015625
        },
        {
            "x": -1144.8695068359375,
            "y": -13.944683074951172,
            "z": 5425.7890625
        },
        {
            "x": -1149.5985107421875,
            "y": -14.192584037780762,
            "z": 5418.66162109375
        },
        {
            "x": -1153.5545654296875,
            "y": -3.2693862915039062,
            "z": 5419.75
        }
    ]
}