{
    "yMax": 200.0,
    "yMin": 185.0,
    "vertices": [
        {
            "x": -2369.1455078125,
            "y": 190.19021606445312,
            "z": 5401.56103515625
        },
        {
            "x": -2368.915771484375,
            "y": 190.0069122314453,
            "z": 5376.8173828125
        },
        {
            "x": -2329.788818359375,
            "y": 190.40415954589844,
            "z": 5376.01220703125
        },
        {
            "x": -2329.222412109375,
            "y": 190.22276306152344,
            "z": 5397.1220703125
        }
    ]
}