{
    "id": 6,
    "sceneId": 3,
    "FMAKIIHDGJF": [
        {
            "$type": "IHMGAKDJKAI",
            "id": 601,
            "HBGNAAKIPKI": [
                {
                    "pos": {
                        "x": 2566.01220703125,
                        "y": 234.1192169189453,
                        "z": 4687.162109375
                    },
                    "shape": {
                        "$type": "FBOPNFAKLDG",
                        "JAFBDKCDHCO": true,
                        "height": 84.33426666259766,
                        "KPEJJDMAGEN": "Center",
                        "width": 77.90038299560547,
                        "length": 121.70335388183594
                    }
                },
                {
                    "pos": {
                        "x": 2574.317626953125,
                        "y": 227.9658966064453,
                        "z": 4753.78955078125
                    },
                    "shape": {
                        "$type": "FBOPNFAKLDG",
                        "JAFBDKCDHCO": true,
                        "height": 33.19829177856445,
                        "KPEJJDMAGEN": "Center",
                        "width": 40.44733428955078,
                        "length": 46.844078063964844
                    }
                }
            ],
            "DFNBKLHHGCF": [
                {
                    "id": 6010001,
                    "type": "REGION_ENTRANCE",
                    "pos": {
                        "x": 2579.656494140625,
                        "y": 238.94076538085938,
                        "z": 4766.841796875
                    },
                    "PMOKHMLGAOE": "LOGIC_AND",
                    "MKJJDPAHACA": 4294967295,
                    "OELAOJEKNDM": 4294967295
                }
            ],
            "LJNNMLGIAJI": true
        }
    ]
}