{
    "AEPKAFFJKAG": 33405,
    "FNFADHDELGE": [
        {
            "LAFAKLPCIGN": 3340501,
            "IJKDDEEEJLA": [
                {
                    "pos": {
                        "x": 2502.85791015625,
                        "y": 219.608154296875,
                        "z": 4603.6630859375
                    },
                    "rot": {
                        "y": 332.7989501953125
                    },
                    "shape": {
                        "$type": "BKEMHMCCJDJ",
                        "FMMJOMDHOKK": true,
                        "height": 150.96144104003906,
                        "NNJNOCOPONH": "Center",
                        "width": 143.44927978515625,
                        "length": 143.06907653808594
                    }
                },
                {
                    "pos": {
                        "x": 2574.346923828125,
                        "y": 195.24380493164062,
                        "z": 4512.31298828125
                    },
                    "rot": {
                        "y": 332.27691650390625
                    },
                    "shape": {
                        "$type": "BKEMHMCCJDJ",
                        "FMMJOMDHOKK": true,
                        "height": 150.08738708496094,
                        "NNJNOCOPONH": "Center",
                        "width": 131.886962890625,
                        "length": 170.41310119628906
                    }
                }
            ]
        }
    ],
    "minArea": {
        "x": 2406.3662109375,
        "y": 120.20012664794922,
        "z": 4406.2109375
    },
    "maxArea": {
        "x": 2672.3583984375,
        "y": 295.0888671875,
        "z": 4700.072265625
    }
}