{
    "id": 3103,
    "IJKDDEEEJLA": [
        {
            "pos": {
                "x": 4973.4248046875,
                "y": 486.9885559082031,
                "z": 3993.986328125
            },
            "shape": {
                "$type": "BKEMHMCCJDJ",
                "FMMJOMDHOKK": true,
                "height": 64.61934661865234,
                "NNJNOCOPONH": "Center",
                "width": 425.2364807128906,
                "length": 108.70127868652344
            }
        }
    ],
    "HPHKLPKMEEI": [
        {
            "id": 31030001,
            "type": "REGION_ENTRANCE",
            "pos": {
                "x": 5018.623046875,
                "y": 493.6341857910156,
                "z": 4013.063720703125
            },
            "IMLJNPFEJHJ": "LOGIC_AND",
            "IPIAMIDPFMG": [
                31030002
            ],
            "AODCALPJHFJ": 4294967295,
            "OILLBBHICBA": 4294967295
        }
    ],
    "KFKNNLMADHL": true,
    "JEKPPCMCDDL": [
        {
            "id": 31030001,
            "type": "REGION_ENTRANCE",
            "pos": {
                "x": 5018.623046875,
                "y": 493.6341857910156,
                "z": 4013.063720703125
            },
            "IMLJNPFEJHJ": "LOGIC_AND",
            "IPIAMIDPFMG": [
                31030002
            ],
            "AODCALPJHFJ": 4294967295,
            "OILLBBHICBA": 4294967295
        },
        {
            "id": 31030002,
            "pos": {
                "x": 5004.72607421875,
                "y": 487.7699890136719,
                "z": 4015.2333984375
            },
            "IMLJNPFEJHJ": "LOGIC_AND",
            "IPIAMIDPFMG": [
                31030001,
                31030003
            ]
        },
        {
            "id": 31030003,
            "pos": {
                "x": 4986.43896484375,
                "y": 485.04168701171875,
                "z": 4004.339111328125
            },
            "IMLJNPFEJHJ": "LOGIC_AND",
            "IPIAMIDPFMG": [
                31030002,
                31030004
            ]
        },
        {
            "id": 31030004,
            "pos": {
                "x": 4966.99755859375,
                "y": 482.5833740234375,
                "z": 3987.31591796875
            },
            "LMPOLCHBFHN": {
                "offset": {
                    "y": 1.0
                },
                "GNPFMPFNEHL": true
            },
            "IMLJNPFEJHJ": "LOGIC_AND",
            "IPIAMIDPFMG": [
                31030003,
                31030005
            ]
        },
        {
            "id": 31030005,
            "pos": {
                "x": 4950.724609375,
                "y": 485.93670654296875,
                "z": 3981.3798828125
            },
            "LMPOLCHBFHN": {
                "offset": {
                    "y": 1.0
                },
                "GNPFMPFNEHL": true
            },
            "IMLJNPFEJHJ": "LOGIC_AND",
            "IPIAMIDPFMG": [
                31030004,
                31030006
            ]
        },
        {
            "id": 31030006,
            "pos": {
                "x": 4935.9892578125,
                "y": 494.7219543457031,
                "z": 3974.98291015625
            },
            "IMLJNPFEJHJ": "LOGIC_AND",
            "IPIAMIDPFMG": [
                31030005,
                31030007
            ]
        },
        {
            "id": 31030007,
            "pos": {
                "x": 4933.2587890625,
                "y": 495.4165344238281,
                "z": 3971.240966796875
            },
            "BKMIPEIPDIC": true,
            "area": {
                "type": "INSIDE_RADIUS",
                "KNCJBNDCAKM": 10.0
            },
            "IMLJNPFEJHJ": "LOGIC_AND",
            "IPIAMIDPFMG": [
                31030006
            ]
        }
    ]
}