{
    "yMax": 600.0,
    "yMin": 120.0,
    "vertices": [
        {
            "x": -2201.158935546875,
            "y": 120.32475280761719,
            "z": 5335.6298828125
        },
        {
            "x": -2497.595458984375,
            "y": 120.756591796875,
            "z": 5337.14501953125
        },
        {
            "x": -2500.73095703125,
            "y": 120.64863586425781,
            "z": 5678.908203125
        },
        {
            "x": -2203.530517578125,
            "y": 120.03863525390625,
            "z": 5679.20849609375
        }
    ]
}