{
    "8": {
        "LAIJCBOFMLB": 1.7465355179128783e+19,
        "defendAreaRange": 1.1287461610545351e+27
    },
    "54": {
        "LAIJCBOFMLB": 4.102384920656732e-08,
        "defendAreaRange": -4.1427788346481975e-06,
        "speedLevel": 125789,
        "FENJEENCAEP": 3.790969729817386e-37,
        "FLLFKNOBLDB": true
    },
    "-3720508": {
        "defendAreaRange": 1.5164797274231123e-36
    }
}