{
    "OCBHEDFEEDD": {
        "x": 1.516434527139847e-36
    },
    "OIBIHPBEAJB": 9.477711310468958e-38
}