{
    "AEPKAFFJKAG": 32202,
    "FNFADHDELGE": [
        {
            "LAFAKLPCIGN": 3220201,
            "IJKDDEEEJLA": [
                {
                    "pos": {
                        "x": -304.51531982421875,
                        "y": 169.09539794921875,
                        "z": 3963.796630859375
                    },
                    "rot": {
                        "y": 24.15182876586914
                    },
                    "shape": {
                        "$type": "BKEMHMCCJDJ",
                        "FMMJOMDHOKK": true,
                        "height": 135.3300018310547,
                        "NNJNOCOPONH": "Center",
                        "width": 79.53194427490234,
                        "length": 52.52188491821289
                    }
                },
                {
                    "pos": {
                        "x": -117.95845794677734,
                        "y": 112.90450286865234,
                        "z": 3919.774169921875
                    },
                    "rot": {
                        "y": 10.52617073059082
                    },
                    "shape": {
                        "$type": "BKEMHMCCJDJ",
                        "FMMJOMDHOKK": true,
                        "height": 130.15896606445312,
                        "NNJNOCOPONH": "Center",
                        "width": 322.7959289550781,
                        "length": 336.2552795410156
                    }
                }
            ]
        }
    ],
    "minArea": {
        "x": -351.545166015625,
        "y": 47.82502746582031,
        "z": 3724.9912109375
    },
    "maxArea": {
        "x": 71.43777465820312,
        "y": 236.7604217529297,
        "z": 4114.5576171875
    }
}