{
    "0": {
        "BCDAGPNCLKO": 7.495796043870302e-15,
        "MONCHHKIDKL": 423185350656.0
    },
    "4251": {},
    "1": {},
    "33": {
        "IAGKJOFBGMB": 1.4871852875205819e-34,
        "BCDAGPNCLKO": -2297.595947265625,
        "MONCHHKIDKL": 50.42451858520508
    },
    "9": {
        "BCDAGPNCLKO": -141843168.0,
        "MONCHHKIDKL": 6.158046245574951
    },
    "-4814": {
        "BCDAGPNCLKO": 5585.74169921875
    },
    "-4": {
        "IAGKJOFBGMB": -1.1911438039636157e+26,
        "BCDAGPNCLKO": 1.5762153254243697e+34,
        "MONCHHKIDKL": 1.4871674943932012e-34
    },
    "-4604": {
        "BCDAGPNCLKO": 5550.83056640625
    },
    "22": {
        "IAGKJOFBGMB": -2.9252864719445276e-21,
        "MONCHHKIDKL": 7.69263413113672e-33
    },
    "36": {
        "BCDAGPNCLKO": 5556.60595703125
    },
    "121269": {
        "IAGKJOFBGMB": 50.1505241394043,
        "MONCHHKIDKL": 5579.0537109375
    }
}