{
    "0": {
        "KBBJILAKPDO": 7.495796043870302e-15,
        "HNJFJDKGJBF": 423185350656.0
    },
    "4251": {},
    "1": {},
    "33": {
        "ACEEFPBODHC": 1.4871852875205819e-34,
        "KBBJILAKPDO": -2297.595947265625,
        "HNJFJDKGJBF": 50.42451858520508
    },
    "9": {
        "KBBJILAKPDO": -141843168.0,
        "HNJFJDKGJBF": 6.158046245574951
    },
    "-4814": {
        "KBBJILAKPDO": 5585.74169921875
    },
    "-4": {
        "ACEEFPBODHC": -1.1911438039636157e+26,
        "KBBJILAKPDO": 1.5762153254243697e+34,
        "HNJFJDKGJBF": 1.4871674943932012e-34
    },
    "-4604": {
        "KBBJILAKPDO": 5550.83056640625
    },
    "22": {
        "ACEEFPBODHC": -2.9252864719445276e-21,
        "HNJFJDKGJBF": 7.69263413113672e-33
    },
    "36": {
        "KBBJILAKPDO": 5556.60595703125
    },
    "121269": {
        "ACEEFPBODHC": 50.1505241394043,
        "HNJFJDKGJBF": 5579.0537109375
    }
}