{
    "8": {
        "turnSpeedOverrideWalk": 1.7465355179128783e+19,
        "turnSpeedOverrideRun": 1.1287461610545351e+27
    },
    "54": {
        "turnSpeedOverrideWalk": 2.5640474188293183e-09,
        "turnSpeedOverrideRun": -6.57169259228923e+33,
        "spacial": true,
        "spacialRoll": true
    },
    "-2": {
        "turnSpeedOverrideRun": 2.4263675638769797e-35
    }
}