{
    "KEEIHKPHGOM": [
        {
            "BMNHAKBLPNP": 1,
            "NNNLFAFKDEP": [
                {
                    "CAHNEMLJBGP": 375101,
                    "HLJMNMBFMBF": {
                        "x": 459.0,
                        "y": 229.01397705078125,
                        "z": 629.0
                    },
                    "NDIDDJFLGJP": {
                        "z": 1.0
                    },
                    "HHDNILGJOND": 0
                }
            ],
            "CMMKCBABLNC": [
                {
                    "pos": {
                        "x": 552.0,
                        "y": 238.10000610351562,
                        "z": 538.0
                    },
                    "rot": {
                        "y": -25.0
                    }
                }
            ]
        },
        {
            "BMNHAKBLPNP": 2,
            "CMMKCBABLNC": [
                {
                    "pos": {
                        "x": 305.0,
                        "y": 201.5,
                        "z": 574.0
                    },
                    "rot": {
                        "y": -165.0
                    }
                }
            ]
        },
        {
            "BMNHAKBLPNP": 3,
            "CMMKCBABLNC": [
                {
                    "pos": {
                        "x": 812.0,
                        "y": 201.10000610351562,
                        "z": 538.0
                    },
                    "rot": {
                        "y": 73.0
                    }
                }
            ]
        },
        {
            "BMNHAKBLPNP": 4,
            "CMMKCBABLNC": [
                {
                    "pos": {
                        "x": 756.0,
                        "y": 201.1999969482422,
                        "z": 190.0
                    },
                    "rot": {
                        "y": 2.0
                    }
                }
            ]
        }
    ],
    "MLFJLNFELPL": true,
    "LJLOLCNFKAF": {
        "x": 458.8800048828125,
        "y": 230.4439697265625,
        "z": 640.1099853515625
    },
    "OLLIDECMPIN": {
        "CAHNEMLJBGP": 375101,
        "HLJMNMBFMBF": {
            "x": 459.0,
            "y": 229.01397705078125,
            "z": 629.0
        },
        "HHDNILGJOND": 1
    },
    "IHIPILFDNPD": {
        "x": 451.80999755859375,
        "y": 229.59397888183594,
        "z": 640.9199829101562
    },
    "JDIPHLNLEPJ": 1
}