{
    "ONOPKLCBDDD": [
        {
            "MBEJMNDICKM": 1,
            "BOJGBEEOGDL": [
                {
                    "DLMKPMODIJN": 375101,
                    "KBBNGLMMGAB": {
                        "x": 459.0,
                        "y": 229.01397705078125,
                        "z": 629.0
                    },
                    "OCDHADHDHEJ": {
                        "z": 1.0
                    },
                    "KBPOKKLBPCB": 0
                }
            ],
            "LPGFBFHPJOI": [
                {
                    "musicSubStates": {
                        "x": 552.0,
                        "y": 238.10000610351562,
                        "z": 538.0
                    },
                    "rot": {
                        "y": -25.0
                    }
                }
            ]
        },
        {
            "MBEJMNDICKM": 2,
            "LPGFBFHPJOI": [
                {
                    "musicSubStates": {
                        "x": 305.0,
                        "y": 201.5,
                        "z": 574.0
                    },
                    "rot": {
                        "y": -165.0
                    }
                }
            ]
        },
        {
            "MBEJMNDICKM": 3,
            "LPGFBFHPJOI": [
                {
                    "musicSubStates": {
                        "x": 812.0,
                        "y": 201.10000610351562,
                        "z": 538.0
                    },
                    "rot": {
                        "y": 73.0
                    }
                }
            ]
        },
        {
            "MBEJMNDICKM": 4,
            "LPGFBFHPJOI": [
                {
                    "musicSubStates": {
                        "x": 756.0,
                        "y": 201.1999969482422,
                        "z": 190.0
                    },
                    "rot": {
                        "y": 2.0
                    }
                }
            ]
        }
    ],
    "PPIIJENMIFD": true,
    "MCLHBIKEFPC": {
        "x": 458.8800048828125,
        "y": 230.4439697265625,
        "z": 640.1099853515625
    },
    "JEALJEMKDIC": {
        "DLMKPMODIJN": 375101,
        "KBBNGLMMGAB": {
            "x": 459.0,
            "y": 229.01397705078125,
            "z": 629.0
        },
        "KBPOKKLBPCB": 1
    },
    "ANGMHKDOAPE": {
        "x": 451.80999755859375,
        "y": 229.59397888183594,
        "z": 640.9199829101562
    },
    "JDPDICNHAHD": 1
}