{
    "AEPKAFFJKAG": 33802,
    "FNFADHDELGE": [
        {
            "LAFAKLPCIGN": 3380201,
            "IJKDDEEEJLA": [
                {
                    "pos": {
                        "x": 3386.96923828125,
                        "y": 441.77838134765625,
                        "z": 3096.87744140625
                    },
                    "rot": {
                        "y": 351.7970275878906
                    },
                    "shape": {
                        "$type": "BKEMHMCCJDJ",
                        "FMMJOMDHOKK": true,
                        "height": 29.0936279296875,
                        "NNJNOCOPONH": "Center",
                        "width": 49.93146514892578,
                        "length": 31.060148239135742
                    }
                }
            ]
        },
        {
            "LAFAKLPCIGN": 3380202,
            "IJKDDEEEJLA": [
                {
                    "pos": {
                        "x": 3390.33837890625,
                        "y": 402.71160888671875,
                        "z": 3095.019287109375
                    },
                    "shape": {
                        "$type": "BKEMHMCCJDJ",
                        "FMMJOMDHOKK": true,
                        "height": 50.78133010864258,
                        "NNJNOCOPONH": "Center",
                        "width": 49.202545166015625,
                        "length": 47.48802947998047
                    }
                },
                {
                    "pos": {
                        "x": 3363.57177734375,
                        "y": 376.1186218261719,
                        "z": 3025.841552734375
                    },
                    "rot": {
                        "y": 26.20474624633789
                    },
                    "shape": {
                        "$type": "BKEMHMCCJDJ",
                        "FMMJOMDHOKK": true,
                        "height": 43.228511810302734,
                        "NNJNOCOPONH": "Center",
                        "width": 77.24820709228516,
                        "length": 108.1067123413086
                    }
                },
                {
                    "pos": {
                        "x": 3320.6611328125,
                        "y": 381.7283630371094,
                        "z": 2955.0556640625
                    },
                    "rot": {
                        "y": 25.573081970214844
                    },
                    "shape": {
                        "$type": "BKEMHMCCJDJ",
                        "FMMJOMDHOKK": true,
                        "height": 44.206748962402344,
                        "NNJNOCOPONH": "Center",
                        "width": 46.422054290771484,
                        "length": 60.70439529418945
                    }
                }
            ]
        },
        {
            "LAFAKLPCIGN": 3380203,
            "IJKDDEEEJLA": [
                {
                    "pos": {
                        "x": 3326.297607421875,
                        "y": 333.74420166015625,
                        "z": 2970.25390625
                    },
                    "shape": {
                        "$type": "OMNKHPLOBDP",
                        "FMMJOMDHOKK": true,
                        "height": 54.56542205810547,
                        "radius": 12.0
                    }
                },
                {
                    "pos": {
                        "x": 3349.09619140625,
                        "y": 323.20672607421875,
                        "z": 2943.044677734375
                    },
                    "rot": {
                        "y": 312.77227783203125
                    },
                    "shape": {
                        "$type": "BKEMHMCCJDJ",
                        "FMMJOMDHOKK": true,
                        "height": 51.5786018371582,
                        "NNJNOCOPONH": "Center",
                        "width": 59.056190490722656,
                        "length": 70.79354095458984
                    }
                },
                {
                    "pos": {
                        "x": 3392.58740234375,
                        "y": 355.84716796875,
                        "z": 2912.2470703125
                    },
                    "rot": {
                        "x": 6.403302563739999e-07,
                        "y": 25.843292236328125,
                        "z": 14.282169342041016
                    },
                    "shape": {
                        "$type": "GPPNLKBMBMC",
                        "FMMJOMDHOKK": true,
                        "height": 64.15217590332031,
                        "width": 59.58741760253906,
                        "length": 37.327796936035156
                    }
                },
                {
                    "pos": {
                        "x": 3409.4697265625,
                        "y": 387.95306396484375,
                        "z": 2880.3388671875
                    },
                    "rot": {
                        "x": -1.7075473124350538e-06,
                        "y": 34.68595886230469,
                        "z": 70.54590606689453
                    },
                    "shape": {
                        "$type": "GPPNLKBMBMC",
                        "FMMJOMDHOKK": true,
                        "height": 43.921451568603516,
                        "width": 54.56058883666992,
                        "length": 70.8700942993164
                    }
                },
                {
                    "pos": {
                        "x": 3426.90087890625,
                        "y": 418.3994140625,
                        "z": 2877.472412109375
                    },
                    "shape": {
                        "$type": "BKEMHMCCJDJ",
                        "FMMJOMDHOKK": true,
                        "height": 25.81336212158203,
                        "NNJNOCOPONH": "Center",
                        "width": 33.410972595214844,
                        "length": 44.78751754760742
                    }
                },
                {
                    "pos": {
                        "x": 3413.427490234375,
                        "y": 419.80084228515625,
                        "z": 2866.395263671875
                    },
                    "rot": {
                        "y": 18.5158634185791,
                        "z": 328.1045227050781
                    },
                    "shape": {
                        "$type": "GPPNLKBMBMC",
                        "FMMJOMDHOKK": true,
                        "height": 16.681726455688477,
                        "width": 20.254364013671875,
                        "length": 28.47964859008789
                    }
                }
            ]
        }
    ],
    "minArea": {
        "x": 3286.6220703125,
        "y": 297.41741943359375,
        "z": 2834.24658203125
    },
    "maxArea": {
        "x": 3454.1328125,
        "y": 456.3251953125,
        "z": 3118.76318359375
    }
}