{
  "id": 1085023,
  "LEMEBCIJMGB": [
    4194504,
    4194554
  ],
  "LBEFGEIHFAN": [
    {
      "stateID": 1085001,
      "GHKHFNNPDEP": 1.0,
      "color": {
        "r": 0.0038999998942017555,
        "g": 0.0038999998942017555,
        "b": 0.0038999998942017555,
        "a": 0.02199999988079071
      },
      "KFNMCMFFPJM": 1.0,
      "MIENKDKJJBJ": 0.0,
      "NEIGABCILGN": 0.0
    },
    {
      "stateID": 1085010,
      "GHKHFNNPDEP": 1.5,
      "color": {
        "r": 0.9569000005722046,
        "g": 0.8234999775886536,
        "b": 0.5411999821662903,
        "a": 1.0
      },
      "KFNMCMFFPJM": 1.5
    }
  ]
}