{
  "id": 1085023,
  "LAEMIMJDAEG": [
    4194504,
    4194554
  ],
  "OCALCKHBMKC": [
    {
      "GOPFOAFEKLC": 1085001,
      "MMCHEANOHHM": 1.0,
      "color": {
        "r": 0.0038999998942017555,
        "g": 0.0038999998942017555,
        "b": 0.0038999998942017555,
        "a": 0.02199999988079071
      },
      "NBHHDDPNINL": 1.0,
      "CMDNMCNPNAA": 0.0,
      "MMBCPHGLNGB": 0.0
    },
    {
      "GOPFOAFEKLC": 1085010,
      "MMCHEANOHHM": 1.5,
      "color": {
        "r": 0.9569000005722046,
        "g": 0.8234999775886536,
        "b": 0.5411999821662903,
        "a": 1.0
      },
      "NBHHDDPNINL": 1.5
    }
  ]
}