{
    "id": 1085023,
    "IMFPOJPGIFN": [
        4194504,
        4194554
    ],
    "HNEEEJAPICF": [
        {
            "GEAPDIDEKFG": 1085001,
            "CMGBFIKDJDE": 1.0,
            "JANNADIOCPM": {
                "r": 0.0038999998942017555,
                "g": 0.0038999998942017555,
                "b": 0.0038999998942017555,
                "a": 0.02199999988079071
            },
            "FLMFPPGIOPL": 1.0,
            "HMCICKHCPDO": 0.0,
            "AMCJBEADAHB": 0.0
        },
        {
            "GEAPDIDEKFG": 1085010,
            "CMGBFIKDJDE": 1.5,
            "JANNADIOCPM": {
                "r": 0.9569000005722046,
                "g": 0.8234999775886536,
                "b": 0.5411999821662903,
                "a": 1.0
            },
            "FLMFPPGIOPL": 1.5
        }
    ]
}