{
    "id": 1085023,
    "IPEGAECOAGN": [
        4194504,
        4194554
    ],
    "HDJKHJGEPHL": [
        {
            "stateID": 1085001,
            "BNBGHDEFDNC": 1.0,
            "PPBFDJDJDCD": {
                "r": 0.0038999998942017555,
                "g": 0.0038999998942017555,
                "b": 0.0038999998942017555,
                "a": 0.02199999988079071
            },
            "NFFIEDNOPHP": 1.0,
            "OPJNDMBEDDP": 0.0,
            "LJAHKFFBCKN": 0.0
        },
        {
            "stateID": 1085010,
            "BNBGHDEFDNC": 1.5,
            "PPBFDJDJDCD": {
                "r": 0.9569000005722046,
                "g": 0.8234999775886536,
                "b": 0.5411999821662903,
                "a": 1.0
            },
            "NFFIEDNOPHP": 1.5
        }
    ]
}