{
    "id": 1085023,
    "AHGMGBHNLON": [
        4194504,
        4194554
    ],
    "IIJKEEGOKMC": [
        {
            "stateID": 1085001,
            "GJAPNKGKOEE": 1.0,
            "IPHJGCMOIAI": {
                "r": 0.0038999998942017555,
                "g": 0.0038999998942017555,
                "b": 0.0038999998942017555,
                "a": 0.02199999988079071
            },
            "OHAGJHMJCBA": 1.0,
            "INFIJCNOMHM": 0.0,
            "DACCCFHHCAJ": 0.0
        },
        {
            "stateID": 1085010,
            "GJAPNKGKOEE": 1.5,
            "IPHJGCMOIAI": {
                "r": 0.9569000005722046,
                "g": 0.8234999775886536,
                "b": 0.5411999821662903,
                "a": 1.0
            },
            "OHAGJHMJCBA": 1.5
        }
    ]
}