{
    "AALCEBAEFEN": 32002,
    "MPMMMACDOJP": [
        {
            "BDHOGOEAPIA": 3200201,
            "CIEIDBLDBED": [
                {
                    "musicSubStates": {
                        "x": 19.102375030517578,
                        "y": 262.3885192871094,
                        "z": 2237.676513671875
                    },
                    "rot": {
                        "y": 318.6758728027344
                    },
                    "shape": {
                        "$type": "JDMEKOJCJLA",
                        "EIDBHMBCHBO": true,
                        "height": 18.444530487060547,
                        "FKCPFIPJFJH": "Center",
                        "width": 21.26751708984375,
                        "length": 13.233078002929688
                    }
                },
                {
                    "musicSubStates": {
                        "x": 40.447364807128906,
                        "y": 262.87994384765625,
                        "z": 2208.570068359375
                    },
                    "rot": {
                        "y": 312.9650573730469
                    },
                    "shape": {
                        "$type": "JDMEKOJCJLA",
                        "EIDBHMBCHBO": true,
                        "height": 22.55519676208496,
                        "FKCPFIPJFJH": "Center",
                        "width": 30.906177520751953,
                        "length": 67.13060760498047
                    }
                },
                {
                    "musicSubStates": {
                        "x": 47.45648956298828,
                        "y": 274.3310546875,
                        "z": 2127.93701171875
                    },
                    "shape": {
                        "$type": "DEKIFHALLML",
                        "EIDBHMBCHBO": true,
                        "height": 86.13819885253906,
                        "radius": 64.1162338256836
                    }
                },
                {
                    "musicSubStates": {
                        "x": 24.420345306396484,
                        "y": 324.7554931640625,
                        "z": 2116.662841796875
                    },
                    "shape": {
                        "$type": "DEKIFHALLML",
                        "EIDBHMBCHBO": true,
                        "height": 15.530643463134766,
                        "radius": 32.304595947265625
                    }
                },
                {
                    "musicSubStates": {
                        "x": 131.03125,
                        "y": 307.3262634277344,
                        "z": 2077.196533203125
                    },
                    "rot": {
                        "y": 8.098929405212402
                    },
                    "shape": {
                        "$type": "JDMEKOJCJLA",
                        "EIDBHMBCHBO": true,
                        "height": 65.51054382324219,
                        "FKCPFIPJFJH": "Center",
                        "width": 87.85777282714844,
                        "length": 72.64286804199219
                    }
                },
                {
                    "musicSubStates": {
                        "x": 208.3368682861328,
                        "y": 322.9118957519531,
                        "z": 2086.718505859375
                    },
                    "rot": {
                        "y": 35.70676803588867
                    },
                    "shape": {
                        "$type": "JDMEKOJCJLA",
                        "EIDBHMBCHBO": true,
                        "height": 17.811429977416992,
                        "FKCPFIPJFJH": "Center",
                        "width": 91.5880126953125,
                        "length": 33.185142517089844
                    }
                }
            ]
        }
    ],
    "minArea": {
        "x": -16.659744262695312,
        "y": 231.261962890625,
        "z": 2035.048828125
    },
    "maxArea": {
        "x": 255.20631408691406,
        "y": 340.08154296875,
        "z": 2249.6669921875
    }
}