{
    "-669413761": {},
    "0": {
        "DBGDKKPIJCB": 1.661548265448366e+35,
        "FCMGKADIPNI": -2.793088883768552e-23,
        "OGDKMPPJBHL": 2.177510457373761e-14,
        "CGGLFPBGIIM": 2.302502959586051e+23,
        "ACDNFDBHOJL": 1.4844470974082611e-34
    },
    "-6951": {
        "ACDNFDBHOJL": 2.214206158601978e-34
    },
    "-34": {
        "DBGDKKPIJCB": 1.4844581176678e-34,
        "FCMGKADIPNI": -634.9000244140625,
        "ACDNFDBHOJL": 135.5748291015625,
        "FFKEAFHBHBI": 3367.300048828125
    },
    "-4": {
        "DBGDKKPIJCB": 2.1777999732351325e-14,
        "FCMGKADIPNI": 6.155695360307737e-39,
        "ACDNFDBHOJL": 1.4844519187718094e-34,
        "FFKEAFHBHBI": -668.7999877929688
    },
    "17": {
        "FCMGKADIPNI": 2.302502959586051e+23,
        "FFKEAFHBHBI": 1.484548116454035e-34,
        "FBNNCFDFGBF": -279335,
        "PJEGEHMMKOE": true
    },
    "20": {
        "MEGHPNJEKJN": -34,
        "DBGDKKPIJCB": 3344.699951171875,
        "CGGLFPBGIIM": 1.1990470287598603e-15,
        "FHOCBAEMPIB": 2.214206158601978e-34,
        "JHFBFFNOOLI": 36507496448.0,
        "PMFPIEKHHEF": -35
    },
    "3312": {
        "FCMGKADIPNI": 2.302502959586051e+23,
        "FFKEAFHBHBI": 1.484594034202114e-34,
        "FBNNCFDFGBF": -434983,
        "PJEGEHMMKOE": true
    },
    "16": {
        "MEGHPNJEKJN": 2594,
        "DBGDKKPIJCB": 4.540886422432777e-08,
        "CGGLFPBGIIM": 1.4844816505136906e-34,
        "ACDNFDBHOJL": -709.0
    }
}