{
    "-669413761": {},
    "0": {
        "GEAICNICJAJ": 1.661548265448366e+35,
        "JIFJFPJANHO": -2.793088883768552e-23,
        "CBKHBGCPFBG": 2.177510457373761e-14,
        "LOJEKMFGAKH": 2.302502959586051e+23,
        "LFGIDEOEKIB": 1.4844470974082611e-34
    },
    "-6951": {
        "LFGIDEOEKIB": 2.214206158601978e-34
    },
    "-34": {
        "GEAICNICJAJ": 1.4844581176678e-34,
        "JIFJFPJANHO": -634.9000244140625,
        "LFGIDEOEKIB": 135.5748291015625,
        "EKDHNAGGGAE": 3367.300048828125
    },
    "-4": {
        "GEAICNICJAJ": 2.1777999732351325e-14,
        "JIFJFPJANHO": 6.155695360307737e-39,
        "LFGIDEOEKIB": 1.4844519187718094e-34,
        "EKDHNAGGGAE": -668.7999877929688
    },
    "17": {
        "JIFJFPJANHO": 2.302502959586051e+23,
        "EKDHNAGGGAE": 1.484548116454035e-34,
        "KDCBFEJMPFI": -279335,
        "NIFMKOCLHIJ": true
    },
    "20": {
        "KIHPEPHJMOG": -34,
        "GEAICNICJAJ": 3344.699951171875,
        "LOJEKMFGAKH": 1.1990470287598603e-15,
        "BFEJAKFKKFP": 2.214206158601978e-34,
        "KOAMKCEFJED": 36507496448.0,
        "MDBLPMNHKML": -35
    },
    "3312": {
        "JIFJFPJANHO": 2.302502959586051e+23,
        "EKDHNAGGGAE": 1.484594034202114e-34,
        "KDCBFEJMPFI": -434983,
        "NIFMKOCLHIJ": true
    },
    "16": {
        "KIHPEPHJMOG": 2594,
        "GEAICNICJAJ": 4.540886422432777e-08,
        "LOJEKMFGAKH": 1.4844816505136906e-34,
        "LFGIDEOEKIB": -709.0
    }
}