{
    "-669413761": {},
    "0": {
        "MONCHHKIDKL": 1.661548265448366e+35,
        "HOKGJAONGHG": -2.793088883768552e-23,
        "GJOBDMEBGLM": 2.177510457373761e-14,
        "GKKCIGCOFMC": 2.302502959586051e+23,
        "HFLEMFMIBLP": 1.4844470974082611e-34
    },
    "-6951": {
        "HFLEMFMIBLP": 2.214206158601978e-34
    },
    "-34": {
        "MONCHHKIDKL": 1.4844581176678e-34,
        "HOKGJAONGHG": -634.9000244140625,
        "HFLEMFMIBLP": 135.5748291015625,
        "KDLAOJIPGHP": 3367.300048828125
    },
    "-4": {
        "MONCHHKIDKL": 2.1777999732351325e-14,
        "HOKGJAONGHG": 6.155695360307737e-39,
        "HFLEMFMIBLP": 1.4844519187718094e-34,
        "KDLAOJIPGHP": -668.7999877929688
    },
    "17": {
        "HOKGJAONGHG": 2.302502959586051e+23,
        "KDLAOJIPGHP": 1.484548116454035e-34,
        "EMJMIILHAHK": -279335,
        "JDKIBAHAEFI": true
    },
    "20": {
        "NHPKGHAHIFA": -34,
        "MONCHHKIDKL": 3344.699951171875,
        "GKKCIGCOFMC": 1.1990470287598603e-15,
        "OEFFOIEOJNC": 2.214206158601978e-34,
        "HAHMEDHEBKE": 36507496448.0,
        "LJLOILKEOFO": -35
    },
    "3312": {
        "HOKGJAONGHG": 2.302502959586051e+23,
        "KDLAOJIPGHP": 1.484594034202114e-34,
        "EMJMIILHAHK": -434983,
        "JDKIBAHAEFI": true
    },
    "16": {
        "NHPKGHAHIFA": 2594,
        "MONCHHKIDKL": 4.540886422432777e-08,
        "GKKCIGCOFMC": 1.4844816505136906e-34,
        "HFLEMFMIBLP": -709.0
    }
}