{
    "0": {},
    "-4297": {
        "MEGHPNJEKJN": -4,
        "KEFNAFNAKHC": -1608.1256103515625
    },
    "-13": {
        "MEGHPNJEKJN": 4293,
        "DBGDKKPIJCB": 3940.51611328125,
        "IHKGHPDGOGP": -0.0019356318516656756,
        "JKFLCNOACIM": true
    },
    "57": {
        "DBGDKKPIJCB": 6.107836909954535e-25,
        "LJOHHDAILMO": 4.480368340218342e+28,
        "KEFNAFNAKHC": 1.0821898947582188e+37,
        "IHKGHPDGOGP": -8865129.0,
        "JKFLCNOACIM": true
    },
    "-35": {
        "MEGHPNJEKJN": 28,
        "DBGDKKPIJCB": 402905.46875,
        "LJOHHDAILMO": 3.782479194446393e+27
    },
    "725280": {
        "DBGDKKPIJCB": -1.5728102497360066e-38,
        "LJOHHDAILMO": 4.475746360218268e-22,
        "KEFNAFNAKHC": -1.4318068952690055e-09,
        "FKEEHIEALBM": 1.0854766182579433e-14,
        "JKFLCNOACIM": true
    },
    "53": {
        "MEGHPNJEKJN": -4,
        "LJOHHDAILMO": -1704.0977783203125,
        "JKFLCNOACIM": true
    },
    "22": {
        "MEGHPNJEKJN": -7096,
        "DBGDKKPIJCB": 1.0420913760788238e-31,
        "KEFNAFNAKHC": 1651313664.0,
        "BAFCJADMNEH": true,
        "GLDEGMOMPHD": true
    },
    "-34": {
        "DBGDKKPIJCB": 1.4854088446417757e-34,
        "KEFNAFNAKHC": -1721.7677001953125,
        "FKEEHIEALBM": 281.783935546875,
        "IHKGHPDGOGP": 3923.9794921875
    }
}