{
    "0": {},
    "-4297": {
        "KIHPEPHJMOG": -4,
        "LHFENMDDFBJ": -1608.1256103515625
    },
    "-13": {
        "KIHPEPHJMOG": 4293,
        "GEAICNICJAJ": 3940.51611328125,
        "MHMMABHJIIA": -0.0019356318516656756,
        "JHFLNKPOHHO": true
    },
    "57": {
        "GEAICNICJAJ": 6.107836909954535e-25,
        "IFCLJHAJFHD": 4.480368340218342e+28,
        "LHFENMDDFBJ": 1.0821898947582188e+37,
        "MHMMABHJIIA": -8865129.0,
        "JHFLNKPOHHO": true
    },
    "-35": {
        "KIHPEPHJMOG": 28,
        "GEAICNICJAJ": 402905.46875,
        "IFCLJHAJFHD": 3.782479194446393e+27
    },
    "725280": {
        "GEAICNICJAJ": -1.5728102497360066e-38,
        "IFCLJHAJFHD": 4.475746360218268e-22,
        "LHFENMDDFBJ": -1.4318068952690055e-09,
        "NBBIJDCLJOF": 1.0854766182579433e-14,
        "JHFLNKPOHHO": true
    },
    "53": {
        "KIHPEPHJMOG": -4,
        "IFCLJHAJFHD": -1704.0977783203125,
        "JHFLNKPOHHO": true
    },
    "22": {
        "KIHPEPHJMOG": -7096,
        "GEAICNICJAJ": 1.0420913760788238e-31,
        "LHFENMDDFBJ": 1651313664.0,
        "LNPHGOECMMJ": true,
        "ELDAPLDFPNJ": true
    },
    "-34": {
        "GEAICNICJAJ": 1.4854088446417757e-34,
        "LHFENMDDFBJ": -1721.7677001953125,
        "NBBIJDCLJOF": 281.783935546875,
        "MHMMABHJIIA": 3923.9794921875
    }
}