{
    "0": {},
    "-4297": {
        "NHPKGHAHIFA": -4,
        "JEKPLDBBECB": -1608.1256103515625
    },
    "-13": {
        "NHPKGHAHIFA": 4293,
        "MONCHHKIDKL": 3940.51611328125,
        "IAIJKIPIPND": -0.0019356318516656756,
        "BCIOOLPGLEM": true
    },
    "57": {
        "MONCHHKIDKL": 6.107836909954535e-25,
        "MEKPCHABFJG": 4.480368340218342e+28,
        "JEKPLDBBECB": 1.0821898947582188e+37,
        "IAIJKIPIPND": -8865129.0,
        "BCIOOLPGLEM": true
    },
    "-35": {
        "NHPKGHAHIFA": 28,
        "MONCHHKIDKL": 402905.46875,
        "MEKPCHABFJG": 3.782479194446393e+27
    },
    "725280": {
        "MONCHHKIDKL": -1.5728102497360066e-38,
        "MEKPCHABFJG": 4.475746360218268e-22,
        "JEKPLDBBECB": -1.4318068952690055e-09,
        "HAGANIFJPCF": 1.0854766182579433e-14,
        "BCIOOLPGLEM": true
    },
    "53": {
        "NHPKGHAHIFA": -4,
        "MEKPCHABFJG": -1704.0977783203125,
        "BCIOOLPGLEM": true
    },
    "22": {
        "NHPKGHAHIFA": -7096,
        "MONCHHKIDKL": 1.0420913760788238e-31,
        "JEKPLDBBECB": 1651313664.0,
        "JNOHNAPKHCF": true,
        "IFOEFGKPIJB": true
    },
    "-34": {
        "MONCHHKIDKL": 1.4854088446417757e-34,
        "JEKPLDBBECB": -1721.7677001953125,
        "HAGANIFJPCF": 281.783935546875,
        "IAIJKIPIPND": 3923.9794921875
    }
}