{
    "0": {},
    "-4297": {
        "BKDFLKPBLJH": -4,
        "DGKCLKGLAEH": -1608.1256103515625
    },
    "-13": {
        "BKDFLKPBLJH": 4293,
        "HNJFJDKGJBF": 3940.51611328125,
        "IFMDJBFAMJF": -0.0019356318516656756,
        "NCDJHGPHJLK": true
    },
    "57": {
        "HNJFJDKGJBF": 6.107836909954535e-25,
        "OIBHCEGJKOK": 4.480368340218342e+28,
        "DGKCLKGLAEH": 1.0821898947582188e+37,
        "IFMDJBFAMJF": -8865129.0,
        "NCDJHGPHJLK": true
    },
    "-35": {
        "BKDFLKPBLJH": 28,
        "HNJFJDKGJBF": 402905.46875,
        "OIBHCEGJKOK": 3.782479194446393e+27
    },
    "725280": {
        "HNJFJDKGJBF": -1.5728102497360066e-38,
        "OIBHCEGJKOK": 4.475746360218268e-22,
        "DGKCLKGLAEH": -1.4318068952690055e-09,
        "CKILIGGBEOC": 1.0854766182579433e-14,
        "NCDJHGPHJLK": true
    },
    "53": {
        "BKDFLKPBLJH": -4,
        "OIBHCEGJKOK": -1704.0977783203125,
        "NCDJHGPHJLK": true
    },
    "22": {
        "BKDFLKPBLJH": -7096,
        "HNJFJDKGJBF": 1.0420913760788238e-31,
        "DGKCLKGLAEH": 1651313664.0,
        "NOOJOFOPKHJ": true,
        "KPPNHLAKHAG": true
    },
    "-34": {
        "HNJFJDKGJBF": 1.4854088446417757e-34,
        "DGKCLKGLAEH": -1721.7677001953125,
        "CKILIGGBEOC": 281.783935546875,
        "IFMDJBFAMJF": 3923.9794921875
    }
}