{
    "FLAMIKEEEHP": {
        "x": 7.70635876236654e-33
    },
    "scale": {
        "y": 2.3694278276172396e-38
    }
}