{
    "id": 3301,
    "KOCMMKFMMMA": [
        {
            "pos": {
                "x": 2620.702392578125,
                "y": 276.213623046875,
                "z": 4807.13037109375
            },
            "shape": {
                "$type": "HGDFIICEJAJ",
                "DDJAPBKMFHK": true,
                "height": 324.299560546875,
                "radius": 100.0
            }
        }
    ],
    "BEFDGNHALBH": [
        {
            "id": 33010001,
            "type": "REGION_ENTRANCE",
            "pos": {
                "x": 2692.45654296875,
                "y": 435.8287658691406,
                "z": 4808.76708984375
            },
            "LCPFEPOFHGN": "LOGIC_AND",
            "CGHPEGECFMD": 4294967295,
            "AFDHFAJPGMA": 4294967295
        }
    ],
    "DENGLHDNJHH": true,
    "KCHJLAHIGAD": [
        {
            "id": 33010001,
            "type": "REGION_ENTRANCE",
            "pos": {
                "x": 2692.45654296875,
                "y": 435.8287658691406,
                "z": 4808.76708984375
            },
            "LCPFEPOFHGN": "LOGIC_AND",
            "CGHPEGECFMD": 4294967295,
            "AFDHFAJPGMA": 4294967295
        }
    ]
}