{
    "id": 3301,
    "HBGNAAKIPKI": [
        {
            "pos": {
                "x": 2620.702392578125,
                "y": 276.213623046875,
                "z": 4807.13037109375
            },
            "shape": {
                "$type": "LHEGJLAGDIB",
                "JAFBDKCDHCO": true,
                "height": 324.299560546875,
                "radius": 100.0
            }
        }
    ],
    "DFNBKLHHGCF": [
        {
            "id": 33010001,
            "type": "REGION_ENTRANCE",
            "pos": {
                "x": 2692.45654296875,
                "y": 435.8287658691406,
                "z": 4808.76708984375
            },
            "PMOKHMLGAOE": "LOGIC_AND",
            "MKJJDPAHACA": 4294967295,
            "OELAOJEKNDM": 4294967295
        }
    ],
    "LJNNMLGIAJI": true,
    "HNGDGDECKOD": [
        {
            "id": 33010001,
            "type": "REGION_ENTRANCE",
            "pos": {
                "x": 2692.45654296875,
                "y": 435.8287658691406,
                "z": 4808.76708984375
            },
            "PMOKHMLGAOE": "LOGIC_AND",
            "MKJJDPAHACA": 4294967295,
            "OELAOJEKNDM": 4294967295
        }
    ]
}