{
    "id": 3301,
    "IJKDDEEEJLA": [
        {
            "pos": {
                "x": 2620.702392578125,
                "y": 276.213623046875,
                "z": 4807.13037109375
            },
            "shape": {
                "$type": "OMNKHPLOBDP",
                "FMMJOMDHOKK": true,
                "height": 324.299560546875,
                "radius": 100.0
            }
        }
    ],
    "HPHKLPKMEEI": [
        {
            "id": 33010001,
            "type": "REGION_ENTRANCE",
            "pos": {
                "x": 2692.45654296875,
                "y": 435.8287658691406,
                "z": 4808.76708984375
            },
            "IMLJNPFEJHJ": "LOGIC_AND",
            "AODCALPJHFJ": 4294967295,
            "OILLBBHICBA": 4294967295
        }
    ],
    "KFKNNLMADHL": true,
    "JEKPPCMCDDL": [
        {
            "id": 33010001,
            "type": "REGION_ENTRANCE",
            "pos": {
                "x": 2692.45654296875,
                "y": 435.8287658691406,
                "z": 4808.76708984375
            },
            "IMLJNPFEJHJ": "LOGIC_AND",
            "AODCALPJHFJ": 4294967295,
            "OILLBBHICBA": 4294967295
        }
    ]
}