{
    "id": 36,
    "sceneId": 3,
    "MINJPEBGODH": [
        {
            "$type": "HHGOMNDPDCN",
            "id": 3601,
            "PEPAPKCIEFM": [
                {
                    "pos": {
                        "x": 2424.9970703125,
                        "y": 226.2747802734375,
                        "z": 4959.58154296875
                    },
                    "shape": {
                        "$type": "BHMDEDHPEFH",
                        "EAIPPAJKGFO": true,
                        "height": 44.86456298828125,
                        "LDMENJHNDON": "Center",
                        "width": 14.911968231201172,
                        "length": 13.418890953063965
                    }
                },
                {
                    "pos": {
                        "x": 2408.784423828125,
                        "y": 186.87960815429688,
                        "z": 4951.4091796875
                    },
                    "rot": {
                        "y": 45.74808883666992
                    },
                    "shape": {
                        "$type": "BHMDEDHPEFH",
                        "EAIPPAJKGFO": true,
                        "height": 35.34231948852539,
                        "LDMENJHNDON": "Center",
                        "width": 47.61473083496094,
                        "length": 90.6550521850586
                    }
                }
            ],
            "CKCPGNKAJIJ": [
                {
                    "id": 36010001,
                    "type": "REGION_ENTRANCE",
                    "pos": {
                        "x": 2424.390869140625,
                        "y": 244.3000030517578,
                        "z": 4959.48193359375
                    },
                    "DAJODFMDKEE": "LOGIC_AND",
                    "FFLHCNPPKBB": [
                        36010002
                    ],
                    "BGLKEAKBPKH": 4294967295,
                    "LIJJLHIGOFF": 4294967295
                }
            ],
            "NBPGEMEPMDF": true
        }
    ]
}