{
    "id": 36,
    "sceneId": 3,
    "GPGADOCIOIA": [
        {
            "$type": "IGIOLILFIMG",
            "id": 3601,
            "IJKDDEEEJLA": [
                {
                    "pos": {
                        "x": 2424.9970703125,
                        "y": 226.2747802734375,
                        "z": 4959.58154296875
                    },
                    "shape": {
                        "$type": "BKEMHMCCJDJ",
                        "FMMJOMDHOKK": true,
                        "height": 44.86456298828125,
                        "NNJNOCOPONH": "Center",
                        "width": 14.911968231201172,
                        "length": 13.418890953063965
                    }
                },
                {
                    "pos": {
                        "x": 2408.784423828125,
                        "y": 186.87960815429688,
                        "z": 4951.4091796875
                    },
                    "rot": {
                        "y": 45.74808883666992
                    },
                    "shape": {
                        "$type": "BKEMHMCCJDJ",
                        "FMMJOMDHOKK": true,
                        "height": 35.34231948852539,
                        "NNJNOCOPONH": "Center",
                        "width": 47.61473083496094,
                        "length": 90.6550521850586
                    }
                }
            ],
            "HPHKLPKMEEI": [
                {
                    "id": 36010001,
                    "type": "REGION_ENTRANCE",
                    "pos": {
                        "x": 2424.390869140625,
                        "y": 244.3000030517578,
                        "z": 4959.48193359375
                    },
                    "IMLJNPFEJHJ": "LOGIC_AND",
                    "IPIAMIDPFMG": [
                        36010002
                    ],
                    "AODCALPJHFJ": 4294967295,
                    "OILLBBHICBA": 4294967295
                }
            ],
            "KFKNNLMADHL": true
        }
    ]
}