{
    "id": 1085028,
    "CDEGPGBDEJE": [
        4194561,
        4194562
    ],
    "MCFMLIDMFEM": [
        {
            "stateID": 1085001,
            "EKIAHFKIMEO": 1.0,
            "NDKDCIGLHJM": {
                "r": 0.0038999998942017555,
                "g": 0.0038999998942017555,
                "b": 0.0038999998942017555,
                "a": 0.02199999988079071
            },
            "KGNGNAHJAEP": 1.0,
            "JNDJNGHLDMH": 0.0,
            "BADMEGNGHDD": 0.0
        },
        {
            "stateID": 1085010,
            "EKIAHFKIMEO": 1.5,
            "NDKDCIGLHJM": {
                "r": 0.9569000005722046,
                "g": 0.8234999775886536,
                "b": 0.5411999821662903,
                "a": 1.0
            },
            "KGNGNAHJAEP": 1.5
        }
    ]
}