{
  "id": 1085028,
  "LFODPCBJIJC": [
    4194561,
    4194562
  ],
  "PHDNBPIPKCJ": [
    {
      "stateID": 1085001,
      "KJCPJBMDNAP": 1.0,
      "color": {
        "r": 0.0038999998942017555,
        "g": 0.0038999998942017555,
        "b": 0.0038999998942017555,
        "a": 0.02199999988079071
      },
      "HEAJCNNPFDM": 1.0,
      "EPMADBMPFLP": 0.0,
      "AGANBHOPHFG": 0.0
    },
    {
      "stateID": 1085010,
      "KJCPJBMDNAP": 1.5,
      "color": {
        "r": 0.9569000005722046,
        "g": 0.8234999775886536,
        "b": 0.5411999821662903,
        "a": 1.0
      },
      "HEAJCNNPFDM": 1.5
    }
  ]
}