{
    "8": {
        "LAIJCBOFMLB": 1.7465355179128783e+19,
        "defendAreaRange": 1.1287461610545351e+27
    },
    "54": {
        "LAIJCBOFMLB": 4.102293260643819e-08,
        "defendAreaRange": -4.142778379900847e-06,
        "speedLevel": 125789,
        "FENJEENCAEP": 3.790969729817386e-37,
        "FLLFKNOBLDB": true
    },
    "-3720508": {
        "defendAreaRange": 9.477998296394452e-38
    }
}