{
    "localPolygonId": 1669322832,
    "yMax": 1000.0,
    "vertices": [
        {
            "x": 630.48193359375,
            "y": 100.006103515625,
            "z": 495.232421875
        },
        {
            "x": 630.4637451171875,
            "y": 100.006103515625,
            "z": 100.08737182617188
        },
        {
            "x": 290.34014892578125,
            "y": 100.006103515625,
            "z": 100.18257904052734
        },
        {
            "x": 290.0211486816406,
            "y": 100.006103515625,
            "z": 495.560546875
        }
    ]
}