{
    "-11": {
        "speedLevel": 52,
        "turnSpeedOverride": 959696666624.0,
        "distanceFromCurrentMax": 1.1432172628454787e+27
    },
    "-48": {
        "turnSpeedOverride": 1.650194576541253e-07,
        "distanceFromBorn": 1.7889809548403802e+19,
        "distanceFromCurrentMin": -364914208.0
    },
    "-1554": {
        "cdMax": 2.3700735459496004e-38
    }
}