{
  "AbilityGroup_Whale_Trench_4_6": {
    "durabilitySequence": [
      9.751713752746582,
      1.7862759355667064e+25,
      55.86860656738281,
      4.068865498015759e+24
    ],
    "damageSequence": [
      14991863808.0,
      1.796976273544079e+19,
      1.7752570367827162e+28,
      9.775485038757324,
      1.7862759355667064e+25,
      55.86860656738281,
      4.068865498015759e+24,
      1.6531694984798142e+19,
      7.315397697878323e+34,
      7.152306630175496e+22,
      9.58656025154201e-39,
      8.907944844765839e+20,
      7.397485273638142e+31,
      6.268142837651536e+22,
      245660871819264.0,
      6.976720738263538e+22,
      7.152306630175496e+22,
      1.6745348785772691e+19,
      1.0646782617385256e+24,
      59912900608.0,
      958940839936.0,
      5.0490390541462274e-14,
      1.1285748276955785e+27,
      1.7975107461463409e+19,
      4.3597890872730174e+27,
      2.6787127349404395e+20,
      3837917134848.0,
      4.397634994688049e+21,
      6.698667637891217e+31,
      3.33826499776535e-09,
      3397.085693359375,
      4.5254598184867757e+21,
      2.997635708992634e-14,
      1.1285748276955785e+27,
      1.7975107461463409e+19,
      4.3597890872730174e+27,
      2.6787127349404395e+20,
      3837917134848.0,
      4.397634994688049e+21,
      6.698667637891217e+31,
      3.33826499776535e-09,
      3397.085693359375,
      1.7021289219236215e+25,
      8.908015917197458e+20,
      7.397485273638142e+31,
      6.268142837651536e+22,
      245660871819264.0,
      6.976720738263538e+22,
      7.152306630175496e+22,
      1.6745348785772691e+19,
      1.0646782617385256e+24,
      59912900608.0,
      14289.33203125,
      9.956036413735141e-39,
      8.907944844765839e+20,
      7.397485273638142e+31,
      6.268142837651536e+22,
      245660871819264.0,
      6.976720738263538e+22,
      7.152306630175496e+22,
      1.6745348785772691e+19,
      1.0646782617385256e+24,
      59913949184.0,
      958940839936.0,
      5.0490390541462274e-14,
      1.1285748276955785e+27,
      1.7975107461463409e+19,
      4.3597890872730174e+27,
      2.6787127349404395e+20,
      3837917134848.0,
      4.397634994688049e+21,
      6.698667637891217e+31,
      1.33530599910614e-08,
      3397.085693359375,
      4.5254598184867757e+21,
      2.997635708992634e-14,
      1.1285748276955785e+27,
      1.7975107461463409e+19,
      4.3597890872730174e+27,
      2.6787127349404395e+20,
      3837917134848.0,
      4.397634994688049e+21,
      6.698667637891217e+31,
      1.33530599910614e-08,
      3397.085693359375,
      1.7021289219236215e+25,
      8.908015917197458e+20,
      7.397485273638142e+31,
      6.268142837651536e+22,
      245660871819264.0,
      6.976720738263538e+22,
      7.152306630175496e+22,
      1.6745348785772691e+19,
      1.0646782617385256e+24,
      59913949184.0,
      14289.33203125,
      9.956036413735141e-39
    ]
  }
}