{
  "Area_YSKJ_City_01_Inside_Vs": {
    "$type": "AOPKBFDHMLD",
    "useHeight": true,
    "height": 397.1122131347656,
    "radius": 657.4716796875
  },
  "Area_YSKJ_City_01_Outside_Vs": {
    "$type": "AOPKBFDHMLD",
    "useHeight": true,
    "height": 397.1122131347656,
    "radius": 678.75341796875
  }
}