{
  "Level_RedDragonBoss01_Gy02_Inside_Vsp": {
    "$type": "MDPMIFIJHAP",
    "useHeight": true,
    "height": 134.43869018554688,
    "radius": 58.635433197021484
  },
  "Level_RedDragonBoss01_NosandwindGy01_Inside_Vsp": {
    "$type": "MDPMIFIJHAP",
    "useHeight": true,
    "height": 100.29714965820312,
    "radius": 63.29109191894531
  }
}