{
    "yMax": 424.1246643066406,
    "yMin": 399.7555236816406,
    "vertices": [
        {
            "x": 2435.78173828125,
            "y": 399.7555236816406,
            "z": 3416.91552734375
        },
        {
            "x": 2417.6494140625,
            "y": 399.7555236816406,
            "z": 3396.2001953125
        },
        {
            "x": 2435.05712890625,
            "y": 399.7555236816406,
            "z": 3385.03564453125
        },
        {
            "x": 2450.6162109375,
            "y": 399.7555236816406,
            "z": 3403.04296875
        }
    ]
}