{
    "yMax": 403.31097412109375,
    "yMin": 391.6000061035156,
    "vertices": [
        {
            "x": 2759.96728515625,
            "y": 391.6000061035156,
            "z": 3818.40283203125
        },
        {
            "x": 2752.056640625,
            "y": 391.6000061035156,
            "z": 3823.607421875
        },
        {
            "x": 2745.8642578125,
            "y": 391.6000061035156,
            "z": 3813.71533203125
        },
        {
            "x": 2753.9599609375,
            "y": 391.6000061035156,
            "z": 3808.669921875
        }
    ]
}