{
  "0": {
    "radius": 1.0441756000841751e-36,
    "EKPBNOMGLOM": true
  },
  "4299": {},
  "4466": {},
  "-4": {},
  "31": {
    "autoChangeStep": -2049,
    "radius": 7.87346454700355e-09
  },
  "-571942": {},
  "-51": {
    "autoChangeStep": -35,
    "EKPBNOMGLOM": false
  }
}