{
  "0": {
    "radius": 1.0441756000841751e-36,
    "OKANOODIDMN": true
  },
  "4299": {},
  "4466": {},
  "-4": {},
  "31": {
    "JBGIGAHNNOD": -2049,
    "radius": 7.87346454700355e-09
  },
  "-571942": {},
  "-51": {
    "JBGIGAHNNOD": -35,
    "OKANOODIDMN": false
  }
}