{
  "70084173": {},
  "0": {},
  "-4237": {
    "NDLPJPOOMJJ": 1.490239965711537e-34,
    "cd": -1867.1856689453125,
    "KBEMOOJBNLC": 76.5
  },
  "-12": {
    "NDLPJPOOMJJ": -2.739823877303396e+26,
    "cd": -6.617599517161645e-24
  },
  "33": {
    "NDLPJPOOMJJ": 1.4902491492611528e-34,
    "cd": -1930.8572998046875,
    "FNCLIMDKAAC": 76.5,
    "KBEMOOJBNLC": 9668.396484375
  },
  "-25": {
    "NDLPJPOOMJJ": 2269517568.0,
    "cd": 1.8080546307329996e-38,
    "DJJNFKPONOA": -778.390625,
    "KBEMOOJBNLC": 1.4902746336113367e-34
  },
  "-30": {
    "JBGIGAHNNOD": -4400,
    "FNCLIMDKAAC": 5.85596020749139e-34,
    "KBEMOOJBNLC": 1.4902628097912063e-34
  },
  "-72125742": {},
  "1402": {
    "NDLPJPOOMJJ": 6443404288.0,
    "cd": 7.0643659482007e-41,
    "DJJNFKPONOA": 6.876075264727888e-09
  },
  "11": {
    "NDLPJPOOMJJ": -8.42355993722389e+28,
    "cd": -6.617599517161645e-24
  }
}