{
  "BJNPKDOFDHC": 512.9343872070312,
  "GDDNBLJCKCB": 369.1744079589844,
  "BAJIJHICBNJ": [
    {
      "configId": 7594,
      "DPODDGDBNIL": 1,
      "JDJLINAGNDJ": {
        "z": 369.1744079589844
      }
    },
    {
      "JDJLINAGNDJ": {
        "y": 0.0005160013097338378,
        "z": 841995976704.0
      },
      "rotation": {
        "y": -1.3814293938984194e+24,
        "z": 1.5595073585751576e+20
      },
      "NJJAGOKADBF": {
        "randomCount": 8661
      }
    },
    {
      "configId": 1104918,
      "DPODDGDBNIL": 7036,
      "NJJAGOKADBF": {}
    },
    {
      "JDJLINAGNDJ": {
        "x": 364.4759826660156,
        "y": 369.1744079589844,
        "z": 748.5145263671875
      }
    }
  ]
}