{
  "NPPMBONPIIN": 512.9343872070312,
  "HNFANPHDJGL": 369.1744079589844,
  "PFCEOKAADED": [
    {
      "configId": 7594,
      "HGNOIPLOILC": 1,
      "NEEBDGHPDJO": {
        "z": 369.1744079589844
      }
    },
    {
      "NEEBDGHPDJO": {
        "y": 0.0005160013097338378,
        "z": 841995976704.0
      },
      "rotation": {
        "y": -1.3814293938984194e+24,
        "z": 1.5595073585751576e+20
      },
      "JLBILEMEGAE": {
        "randomCount": 8661
      }
    },
    {
      "configId": 1104918,
      "HGNOIPLOILC": 7036,
      "JLBILEMEGAE": {}
    },
    {
      "NEEBDGHPDJO": {
        "x": 364.4759826660156,
        "y": 369.1744079589844,
        "z": 748.5145263671875
      }
    }
  ]
}