{
    "0": {
        "KIHPEPHJMOG": -34,
        "GEAICNICJAJ": 3826.99169921875,
        "cd": -1.1912424392362989e-28,
        "GJOPHKACMDL": -140738645983232.0
    },
    "2": {
        "cd": 430.0
    },
    "5": {
        "KIHPEPHJMOG": 8087,
        "GEAICNICJAJ": 2.496273084348229e-41,
        "cd": -0.6025976538658142
    },
    "58": {
        "KIHPEPHJMOG": -4,
        "cd": 4779.2470703125
    },
    "-4332": {
        "GEAICNICJAJ": 1.4851820109662655e-34,
        "cd": 4780.6376953125,
        "DDMLFHAHADI": 430.0,
        "ECKJEKLMNDM": 3856.43896484375
    },
    "-5": {
        "KIHPEPHJMOG": -35,
        "cd": -1.070694632157213e-28,
        "DDMLFHAHADI": -140738645983232.0,
        "GJOPHKACMDL": 1.2183267894656984e+31,
        "ECKJEKLMNDM": -1.901757126711132e+30
    },
    "-4424": {},
    "-34": {
        "cd": 1.4852472141685376e-34,
        "DDMLFHAHADI": 4773.1982421875,
        "GJOPHKACMDL": 430.0
    },
    "3542": {
        "DDMLFHAHADI": 9.975783598740764e+24,
        "ECKJEKLMNDM": 2.496273084348229e-41
    }
}