{
    "0": {
        "BKDFLKPBLJH": -34,
        "HNJFJDKGJBF": 3826.99169921875,
        "cd": -1.1912424392362989e-28,
        "LEJFHCBCDEG": -140738645983232.0
    },
    "2": {
        "cd": 430.0
    },
    "5": {
        "BKDFLKPBLJH": 8087,
        "HNJFJDKGJBF": 2.496273084348229e-41,
        "cd": -0.6025976538658142
    },
    "58": {
        "BKDFLKPBLJH": -4,
        "cd": 4779.2470703125
    },
    "-4332": {
        "HNJFJDKGJBF": 1.4851820109662655e-34,
        "cd": 4780.6376953125,
        "HEHOGGLNPBG": 430.0,
        "PHFIMIHOBGN": 3856.43896484375
    },
    "-5": {
        "BKDFLKPBLJH": -35,
        "cd": -1.070694632157213e-28,
        "HEHOGGLNPBG": -140738645983232.0,
        "LEJFHCBCDEG": 1.2183267894656984e+31,
        "PHFIMIHOBGN": -1.901757126711132e+30
    },
    "-4424": {},
    "-34": {
        "cd": 1.4852472141685376e-34,
        "HEHOGGLNPBG": 4773.1982421875,
        "LEJFHCBCDEG": 430.0
    },
    "3542": {
        "HEHOGGLNPBG": 9.975783598740764e+24,
        "PHFIMIHOBGN": 2.496273084348229e-41
    }
}