{
    "0": {
        "MEGHPNJEKJN": -34,
        "DBGDKKPIJCB": 3826.99169921875,
        "cd": -1.1912424392362989e-28,
        "PEIPKLCBONN": -140738645983232.0
    },
    "2": {
        "cd": 430.0
    },
    "5": {
        "MEGHPNJEKJN": 8087,
        "DBGDKKPIJCB": 2.496273084348229e-41,
        "cd": -0.6025976538658142
    },
    "58": {
        "MEGHPNJEKJN": -4,
        "cd": 4779.2470703125
    },
    "-4332": {
        "DBGDKKPIJCB": 1.4851820109662655e-34,
        "cd": 4780.6376953125,
        "PONGFFCDDGA": 430.0,
        "MHMEMDACHME": 3856.43896484375
    },
    "-5": {
        "MEGHPNJEKJN": -35,
        "cd": -1.070694632157213e-28,
        "PONGFFCDDGA": -140738645983232.0,
        "PEIPKLCBONN": 1.2183267894656984e+31,
        "MHMEMDACHME": -1.901757126711132e+30
    },
    "-4424": {},
    "-34": {
        "cd": 1.4852472141685376e-34,
        "PONGFFCDDGA": 4773.1982421875,
        "PEIPKLCBONN": 430.0
    },
    "3542": {
        "PONGFFCDDGA": 9.975783598740764e+24,
        "MHMEMDACHME": 2.496273084348229e-41
    }
}