{
    "gadgetId": 25,
    "areaId": 70,
    "pos": {
        "x": -340988325265408.0,
        "y": 2375650295939072.0,
        "z": 3.895649818105315e-29
    },
    "musicSubStates": {
        "x": 1.191718566959046e+36,
        "y": -1.0885413313256023e+37,
        "z": -1.1933866317166845e-22
    },
    "MOBHICOPBAN": true,
    "GPBFFFGELDL": [
        1926293,
        69,
        7,
        10431,
        8840,
        16,
        1108891,
        1857996,
        69,
        7,
        7,
        9,
        8838,
        16,
        1108891,
        76,
        13985,
        69,
        7,
        144751242,
        16,
        1108891,
        116,
        13975,
        69,
        7,
        144707285,
        16,
        1108891,
        16,
        74,
        114,
        69,
        7,
        2051,
        8832,
        16,
        1108891,
        8452,
        120,
        69,
        7,
        95,
        30,
        8834,
        16,
        1108891,
        92,
        36,
        127,
        69,
        7,
        14487,
        8836,
        16,
        1108891,
        49,
        93,
        8833,
        7,
        121,
        50,
        8839,
        16,
        1108891,
        12,
        16292
    ],
    "MLEILPJGHHM": true
}