{
    "yMax": 537.46875,
    "yMin": 454.0389404296875,
    "vertices": [
        {
            "x": 3627.2802734375,
            "y": 454.0389404296875,
            "z": 3248.302978515625
        },
        {
            "x": 3661.15283203125,
            "y": 454.0389404296875,
            "z": 3187.015869140625
        },
        {
            "x": 3872.759765625,
            "y": 454.0389404296875,
            "z": 3266.44873046875
        },
        {
            "x": 3853.82470703125,
            "y": 454.0389404296875,
            "z": 3337.605224609375
        }
    ]
}