{
  "0": {},
  "4226": {
    "FEHLGBBFKMP": -4176,
    "FKCFFGAKGMG": -37115236712448.0
  },
  "15": {},
  "2018": {
    "FEHLGBBFKMP": -33,
    "FKCFFGAKGMG": -1.0051145696395196e+26
  },
  "34": {
    "FEHLGBBFKMP": 4417,
    "FKCFFGAKGMG": -3.3832468997591636e-20
  },
  "-33": {
    "FKCFFGAKGMG": 1884.3818359375
  },
  "-4": {
    "FKCFFGAKGMG": 8.340895093724061e-20
  },
  "-4176": {
    "FKCFFGAKGMG": 1859.0068359375
  }
}