{
  "0": {},
  "4226": {
    "JBGIGAHNNOD": -4176,
    "NDLPJPOOMJJ": -37115236712448.0
  },
  "15": {},
  "2018": {
    "JBGIGAHNNOD": -33,
    "NDLPJPOOMJJ": -1.0051145696395196e+26
  },
  "34": {
    "JBGIGAHNNOD": 4417,
    "NDLPJPOOMJJ": -3.3832468997591636e-20
  },
  "-33": {
    "NDLPJPOOMJJ": 1884.3818359375
  },
  "-4": {
    "NDLPJPOOMJJ": 8.340895093724061e-20
  },
  "-4176": {
    "NDLPJPOOMJJ": 1859.0068359375
  }
}