{
    "CLBJAOMALGN": 878.1632080078125,
    "GDNOOPJCEAE": 35.63629150390625,
    "LMCMLKOHDBN": [
        {
            "BCGHGFKKLOO": 112,
            "HACIEJDADKM": 83,
            "EGBMEKLKNKN": {
                "x": 3.440506831410432e-30,
                "z": -1.1475583448972008e-38
            }
        },
        {
            "BCGHGFKKLOO": 7,
            "EGBMEKLKNKN": {
                "x": -3.8848962077048966e-29,
                "z": -3413883477819392.0
            }
        },
        {
            "EGBMEKLKNKN": {
                "y": 29263276032.0,
                "z": -5.557100760496805e-32
            },
            "rotation": {
                "y": 0.24002555012702942,
                "z": -2.6261027972539485e-20
            }
        },
        {
            "EGBMEKLKNKN": {
                "x": 35.63629150390625,
                "z": 4122.15625
            }
        }
    ]
}