{
    "yMax": 1200.0,
    "yMin": 445.0,
    "vertices": [
        {
            "x": 5242.8330078125,
            "y": 445.0,
            "z": 6278.0703125
        },
        {
            "x": 3903.140869140625,
            "y": 445.0,
            "z": 6325.779296875
        },
        {
            "x": 3966.46875,
            "y": 445.0,
            "z": 4995.115234375
        },
        {
            "x": 5311.0986328125,
            "y": 445.0,
            "z": 5039.57568359375
        }
    ]
}