{
    "yMax": 600.0,
    "yMin": 445.0,
    "vertices": [
        {
            "x": 2135.466064453125,
            "y": 445.0,
            "z": 5164.8447265625
        },
        {
            "x": 2139.74267578125,
            "y": 445.0,
            "z": 4029.943115234375
        },
        {
            "x": 1614.343505859375,
            "y": 445.0,
            "z": 4028.259033203125
        },
        {
            "x": 1523.3939208984375,
            "y": 445.0,
            "z": 5214.2216796875
        }
    ]
}