{
    "yMax": 587.8303833007812,
    "yMin": 487.577392578125,
    "vertices": [
        {
            "x": 4169.0166015625,
            "y": 487.577392578125,
            "z": 3370.802734375
        },
        {
            "x": 3983.94287109375,
            "y": 487.577392578125,
            "z": 3344.8505859375
        },
        {
            "x": 3849.875,
            "y": 487.577392578125,
            "z": 3040.0859375
        },
        {
            "x": 4167.83154296875,
            "y": 487.577392578125,
            "z": 3040.150390625
        }
    ]
}