{
    "0": {},
    "4332": {},
    "57": {
        "NHPKGHAHIFA": -4,
        "cd": 3203.47607421875
    },
    "-4317": {
        "cd": 1.4842480439703387e-34,
        "MHAAHHOKBPA": 3064.85302734375,
        "MGPKJELEDFK": 370.0,
        "MHGOOAOGENO": 3883.42578125
    },
    "-52": {
        "NHPKGHAHIFA": -4,
        "cd": 3158.5693359375
    },
    "20": {
        "MONCHHKIDKL": -145246076928.0,
        "cd": 6.360425065945593e-39,
        "MHGOOAOGENO": -1.4441782997081517e+22
    },
    "-19": {
        "NHPKGHAHIFA": -35,
        "MONCHHKIDKL": 33.93557357788086,
        "MGPKJELEDFK": -0.00012207131658215076
    },
    "-34": {
        "MHAAHHOKBPA": 1.4843355172804292e-34,
        "MHGOOAOGENO": 3064.4755859375
    }
}