{
    "yMax": 537.0,
    "yMin": 433.20001220703125,
    "vertices": [
        {
            "x": 4818.701171875,
            "y": 433.20001220703125,
            "z": 3970.4521484375
        },
        {
            "x": 4825.39990234375,
            "y": 433.20001220703125,
            "z": 3960.207763671875
        },
        {
            "x": 4837.755859375,
            "y": 433.20001220703125,
            "z": 3968.837890625
        },
        {
            "x": 4830.85888671875,
            "y": 433.20001220703125,
            "z": 3979.940673828125
        }
    ]
}