{
    "yMax": 368.6499938964844,
    "yMin": 356.6499938964844,
    "vertices": [
        {
            "x": 2420.842529296875,
            "y": 356.6499938964844,
            "z": 3617.31787109375
        },
        {
            "x": 2399.31640625,
            "y": 356.6499938964844,
            "z": 3612.808837890625
        },
        {
            "x": 2407.10400390625,
            "y": 356.6499938964844,
            "z": 3582.669921875
        },
        {
            "x": 2426.5458984375,
            "y": 356.6499938964844,
            "z": 3586.38916015625
        }
    ]
}