{
    "-70407345": {
        "ACEEFPBODHC": 5.879143619318994e-34,
        "KBBJILAKPDO": 1.66465225665501e-19,
        "HNJFJDKGJBF": 3.348374920781365e+18
    },
    "-34": {},
    "5979": {
        "ACEEFPBODHC": 1.1171696212349279e-16,
        "HNJFJDKGJBF": 3.348374920781365e+18
    },
    "-7": {
        "HNJFJDKGJBF": 1.70665121740042e+20
    },
    "24": {
        "ACEEFPBODHC": 222.22605895996094,
        "HNJFJDKGJBF": 3543.971435546875
    },
    "-4": {},
    "-29": {
        "KBBJILAKPDO": 1.1199843161420822e+22,
        "HNJFJDKGJBF": -5.003539996634755e-21
    },
    "-24": {
        "ACEEFPBODHC": 222.22605895996094,
        "HNJFJDKGJBF": 3782.227783203125
    },
    "-2430": {
        "ACEEFPBODHC": 222.22605895996094,
        "HNJFJDKGJBF": 3795.2314453125
    },
    "-18": {
        "ACEEFPBODHC": 3.348374920781365e+18,
        "KBBJILAKPDO": 1.6685378621339983e+25,
        "HNJFJDKGJBF": -1.1943757210734494e+36
    },
    "-14": {
        "ACEEFPBODHC": 222.22605895996094,
        "HNJFJDKGJBF": 3604.953369140625
    }
}