{
    "-1701": {
        "MEGHPNJEKJN": 34
    },
    "2637": {
        "radius": 2929607424.0,
        "NGMOBEOFBDM": true
    },
    "28": {
        "MEGHPNJEKJN": 2637,
        "NGMOBEOFBDM": true
    },
    "-34": {
        "radius": 1.4828138031090913e-34,
        "NGMOBEOFBDM": true
    },
    "-2": {
        "MEGHPNJEKJN": -35
    },
    "-4": {
        "MEGHPNJEKJN": -44,
        "radius": 6.851010508684627e-14,
        "NGMOBEOFBDM": true
    },
    "-22": {
        "radius": 10854.5673828125
    },
    "-565628": {
        "radius": 199960.640625
    },
    "-3750": {
        "MEGHPNJEKJN": -4,
        "NGMOBEOFBDM": true
    },
    "565642": {
        "radius": -2.523858111552175e-24
    },
    "46": {
        "MEGHPNJEKJN": -35,
        "radius": 7.742275920463726e-05,
        "NGMOBEOFBDM": true
    }
}