{
  "0": {},
  "4226": {
    "JKFBLJFOEIN": -4176,
    "FFAMKAMEGDC": -37115236712448.0
  },
  "15": {},
  "2018": {
    "JKFBLJFOEIN": -33,
    "FFAMKAMEGDC": 14057497165824.0
  },
  "34": {
    "JKFBLJFOEIN": 4417,
    "FFAMKAMEGDC": -3.3832468997591636e-20
  },
  "-33": {
    "FFAMKAMEGDC": 860.3818359375
  },
  "-4": {
    "FFAMKAMEGDC": 8.340895093724061e-20
  },
  "-4176": {
    "FFAMKAMEGDC": 835.0068359375
  }
}