{
  "0": {},
  "4226": {
    "autoChangeStep": -4176,
    "maxFileNum": -37115236712448.0
  },
  "15": {},
  "2018": {
    "autoChangeStep": -33,
    "maxFileNum": 14057497165824.0
  },
  "34": {
    "autoChangeStep": 4417,
    "maxFileNum": -3.3832468997591636e-20
  },
  "-33": {
    "maxFileNum": 860.3818359375
  },
  "-4": {
    "maxFileNum": 8.340895093724061e-20
  },
  "-4176": {
    "maxFileNum": 835.0068359375
  }
}