{
  "69395050": {
    "JBGIGAHNNOD": -3,
    "EEGLHEMJLNC": -1964.9952392578125
  },
  "-61": {
    "triggerDistance": 4.205374441198957e-28,
    "KGEJMAFIHJF": 47
  },
  "-1750487353": {
    "NDLPJPOOMJJ": -6.1021758560333954e+29,
    "cd": 7.335838946306562e-31,
    "KGEJMAFIHJF": 35
  },
  "-3": {
    "NDLPJPOOMJJ": 9.312215450705349e-36,
    "cd": -1903.8896484375,
    "GHNNEBFCNIE": 9002.1630859375,
    "FJNCEFLKFGM": -6.0389495079041986e+28,
    "MKNCLLFDPPI": 2.6637275630876236e-31,
    "FAGIJIMHAGG": 2.7086489290940836e-34,
    "KIJACGIBMHO": -2.2622263713856228e-05,
    "MIMJDDPMLBI": -8734220.0,
    "ADPIBDHFKGB": true,
    "AEGLCOIBPEB": true,
    "BHFLENLPFBL": 3.195464783670787e-31
  },
  "-7": {
    "NDLPJPOOMJJ": -1.281764190542221e+28,
    "cd": 5.9311137931191215e-31,
    "KGEJMAFIHJF": 35
  },
  "-100028": {
    "NDLPJPOOMJJ": -1.1836143042013294e+27,
    "cd": 2.1921756532665613e-31,
    "KGEJMAFIHJF": 35
  },
  "35": {
    "JBGIGAHNNOD": -24,
    "cd": -393.9042663574219
  },
  "-823": {
    "NDLPJPOOMJJ": -1.043534419086332e+32,
    "cd": 4.5705646580310636e-31,
    "KGEJMAFIHJF": 35
  }
}