{
  "69395050": {
    "JKFBLJFOEIN": -3,
    "DIHKDJJINOM": -1964.9952392578125
  },
  "-61": {
    "triggerDistance": 4.205374441198957e-28,
    "BBHFCFNLGLI": 47
  },
  "-1750487353": {
    "FFAMKAMEGDC": -6.1021758560333954e+29,
    "cd": 7.335838946306562e-31,
    "BBHFCFNLGLI": 35
  },
  "-3": {
    "FFAMKAMEGDC": 9.312215450705349e-36,
    "cd": -1903.8896484375,
    "BNJFLBALDEI": 9002.1630859375,
    "HDAFKIEIIMH": -6.0389495079041986e+28,
    "ENHNIMBJLFP": 2.6637275630876236e-31,
    "IOJLPOKKAIC": 2.7086489290940836e-34,
    "BFNMPJDLDPF": -2.2622263713856228e-05,
    "HEFINOMFDAL": -8734220.0,
    "MPEMJCKGLFB": true,
    "BPLDHCJLAAD": true,
    "FCABKILLDHJ": 3.195464783670787e-31
  },
  "-7": {
    "FFAMKAMEGDC": -1.281764190542221e+28,
    "cd": 5.9311137931191215e-31,
    "BBHFCFNLGLI": 35
  },
  "-100028": {
    "FFAMKAMEGDC": -1.1836143042013294e+27,
    "cd": 2.1921756532665613e-31,
    "BBHFCFNLGLI": 35
  },
  "35": {
    "JKFBLJFOEIN": -24,
    "cd": -393.9042663574219
  },
  "-823": {
    "FFAMKAMEGDC": -1.043534419086332e+32,
    "cd": 4.5705646580310636e-31,
    "BBHFCFNLGLI": 35
  }
}