{
  "0": {},
  "4230": {},
  "2111": {
    "DPCKDNAICDC": -10.0,
    "BNHFNBDJLGJ": 746.0015258789062
  },
  "-4": {
    "maxFileNum": 6.256322603030902e-39,
    "DPCKDNAICDC": -1.8240140540084005e+24,
    "NNKCKBANDEL": 1.47611107462763e-34,
    "BNHFNBDJLGJ": 706.617431640625
  },
  "16": {
    "autoChangeStep": 34,
    "BNHFNBDJLGJ": 19.27540397644043,
    "KHNHKCNKAHL": 1.0842109612795128e-19,
    "JJIEEEGNGHI": 63577.75390625
  },
  "13": {
    "DPCKDNAICDC": 0.17115794122219086,
    "BNHFNBDJLGJ": 1.0842109612795128e-19
  },
  "-3809": {
    "DPCKDNAICDC": 4.494977475156481e+37,
    "NNKCKBANDEL": 6.269618122860416e-39,
    "FHOAILDLBKA": 8.576472865229334e-14,
    "LGHFGJGNIAF": 1.4756558001554268e-34,
    "BNHFNBDJLGJ": 804.14453125
  },
  "34": {
    "autoChangeStep": 18,
    "maxFileNum": 6.263267438220096e-39,
    "DPCKDNAICDC": -4.669475978261505e+26
  },
  "-37": {
    "BNHFNBDJLGJ": -30515348373504.0
  },
  "22": {
    "DPCKDNAICDC": -10.0,
    "BNHFNBDJLGJ": 758.6788940429688
  }
}