{
  "0": {},
  "4230": {},
  "2111": {
    "EFNNGBKGDNI": -10.0,
    "ILPGKIPDELA": 746.0015258789062
  },
  "-4": {
    "FFAMKAMEGDC": 6.256322603030902e-39,
    "EFNNGBKGDNI": -1.8240140540084005e+24,
    "AHEDGBANDNA": 1.47611107462763e-34,
    "ILPGKIPDELA": 706.617431640625
  },
  "16": {
    "JKFBLJFOEIN": 34,
    "ILPGKIPDELA": 19.27540397644043,
    "BCBBMCEJFOE": 1.0842109612795128e-19,
    "KMODOFNCCFB": 63577.75390625
  },
  "13": {
    "EFNNGBKGDNI": 0.17115794122219086,
    "ILPGKIPDELA": 1.0842109612795128e-19
  },
  "-3809": {
    "EFNNGBKGDNI": 4.494977475156481e+37,
    "AHEDGBANDNA": 6.269618122860416e-39,
    "DOEKHMNMMBF": 8.576472865229334e-14,
    "HNPKPBMEOII": 1.4756558001554268e-34,
    "ILPGKIPDELA": 804.14453125
  },
  "34": {
    "JKFBLJFOEIN": 18,
    "FFAMKAMEGDC": 6.263267438220096e-39,
    "EFNNGBKGDNI": -4.669475978261505e+26
  },
  "-37": {
    "ILPGKIPDELA": -30515348373504.0
  },
  "22": {
    "EFNNGBKGDNI": -10.0,
    "ILPGKIPDELA": 758.6788940429688
  }
}