{
  "0": {},
  "4230": {},
  "2111": {
    "IJGLJBBGDPM": -10.0,
    "HEDAGCFGOJN": 746.0015258789062
  },
  "-4": {
    "FKCFFGAKGMG": 6.256322603030902e-39,
    "IJGLJBBGDPM": -1.8240140540084005e+24,
    "NGPKDOAJJML": 1.47611107462763e-34,
    "HEDAGCFGOJN": 706.617431640625
  },
  "16": {
    "FEHLGBBFKMP": 34,
    "HEDAGCFGOJN": 19.27540397644043,
    "PHKLLOFFPIE": 1.0842109612795128e-19,
    "KCFNEINHHPO": 63577.75390625
  },
  "13": {
    "IJGLJBBGDPM": 0.17115794122219086,
    "HEDAGCFGOJN": 1.0842109612795128e-19
  },
  "-3809": {
    "IJGLJBBGDPM": 4.494977475156481e+37,
    "NGPKDOAJJML": 6.269618122860416e-39,
    "MMNNPNPFPDH": 8.576472865229334e-14,
    "PKHHBLBDIEO": 1.4756558001554268e-34,
    "HEDAGCFGOJN": 804.14453125
  },
  "34": {
    "FEHLGBBFKMP": 18,
    "FKCFFGAKGMG": 6.263267438220096e-39,
    "IJGLJBBGDPM": -4.669475978261505e+26
  },
  "-37": {
    "HEDAGCFGOJN": -30515348373504.0
  },
  "22": {
    "IJGLJBBGDPM": -10.0,
    "HEDAGCFGOJN": 758.6788940429688
  }
}