{
  "CNNAGOKMLPO": 441.83258056640625,
  "DBDEKCIMHKO": 419.75054931640625,
  "HAPLKMHCGNB": [
    {
      "configId": 2771,
      "LHLOEOPJAKJ": 70,
      "FIEBMFLAIOO": {
        "x": 419.75054931640625,
        "y": -617.6571044921875
      }
    },
    {
      "configId": 9547,
      "LHLOEOPJAKJ": 57,
      "FIEBMFLAIOO": {
        "x": 419.75054931640625,
        "y": -599.111328125
      }
    },
    {
      "configId": 8501,
      "LHLOEOPJAKJ": 70,
      "FIEBMFLAIOO": {
        "x": 419.75054931640625,
        "y": -586.2235107421875
      }
    },
    {
      "configId": 57,
      "LHLOEOPJAKJ": 11818,
      "FIEBMFLAIOO": {
        "x": 419.75054931640625,
        "y": -602.9437255859375
      }
    }
  ]
}