{
  "BJNPKDOFDHC": 441.83258056640625,
  "GDDNBLJCKCB": 419.75054931640625,
  "BAJIJHICBNJ": [
    {
      "configId": 2771,
      "DPODDGDBNIL": 70,
      "JDJLINAGNDJ": {
        "x": 419.75054931640625,
        "y": -617.6571044921875
      }
    },
    {
      "configId": 9547,
      "DPODDGDBNIL": 57,
      "JDJLINAGNDJ": {
        "x": 419.75054931640625,
        "y": -599.111328125
      }
    },
    {
      "configId": 8501,
      "DPODDGDBNIL": 70,
      "JDJLINAGNDJ": {
        "x": 419.75054931640625,
        "y": -586.2235107421875
      }
    },
    {
      "configId": 57,
      "DPODDGDBNIL": 11818,
      "JDJLINAGNDJ": {
        "x": 419.75054931640625,
        "y": -602.9437255859375
      }
    }
  ]
}