{
    "yMax": 800.0,
    "yMin": 445.0,
    "vertices": [
        {
            "x": 3028.30712890625,
            "y": 445.0,
            "z": 6188.01953125
        },
        {
            "x": 4305.3212890625,
            "y": 445.0,
            "z": 6280.046875
        },
        {
            "x": 4269.76953125,
            "y": 445.0,
            "z": 5019.984375
        },
        {
            "x": 2988.4765625,
            "y": 445.0,
            "z": 5038.3466796875
        }
    ]
}