{
  "3": {
    "FEHLGBBFKMP": -53
  },
  "-34": {
    "FEHLGBBFKMP": -57,
    "FKCFFGAKGMG": 1.0100805995256243e-34
  },
  "-63": {
    "FEHLGBBFKMP": -15
  },
  "-933090": {
    "FEHLGBBFKMP": -34,
    "FKCFFGAKGMG": 9877.654296875
  },
  "-4": {
    "FKCFFGAKGMG": -3.090155839255887e+31
  },
  "-16": {
    "FEHLGBBFKMP": -7290,
    "FKCFFGAKGMG": 2.7951899706445005e+17
  },
  "13": {
    "FKCFFGAKGMG": 7.44223695318197e-37
  },
  "-9": {
    "FEHLGBBFKMP": -7290,
    "FKCFFGAKGMG": -1.7840215212907504e-38
  },
  "-57": {
    "FEHLGBBFKMP": -34,
    "FKCFFGAKGMG": 9861.8076171875
  }
}