{
  "3": {
    "JBGIGAHNNOD": -53
  },
  "-34": {
    "JBGIGAHNNOD": -57,
    "NDLPJPOOMJJ": 1.0100805995256243e-34
  },
  "-63": {
    "JBGIGAHNNOD": -15
  },
  "-933090": {
    "JBGIGAHNNOD": -34,
    "NDLPJPOOMJJ": 9877.654296875
  },
  "-4": {
    "NDLPJPOOMJJ": -3.090155839255887e+31
  },
  "-16": {
    "JBGIGAHNNOD": -7290,
    "NDLPJPOOMJJ": 2.7951899706445005e+17
  },
  "13": {
    "NDLPJPOOMJJ": 7.44223695318197e-37
  },
  "-9": {
    "JBGIGAHNNOD": -7290,
    "NDLPJPOOMJJ": -1.7840215212907504e-38
  },
  "-57": {
    "JBGIGAHNNOD": -34,
    "NDLPJPOOMJJ": 9861.8076171875
  }
}