{
  "-70339889": {},
  "0": {
    "HHDBEKAMBGC": 0.13186365365982056
  },
  "-268987599": {},
  "33": {},
  "32": {
    "EHHLKOFMEGA": -2.255447899085474e-17,
    "HHDBEKAMBGC": 3.490176098104193e-18,
    "NBENNEKDIIA": 2.2688545868732035e-06
  },
  "-4298": {
    "EHHLKOFMEGA": -276.81976318359375,
    "HHDBEKAMBGC": 251.807373046875,
    "NBENNEKDIIA": 358.51702880859375
  },
  "-4": {
    "EHHLKOFMEGA": -1.2617513648571864e-24,
    "HHDBEKAMBGC": -1.5421819029545168e-28
  },
  "38": {
    "EHHLKOFMEGA": 0.06251385062932968,
    "HHDBEKAMBGC": 1.8716645846772053e-37
  },
  "4240": {
    "EHHLKOFMEGA": 1.472755405598017e-34,
    "HHDBEKAMBGC": -44.95209884643555,
    "NBENNEKDIIA": 195.35977172851562
  },
  "-4711": {},
  "-34": {
    "EHHLKOFMEGA": -182.17831420898438,
    "HHDBEKAMBGC": 245.84825134277344,
    "NBENNEKDIIA": 150.3385009765625
  }
}