{
  "-70339889": {},
  "0": {
    "y": 0.13186365365982056
  },
  "-268987599": {},
  "33": {},
  "32": {
    "x": -2.255447899085474e-17,
    "y": 3.490176098104193e-18,
    "z": 2.2688545868732035e-06
  },
  "-4298": {
    "x": -276.81976318359375,
    "y": 251.807373046875,
    "z": 358.51702880859375
  },
  "-4": {
    "x": -1.2617513648571864e-24,
    "y": -1.5421819029545168e-28
  },
  "38": {
    "x": 0.06251385062932968,
    "y": 1.8716645846772053e-37
  },
  "4240": {
    "x": 1.472755405598017e-34,
    "y": -44.95209884643555,
    "z": 195.35977172851562
  },
  "-4711": {},
  "-34": {
    "x": -182.17831420898438,
    "y": 245.84825134277344,
    "z": 150.3385009765625
  }
}