{
    "yMax": 428.77001953125,
    "yMin": 417.4699401855469,
    "vertices": [
        {
            "x": 2906.236572265625,
            "y": 417.4699401855469,
            "z": 3581.94677734375
        },
        {
            "x": 2901.33251953125,
            "y": 417.4699401855469,
            "z": 3562.26318359375
        },
        {
            "x": 2934.142578125,
            "y": 417.4699401855469,
            "z": 3551.72705078125
        },
        {
            "x": 2939.77490234375,
            "y": 417.4699401855469,
            "z": 3573.6474609375
        }
    ]
}