{
    "yMax": 822.452880859375,
    "yMin": 445.0,
    "vertices": [
        {
            "x": 5240.22265625,
            "y": 445.0,
            "z": 5237.0849609375
        },
        {
            "x": 5249.63671875,
            "y": 445.0,
            "z": 3908.271240234375
        },
        {
            "x": 4020.520263671875,
            "y": 445.0,
            "z": 3980.440673828125
        },
        {
            "x": 3994.641357421875,
            "y": 445.0,
            "z": 5244.91796875
        }
    ]
}