{
  "-26": {
    "ABJAMPANMHB": 0.3598928153514862,
    "DBBKGLLNMJO": 1.0401870302310986e-34
  },
  "6063": {
    "ABJAMPANMHB": -0.0029101823456585407,
    "DBBKGLLNMJO": 2.2265769443818586e-21,
    "NDLPJPOOMJJ": 1.9503460640797687e-33
  },
  "65474733": {
    "ABJAMPANMHB": 1.2961987851417175e-21,
    "DBBKGLLNMJO": 630900.375
  },
  "-65474724": {
    "ABJAMPANMHB": 6.236070916210465e-22,
    "DBBKGLLNMJO": -7.786915148244589e-07
  },
  "9": {
    "ABJAMPANMHB": 374.489990234375,
    "DBBKGLLNMJO": 9999.009765625
  },
  "-4": {},
  "31": {
    "ABJAMPANMHB": 7.061571318144244e-22,
    "DBBKGLLNMJO": -1.2330203425747763e+17
  },
  "-39": {
    "ABJAMPANMHB": 374.489990234375,
    "DBBKGLLNMJO": 10004.60546875
  },
  "11": {},
  "38": {
    "ABJAMPANMHB": 374.489990234375,
    "DBBKGLLNMJO": 10057.0576171875
  },
  "-54": {
    "ABJAMPANMHB": -0.0029101825784891844,
    "DBBKGLLNMJO": 2.515986761198849e-21
  },
  "35": {
    "ABJAMPANMHB": -152.398193359375,
    "DBBKGLLNMJO": 374.489990234375,
    "NDLPJPOOMJJ": 10058.2138671875
  }
}