{
  "0": {
    "ANLAAGAMIKF": -34,
    "NBENNEKDIIA": 3826.99169921875,
    "cd": -1.1912424392362989e-28,
    "KEIFBBGKGPN": -140738645983232.0
  },
  "2": {
    "cd": 430.0
  },
  "5": {
    "ANLAAGAMIKF": 8087,
    "NBENNEKDIIA": 2.496273084348229e-41,
    "cd": -0.6025976538658142
  },
  "58": {
    "ANLAAGAMIKF": -4,
    "cd": 4779.2470703125
  },
  "-4332": {
    "NBENNEKDIIA": 1.4851820109662655e-34,
    "cd": 4780.6376953125,
    "CJNOBGEGKFL": 430.0,
    "EPMAMGJCELL": 3856.43896484375
  },
  "-5": {
    "ANLAAGAMIKF": -35,
    "cd": -1.070694632157213e-28,
    "CJNOBGEGKFL": -140738645983232.0,
    "KEIFBBGKGPN": 1.2183267894656984e+31,
    "EPMAMGJCELL": -1.901757126711132e+30
  },
  "-4424": {},
  "-34": {
    "cd": 1.4852472141685376e-34,
    "CJNOBGEGKFL": 4773.1982421875,
    "KEIFBBGKGPN": 430.0
  },
  "3542": {
    "CJNOBGEGKFL": 9.975783598740764e+24,
    "EPMAMGJCELL": 2.496273084348229e-41
  }
}