{
  "0": {
    "DKJJFHOAIFM": -1.7949906132099244e+38,
    "FKIBDOCMPMM": 0.0003762289707083255
  },
  "-4297": {},
  "-41": {
    "FEHLGBBFKMP": -34,
    "DKJJFHOAIFM": 4736.89599609375,
    "BEBOIMPELLE": 7.183719158172607
  },
  "-4835": {
    "BEBOIMPELLE": 4.012084934337419e+34,
    "FKIBDOCMPMM": 1.79030702591976e-21
  },
  "23": {
    "FEHLGBBFKMP": -547,
    "DKJJFHOAIFM": -9.193360947126938e-36,
    "BEBOIMPELLE": 1.4863875814420795e-34,
    "FKIBDOCMPMM": -3041.964111328125
  },
  "70316454": {
    "FEHLGBBFKMP": 566459,
    "DKJJFHOAIFM": 8.985405293060467e-05,
    "FKIBDOCMPMM": -2.518288267949912e-37
  },
  "-34": {
    "DKJJFHOAIFM": 1.4863783978924637e-34,
    "BEBOIMPELLE": -2955.68994140625
  },
  "70274970": {
    "FEHLGBBFKMP": 566554,
    "FKIBDOCMPMM": 0.003471137722954154
  },
  "-788387": {
    "FEHLGBBFKMP": -34,
    "BEBOIMPELLE": 4776.92529296875
  },
  "-4": {
    "DKJJFHOAIFM": 6311.62646484375,
    "BEBOIMPELLE": -1.778215352743473e-10,
    "FKIBDOCMPMM": 1.4864551953261258e-34
  },
  "-5": {
    "FKIBDOCMPMM": -22.4713077545166
  },
  "-4290": {
    "FEHLGBBFKMP": 566582,
    "DKJJFHOAIFM": 5.779788494110107
  },
  "-4451": {
    "FEHLGBBFKMP": 4290,
    "DKJJFHOAIFM": 4753.83984375
  }
}