{
  "0": {
    "JKFBLJFOEIN": -34,
    "KMLGKFNAPHF": 1809.9617919921875
  },
  "-39": {
    "JKFBLJFOEIN": 0,
    "IEHAEJPAMEA": 5.872417128402902e-34
  },
  "-4": {
    "KMLGKFNAPHF": 6.312682827266046e-39
  },
  "-2": {
    "JKFBLJFOEIN": 34,
    "IEHAEJPAMEA": 165.0,
    "EDEBBIIALDN": 1825.6197509765625
  },
  "-563514": {
    "JKFBLJFOEIN": 4346,
    "IEHAEJPAMEA": 2.4643234793616233e-41,
    "KMLGKFNAPHF": 3.1324784988129295e-09
  },
  "4401": {
    "JKFBLJFOEIN": 3,
    "IEHAEJPAMEA": 6.309721883610928e-39,
    "KMLGKFNAPHF": 1.5832005258900414e+34
  },
  "-563091": {
    "JKFBLJFOEIN": 71769071,
    "IEHAEJPAMEA": 165.0,
    "KMLGKFNAPHF": 1768.6673583984375
  }
}