{
  "0": {
    "FEHLGBBFKMP": -34,
    "BEBOIMPELLE": 1809.9617919921875
  },
  "-39": {
    "FEHLGBBFKMP": 0,
    "DKJJFHOAIFM": 5.872417128402902e-34
  },
  "-4": {
    "BEBOIMPELLE": 6.312682827266046e-39
  },
  "-2": {
    "FEHLGBBFKMP": 34,
    "DKJJFHOAIFM": 165.0,
    "FKIBDOCMPMM": 1825.6197509765625
  },
  "-563514": {
    "FEHLGBBFKMP": 4346,
    "DKJJFHOAIFM": 2.4643234793616233e-41,
    "BEBOIMPELLE": 3.1324784988129295e-09
  },
  "4401": {
    "FEHLGBBFKMP": 3,
    "DKJJFHOAIFM": 6.309721883610928e-39,
    "BEBOIMPELLE": 1.5832005258900414e+34
  },
  "-563091": {
    "FEHLGBBFKMP": 71769071,
    "DKJJFHOAIFM": 165.0,
    "BEBOIMPELLE": 1768.6673583984375
  }
}