{
  "-669413761": {},
  "0": {
    "FKCFFGAKGMG": 1.661548265448366e+35,
    "LHGHCBBALGH": -2.793088883768552e-23,
    "MDJODDADEEG": 2.177510457373761e-14,
    "KIELPKCPBCD": 2.302502959586051e+23,
    "JFMHMJHCMBE": 1.4844470974082611e-34
  },
  "-6951": {
    "JFMHMJHCMBE": 2.214206158601978e-34
  },
  "-34": {
    "FKCFFGAKGMG": 1.4844581176678e-34,
    "LHGHCBBALGH": -634.9000244140625,
    "JFMHMJHCMBE": 135.5748291015625,
    "FCPCKEFHNHP": 3367.300048828125
  },
  "-4": {
    "FKCFFGAKGMG": 2.1777999732351325e-14,
    "LHGHCBBALGH": 6.155695360307737e-39,
    "JFMHMJHCMBE": 1.4844519187718094e-34,
    "FCPCKEFHNHP": -668.7999877929688
  },
  "17": {
    "LHGHCBBALGH": 2.302502959586051e+23,
    "FCPCKEFHNHP": 1.484548116454035e-34,
    "FKLAJPPANJF": -279335,
    "HCLAPKGACIO": true
  },
  "20": {
    "FEHLGBBFKMP": -34,
    "FKCFFGAKGMG": 3344.699951171875,
    "KIELPKCPBCD": 1.1990470287598603e-15,
    "BPNJLIACGPL": 2.214206158601978e-34,
    "DKJOJCCDECH": 36507496448.0,
    "NFKDBPBFMAC": -35
  },
  "3312": {
    "LHGHCBBALGH": 2.302502959586051e+23,
    "FCPCKEFHNHP": 1.484594034202114e-34,
    "FKLAJPPANJF": -434983,
    "HCLAPKGACIO": true
  },
  "16": {
    "FEHLGBBFKMP": 2594,
    "FKCFFGAKGMG": 4.540886422432777e-08,
    "KIELPKCPBCD": 1.4844816505136906e-34,
    "JFMHMJHCMBE": -709.0
  }
}