{
  "EIFPOJHDAGG": 428.7914123535156,
  "OIFMFILEGEB": 417.41326904296875,
  "OBHDGGNAAAG": [
    {
      "configId": 108,
      "isFreshmanGuide": 7091,
      "BDAPHBAEEFC": {
        "x": 417.41326904296875,
        "z": 3570.2265625
      }
    },
    {
      "configId": 90,
      "isFreshmanGuide": 7154,
      "BDAPHBAEEFC": {
        "x": 417.41326904296875,
        "z": 3582.97998046875
      }
    },
    {
      "configId": 58,
      "isFreshmanGuide": 6962,
      "BDAPHBAEEFC": {
        "x": 417.41326904296875,
        "z": 3588.06982421875
      }
    },
    {
      "configId": 68,
      "isFreshmanGuide": 6919,
      "BDAPHBAEEFC": {
        "x": 417.41326904296875,
        "z": 3576.18359375
      }
    }
  ]
}