{
  "0": {
    "JKFBLJFOEIN": -34,
    "FFAMKAMEGDC": 3826.99169921875,
    "cd": -1.1912424392362989e-28,
    "NHFEDLEHMKB": -140738645983232.0
  },
  "2": {
    "cd": 430.0
  },
  "5": {
    "JKFBLJFOEIN": 8087,
    "FFAMKAMEGDC": 2.496273084348229e-41,
    "cd": -0.6025976538658142
  },
  "58": {
    "JKFBLJFOEIN": -4,
    "cd": 4779.2470703125
  },
  "-4332": {
    "FFAMKAMEGDC": 1.4851820109662655e-34,
    "cd": 4780.6376953125,
    "ILMCFGOHPMG": 430.0,
    "PBBNKOMNACG": 3856.43896484375
  },
  "-5": {
    "JKFBLJFOEIN": -35,
    "cd": -1.070694632157213e-28,
    "ILMCFGOHPMG": -140738645983232.0,
    "NHFEDLEHMKB": 1.2183267894656984e+31,
    "PBBNKOMNACG": -1.901757126711132e+30
  },
  "-4424": {},
  "-34": {
    "cd": 1.4852472141685376e-34,
    "ILMCFGOHPMG": 4773.1982421875,
    "NHFEDLEHMKB": 430.0
  },
  "3542": {
    "ILMCFGOHPMG": 9.975783598740764e+24,
    "PBBNKOMNACG": 2.496273084348229e-41
  }
}