{
  "0": {
    "y": 7.495796043870302e-15,
    "z": 423185350656.0
  },
  "4251": {},
  "1": {},
  "33": {
    "x": 1.4871852875205819e-34,
    "y": -2297.595947265625,
    "z": 50.42451858520508
  },
  "9": {
    "y": -141843168.0,
    "z": 6.158046245574951
  },
  "-4814": {
    "y": 5585.74169921875
  },
  "-4": {
    "x": -1.1911438039636157e+26,
    "y": 1.5762153254243697e+34,
    "z": 1.4871674943932012e-34
  },
  "-4604": {
    "y": 5550.83056640625
  },
  "22": {
    "x": -2.9252864719445276e-21,
    "z": 7.69263413113672e-33
  },
  "36": {
    "y": 5556.60595703125
  },
  "121269": {
    "x": 50.1505241394043,
    "z": 5579.0537109375
  }
}