{
  "15": {
    "FEHLGBBFKMP": 10,
    "BLFHGGOIOGM": true,
    "waitTime": 159.6201171875,
    "BGOMCPJKKNO": true
  },
  "-4": {
    "LKKLFPLAILP": -3.077903985977173,
    "CMFBFOAHMDD": 818407296.0,
    "waitTime": 1.482038826315888e-34
  },
  "-6701": {
    "LKKLFPLAILP": 6.723368609035904e-20,
    "waitTime": 3.868268119017193e-12
  },
  "-35": {
    "BGOMCPJKKNO": true,
    "BLHOFLPGHAF": 2584.079345703125
  },
  "-13": {
    "FEHLGBBFKMP": -35,
    "FKCFFGAKGMG": 3.0670144704503095e-26,
    "LKKLFPLAILP": 6.723368609035904e-20,
    "CMFBFOAHMDD": 4.0089854991265383e-08,
    "waitTime": -1.3312581113346712e+31
  },
  "8": {
    "FEHLGBBFKMP": 255904,
    "LKKLFPLAILP": 4.9574605327507015e-06,
    "BGOMCPJKKNO": true
  },
  "1999": {
    "FEHLGBBFKMP": -41,
    "FKCFFGAKGMG": 1.4836196595878776e-34,
    "BGOMCPJKKNO": true
  },
  "-565097": {
    "BGOMCPJKKNO": true,
    "BLHOFLPGHAF": 2350.1162109375
  },
  "28": {
    "FKCFFGAKGMG": 6.723368609035904e-20,
    "LKKLFPLAILP": 1.599704810642407e-38,
    "waitTime": -4.087894220668552e-25,
    "BGOMCPJKKNO": true,
    "GHDLPKJLFAC": 6.723368609035904e-20,
    "BLHOFLPGHAF": 2.3844975787079853e-31
  },
  "45": {
    "CMFBFOAHMDD": 143911895040.0,
    "BLFHGGOIOGM": true
  }
}