{
  "0": {
    "HJNKKHHPLDO": -34,
    "KFIPGJFOKNO": 1959.909423828125
  },
  "-56": {
    "HJNKKHHPLDO": 0,
    "PHKGONKNFMN": 3.7604534480545306e-32,
    "KFIPGJFOKNO": -0.0301904808729887
  },
  "34": {
    "HJNKKHHPLDO": 71824686,
    "PHKGONKNFMN": 193.0,
    "FMJHJIODHPH": 1921.6614990234375
  },
  "-4": {
    "FMJHJIODHPH": 6.314438654241845e-39,
    "JFOPEBCABIC": -1.373977217859584e+16,
    "KFIPGJFOKNO": 1.4817058078479451e-34
  },
  "21": {
    "HJNKKHHPLDO": 0,
    "PHKGONKNFMN": 1.4407195351943312e+22,
    "FAMHCKJKMNO": 1.4816698772100733e-34,
    "KFIPGJFOKNO": 1564.55517578125,
    "KGDKKAIEFPH": 193.0
  },
  "25": {
    "PHKGONKNFMN": -182.78135681152344,
    "DGNKJEMJBLL": 8.000064849853516
  },
  "-34": {},
  "31": {
    "FAMHCKJKMNO": -45.88479232788086,
    "JFOPEBCABIC": 8.000064849853516,
    "KFIPGJFOKNO": -5.8998314247387485e+28
  }
}