{
  "0": {
    "JCDEHEAEDCN": 7.495796043870302e-15,
    "maxFileNum": 423185350656.0
  },
  "4251": {},
  "1": {},
  "33": {
    "LFIIKFHINMN": 1.4871852875205819e-34,
    "JCDEHEAEDCN": -2297.595947265625,
    "maxFileNum": 50.42451858520508
  },
  "9": {
    "JCDEHEAEDCN": -141843168.0,
    "maxFileNum": 6.158046245574951
  },
  "-4814": {
    "JCDEHEAEDCN": 5585.74169921875
  },
  "-4": {
    "LFIIKFHINMN": -1.1911438039636157e+26,
    "JCDEHEAEDCN": 1.5762153254243697e+34,
    "maxFileNum": 1.4871674943932012e-34
  },
  "-4604": {
    "JCDEHEAEDCN": 5550.83056640625
  },
  "22": {
    "LFIIKFHINMN": -2.9252864719445276e-21,
    "maxFileNum": 7.69263413113672e-33
  },
  "36": {
    "JCDEHEAEDCN": 5556.60595703125
  },
  "121269": {
    "LFIIKFHINMN": 50.1505241394043,
    "maxFileNum": 5579.0537109375
  }
}