{
  "LPMCNGJKKCJ": 428.7914123535156,
  "BHABCBGIIFI": 417.41326904296875,
  "EAKJFIMHDHO": [
    {
      "configId": 108,
      "DNPFOMEHEJF": 7091,
      "OJCONBJGJDH": {
        "x": 417.41326904296875,
        "z": 3570.2265625
      }
    },
    {
      "configId": 90,
      "DNPFOMEHEJF": 7154,
      "OJCONBJGJDH": {
        "x": 417.41326904296875,
        "z": 3582.97998046875
      }
    },
    {
      "configId": 58,
      "DNPFOMEHEJF": 6962,
      "OJCONBJGJDH": {
        "x": 417.41326904296875,
        "z": 3588.06982421875
      }
    },
    {
      "configId": 68,
      "DNPFOMEHEJF": 6919,
      "OJCONBJGJDH": {
        "x": 417.41326904296875,
        "z": 3576.18359375
      }
    }
  ]
}