{
  "-669413761": {},
  "0": {
    "maxFileNum": 1.661548265448366e+35,
    "DEHJKJAMIKG": -2.793088883768552e-23,
    "CLMGGEMDIGP": 2.177510457373761e-14,
    "OPHKKFFGLNA": 2.302502959586051e+23,
    "GPKEKFKMEEM": 1.4844470974082611e-34
  },
  "-6951": {
    "GPKEKFKMEEM": 2.214206158601978e-34
  },
  "-34": {
    "maxFileNum": 1.4844581176678e-34,
    "DEHJKJAMIKG": -634.9000244140625,
    "GPKEKFKMEEM": 135.5748291015625,
    "DGOPNNFDHNN": 3367.300048828125
  },
  "-4": {
    "maxFileNum": 2.1777999732351325e-14,
    "DEHJKJAMIKG": 6.155695360307737e-39,
    "GPKEKFKMEEM": 1.4844519187718094e-34,
    "DGOPNNFDHNN": -668.7999877929688
  },
  "17": {
    "DEHJKJAMIKG": 2.302502959586051e+23,
    "DGOPNNFDHNN": 1.484548116454035e-34,
    "OEFHLGPNDFF": -279335,
    "ABBBEABLNEH": true
  },
  "20": {
    "autoChangeStep": -34,
    "maxFileNum": 3344.699951171875,
    "OPHKKFFGLNA": 1.1990470287598603e-15,
    "KBCIAPABFBF": 2.214206158601978e-34,
    "AKPLIHCCDLC": 36507496448.0,
    "PEJIHOMEBFI": -35
  },
  "3312": {
    "DEHJKJAMIKG": 2.302502959586051e+23,
    "DGOPNNFDHNN": 1.484594034202114e-34,
    "OEFHLGPNDFF": -434983,
    "ABBBEABLNEH": true
  },
  "16": {
    "autoChangeStep": 2594,
    "maxFileNum": 4.540886422432777e-08,
    "OPHKKFFGLNA": 1.4844816505136906e-34,
    "GPKEKFKMEEM": -709.0
  }
}