{
  "NPPMBONPIIN": 428.7914123535156,
  "HNFANPHDJGL": 417.41326904296875,
  "PFCEOKAADED": [
    {
      "configId": 108,
      "HGNOIPLOILC": 7091,
      "NEEBDGHPDJO": {
        "x": 417.41326904296875,
        "z": 3570.2265625
      }
    },
    {
      "configId": 90,
      "HGNOIPLOILC": 7154,
      "NEEBDGHPDJO": {
        "x": 417.41326904296875,
        "z": 3582.97998046875
      }
    },
    {
      "configId": 58,
      "HGNOIPLOILC": 6962,
      "NEEBDGHPDJO": {
        "x": 417.41326904296875,
        "z": 3588.06982421875
      }
    },
    {
      "configId": 68,
      "HGNOIPLOILC": 6919,
      "NEEBDGHPDJO": {
        "x": 417.41326904296875,
        "z": 3576.18359375
      }
    }
  ]
}