{
  "15": {
    "autoChangeStep": 10,
    "AMPCPHHBEMB": true,
    "waitTime": 159.6201171875,
    "BAFHBHLJMEM": true
  },
  "-4": {
    "NEBCINNGKBB": -3.077903985977173,
    "AHNILABOBLA": 818407296.0,
    "waitTime": 1.482038826315888e-34
  },
  "-6701": {
    "NEBCINNGKBB": 6.723368609035904e-20,
    "waitTime": 3.868268119017193e-12
  },
  "-35": {
    "BAFHBHLJMEM": true,
    "ODLEMHICPNL": 2584.079345703125
  },
  "-13": {
    "autoChangeStep": -35,
    "maxFileNum": 3.0670144704503095e-26,
    "NEBCINNGKBB": 6.723368609035904e-20,
    "AHNILABOBLA": 4.0089854991265383e-08,
    "waitTime": -1.3312581113346712e+31
  },
  "8": {
    "autoChangeStep": 255904,
    "NEBCINNGKBB": 4.9574605327507015e-06,
    "BAFHBHLJMEM": true
  },
  "1999": {
    "autoChangeStep": -41,
    "maxFileNum": 1.4836196595878776e-34,
    "BAFHBHLJMEM": true
  },
  "-565097": {
    "BAFHBHLJMEM": true,
    "ODLEMHICPNL": 2350.1162109375
  },
  "28": {
    "maxFileNum": 6.723368609035904e-20,
    "NEBCINNGKBB": 1.599704810642407e-38,
    "waitTime": -4.087894220668552e-25,
    "BAFHBHLJMEM": true,
    "DHJJDAIADMN": 6.723368609035904e-20,
    "ODLEMHICPNL": 2.3844975787079853e-31
  },
  "45": {
    "AHNILABOBLA": 143911895040.0,
    "AMPCPHHBEMB": true
  }
}