{
  "0": {},
  "-4297": {
    "FEHLGBBFKMP": -4,
    "EIFBLHCJHAG": -1608.1256103515625
  },
  "-13": {
    "FEHLGBBFKMP": 4293,
    "FKCFFGAKGMG": 3940.51611328125,
    "PPBGGLKKGJD": -0.0019356318516656756,
    "GPFKBLNFHAG": true
  },
  "57": {
    "FKCFFGAKGMG": 6.107836909954535e-25,
    "AIGHENFMFEP": 4.480368340218342e+28,
    "EIFBLHCJHAG": 1.0821898947582188e+37,
    "PPBGGLKKGJD": -8865129.0,
    "GPFKBLNFHAG": true
  },
  "-35": {
    "FEHLGBBFKMP": 28,
    "FKCFFGAKGMG": 402905.46875,
    "AIGHENFMFEP": 3.782479194446393e+27
  },
  "725280": {
    "FKCFFGAKGMG": -1.5728102497360066e-38,
    "AIGHENFMFEP": 4.475746360218268e-22,
    "EIFBLHCJHAG": -1.4318068952690055e-09,
    "DFCPJLAOHAK": 1.0854766182579433e-14,
    "GPFKBLNFHAG": true
  },
  "53": {
    "FEHLGBBFKMP": -4,
    "AIGHENFMFEP": -1704.0977783203125,
    "GPFKBLNFHAG": true
  },
  "22": {
    "FEHLGBBFKMP": -7096,
    "FKCFFGAKGMG": 1.0420913760788238e-31,
    "EIFBLHCJHAG": 1651313664.0,
    "CPAFGBJIFIB": true,
    "ABDALOJAMIC": true
  },
  "-34": {
    "FKCFFGAKGMG": 1.4854088446417757e-34,
    "EIFBLHCJHAG": -1721.7677001953125,
    "DFCPJLAOHAK": 281.783935546875,
    "PPBGGLKKGJD": 3923.9794921875
  }
}