{
  "0": {},
  "61": {
    "FKCFFGAKGMG": 1.2038340353605715e-25
  },
  "-3": {
    "DALAFGBBJOA": 306.10870361328125,
    "FKCFFGAKGMG": 4368.5302734375
  },
  "-4": {
    "DALAFGBBJOA": 6764836683776.0,
    "BMPDNFKLCCG": 7.115301681182018e-10
  },
  "-41": {
    "BMPDNFKLCCG": -0.4688054621219635,
    "FKCFFGAKGMG": -2.5700895633917753e-08
  },
  "4299": {
    "DALAFGBBJOA": 1.4856302829818867e-34,
    "BMPDNFKLCCG": -1986.99169921875
  },
  "37": {
    "FKCFFGAKGMG": 1.5572048339744242e+28
  },
  "57": {
    "DALAFGBBJOA": 5.311544325245448e-33,
    "FKCFFGAKGMG": -1.9972938763995054e-25
  },
  "-34": {
    "BMPDNFKLCCG": 1.485557847734292e-34
  },
  "-104874": {
    "DALAFGBBJOA": 300.5456848144531,
    "FKCFFGAKGMG": 4198.28759765625
  }
}