{
  "-1701": {
    "autoChangeStep": 34
  },
  "2637": {
    "radius": 2929607424.0,
    "EKPBNOMGLOM": true
  },
  "28": {
    "autoChangeStep": 2637,
    "EKPBNOMGLOM": true
  },
  "-34": {
    "radius": 1.4828138031090913e-34,
    "EKPBNOMGLOM": true
  },
  "-2": {
    "autoChangeStep": -35
  },
  "-4": {
    "autoChangeStep": -44,
    "radius": 6.851010508684627e-14,
    "EKPBNOMGLOM": true
  },
  "-22": {
    "radius": 10854.5673828125
  },
  "-565628": {
    "radius": 199960.640625
  },
  "-3750": {
    "autoChangeStep": -4,
    "EKPBNOMGLOM": true
  },
  "565642": {
    "radius": -2.523858111552175e-24
  },
  "46": {
    "autoChangeStep": -35,
    "radius": 7.742275920463726e-05,
    "EKPBNOMGLOM": true
  }
}