{
  "4684": {
    "PHKGONKNFMN": 6.251596616139014e+18,
    "cd": 1.1994315859530785e-13,
    "HKIIMFPGNKE": -2.5347899487615013e-24
  },
  "-37": {
    "PHKGONKNFMN": -734957824.0,
    "cd": -607055308128256.0,
    "HKIIMFPGNKE": 1247362.375
  },
  "19": {
    "cd": 6378.90087890625
  },
  "-4": {
    "PHKGONKNFMN": -2.5334248249650164e-24,
    "BKGABJGMFMN": 1.517633645972056e+28,
    "HKIIMFPGNKE": 1.487859015679271e-34
  },
  "-34": {
    "BKGABJGMFMN": 6.805304632026608e-16,
    "GEILKICNGOM": 1.4881720599267995e-34
  },
  "-70533048": {
    "BKGABJGMFMN": 2.787452777278099e-12,
    "GEILKICNGOM": 1.4881523152951255e-34
  },
  "6": {
    "cd": 1247338.625,
    "HKIIMFPGNKE": -3.8312253549796853e-29
  },
  "4455": {
    "HJNKKHHPLDO": 0,
    "PHKGONKNFMN": -2.521882606630275e-24,
    "cd": 4.056277651802664e-23
  },
  "0": {
    "cd": -2.1339561767506665e-16,
    "BKGABJGMFMN": 1247342.5
  },
  "-2": {
    "BKGABJGMFMN": 1247361.75
  }
}