{
  "-669413761": {},
  "0": {
    "FFAMKAMEGDC": 1.661548265448366e+35,
    "OBIJDDGCCDE": -2.793088883768552e-23,
    "GKNHAMJLBBH": 2.177510457373761e-14,
    "HGLCGKCOPAN": 2.302502959586051e+23,
    "DNLAPLMHJGM": 1.4844470974082611e-34
  },
  "-6951": {
    "DNLAPLMHJGM": 2.214206158601978e-34
  },
  "-34": {
    "FFAMKAMEGDC": 1.4844581176678e-34,
    "OBIJDDGCCDE": -634.9000244140625,
    "DNLAPLMHJGM": 135.5748291015625,
    "ONPHNACFAAA": 3367.300048828125
  },
  "-4": {
    "FFAMKAMEGDC": 2.1777999732351325e-14,
    "OBIJDDGCCDE": 6.155695360307737e-39,
    "DNLAPLMHJGM": 1.4844519187718094e-34,
    "ONPHNACFAAA": -668.7999877929688
  },
  "17": {
    "OBIJDDGCCDE": 2.302502959586051e+23,
    "ONPHNACFAAA": 1.484548116454035e-34,
    "MJKJNPEPECF": -279335,
    "OFEHAPFMBFM": true
  },
  "20": {
    "JKFBLJFOEIN": -34,
    "FFAMKAMEGDC": 3344.699951171875,
    "HGLCGKCOPAN": 1.1990470287598603e-15,
    "MFMMANDPNGD": 2.214206158601978e-34,
    "HKFCGDDBPHE": 36507496448.0,
    "PNGNELCMPFN": -35
  },
  "3312": {
    "OBIJDDGCCDE": 2.302502959586051e+23,
    "ONPHNACFAAA": 1.484594034202114e-34,
    "MJKJNPEPECF": -434983,
    "OFEHAPFMBFM": true
  },
  "16": {
    "JKFBLJFOEIN": 2594,
    "FFAMKAMEGDC": 4.540886422432777e-08,
    "HGLCGKCOPAN": 1.4844816505136906e-34,
    "DNLAPLMHJGM": -709.0
  }
}