{
  "15": {
    "JKFBLJFOEIN": 10,
    "MOEJHKGNDGB": true,
    "waitTime": 159.6201171875,
    "ICKEKCGOECL": true
  },
  "-4": {
    "MKDFKHFNEPL": -3.077903985977173,
    "NGCLKLNKDGB": 818407296.0,
    "waitTime": 1.482038826315888e-34
  },
  "-6701": {
    "MKDFKHFNEPL": 6.723368609035904e-20,
    "waitTime": 3.868268119017193e-12
  },
  "-35": {
    "ICKEKCGOECL": true,
    "HHEMBKCBMGM": 2584.079345703125
  },
  "-13": {
    "JKFBLJFOEIN": -35,
    "FFAMKAMEGDC": 3.0670144704503095e-26,
    "MKDFKHFNEPL": 6.723368609035904e-20,
    "NGCLKLNKDGB": 4.0089854991265383e-08,
    "waitTime": -1.3312581113346712e+31
  },
  "8": {
    "JKFBLJFOEIN": 255904,
    "MKDFKHFNEPL": 4.9574605327507015e-06,
    "ICKEKCGOECL": true
  },
  "1999": {
    "JKFBLJFOEIN": -41,
    "FFAMKAMEGDC": 1.4836196595878776e-34,
    "ICKEKCGOECL": true
  },
  "-565097": {
    "ICKEKCGOECL": true,
    "HHEMBKCBMGM": 2350.1162109375
  },
  "28": {
    "FFAMKAMEGDC": 6.723368609035904e-20,
    "MKDFKHFNEPL": 1.599704810642407e-38,
    "waitTime": -4.087894220668552e-25,
    "ICKEKCGOECL": true,
    "PIEHFLPMEIN": 6.723368609035904e-20,
    "HHEMBKCBMGM": 2.3844975787079853e-31
  },
  "45": {
    "NGCLKLNKDGB": 143911895040.0,
    "MOEJHKGNDGB": true
  }
}