{
  "0": {
    "ANLAAGAMIKF": -34,
    "NEICCFBCBDG": 1809.9617919921875
  },
  "-39": {
    "ANLAAGAMIKF": 0,
    "CELKDKBKALL": 5.872417128402902e-34
  },
  "-4": {
    "NEICCFBCBDG": 6.312682827266046e-39
  },
  "-2": {
    "ANLAAGAMIKF": 34,
    "CELKDKBKALL": 165.0,
    "OBJCDOLIFJE": 1825.6197509765625
  },
  "-563514": {
    "ANLAAGAMIKF": 4346,
    "CELKDKBKALL": 2.4643234793616233e-41,
    "NEICCFBCBDG": 3.1324784988129295e-09
  },
  "4401": {
    "ANLAAGAMIKF": 3,
    "CELKDKBKALL": 6.309721883610928e-39,
    "NEICCFBCBDG": 1.5832005258900414e+34
  },
  "-563091": {
    "ANLAAGAMIKF": 71769071,
    "CELKDKBKALL": 165.0,
    "NEICCFBCBDG": 1768.6673583984375
  }
}