{
  "HPEGJEDENFJ": 428.7914123535156,
  "FIDDICIOKHD": 417.41326904296875,
  "HOABHDEFLND": [
    {
      "configId": 108,
      "HKDNABCFHPL": 7091,
      "KOLAKKKHNJC": {
        "x": 417.41326904296875,
        "z": 3570.2265625
      }
    },
    {
      "configId": 90,
      "HKDNABCFHPL": 7154,
      "KOLAKKKHNJC": {
        "x": 417.41326904296875,
        "z": 3582.97998046875
      }
    },
    {
      "configId": 58,
      "HKDNABCFHPL": 6962,
      "KOLAKKKHNJC": {
        "x": 417.41326904296875,
        "z": 3588.06982421875
      }
    },
    {
      "configId": 68,
      "HKDNABCFHPL": 6919,
      "KOLAKKKHNJC": {
        "x": 417.41326904296875,
        "z": 3576.18359375
      }
    }
  ]
}