{
  "gadgetId": 0,
  "areaId": 0,
  "pos": {
    "z": 140738612428800.0
  },
  "maxSpringVolume": 11,
  "cutsceneList": [
    236817,
    8773,
    12,
    87,
    67,
    2,
    44
  ],
  "MCFKGFNDGHK": 8875,
  "dungeonIds": [
    1832,
    2629,
    19,
    87,
    67,
    123,
    127,
    8875,
    7,
    240344,
    15685,
    11113,
    67,
    15570,
    8876,
    7,
    60,
    1810,
    9157,
    72,
    85,
    67,
    2607,
    8877,
    7,
    102,
    1804,
    6981,
    40,
    85,
    67,
    559,
    8878,
    7,
    588,
    16,
    1618501,
    87,
    67,
    145461990,
    7,
    18,
    2276,
    14789,
    91,
    87,
    67,
    145462515,
    7,
    71,
    2721,
    15685,
    11578,
    67,
    109,
    1136420,
    7,
    350066,
    188990917,
    67,
    5508,
    8876,
    7,
    3,
    30,
    20,
    189387845,
    67,
    3913,
    8876,
    7
  ],
  "dungeonQuestConditionList": {
    "dungeonId": 1902
  },
  "size": {
    "x": 215.24000549316406,
    "z": 5477.4697265625
  }
}