{
  "15": {
    "HJNKKHHPLDO": 10,
    "AHGOBMFJJMP": true,
    "waitTime": 159.6201171875,
    "OCEDPFEEBBL": true
  },
  "-4": {
    "MFCBDNONNHK": -3.077903985977173,
    "JHGHMPIIJHI": 818407296.0,
    "waitTime": 1.482038826315888e-34
  },
  "-6701": {
    "MFCBDNONNHK": 6.723368609035904e-20,
    "waitTime": 3.868268119017193e-12
  },
  "-35": {
    "OCEDPFEEBBL": true,
    "MLHEPJCDLEH": 2584.079345703125
  },
  "-13": {
    "HJNKKHHPLDO": -35,
    "PHKGONKNFMN": 3.0670144704503095e-26,
    "MFCBDNONNHK": 6.723368609035904e-20,
    "JHGHMPIIJHI": 4.0089854991265383e-08,
    "waitTime": -1.3312581113346712e+31
  },
  "8": {
    "HJNKKHHPLDO": 255904,
    "MFCBDNONNHK": 4.9574605327507015e-06,
    "OCEDPFEEBBL": true
  },
  "1999": {
    "HJNKKHHPLDO": -41,
    "PHKGONKNFMN": 1.4836196595878776e-34,
    "OCEDPFEEBBL": true
  },
  "-565097": {
    "OCEDPFEEBBL": true,
    "MLHEPJCDLEH": 2350.1162109375
  },
  "28": {
    "PHKGONKNFMN": 6.723368609035904e-20,
    "MFCBDNONNHK": 1.599704810642407e-38,
    "waitTime": -4.087894220668552e-25,
    "OCEDPFEEBBL": true,
    "NHEPBIPHJDB": 6.723368609035904e-20,
    "MLHEPJCDLEH": 2.3844975787079853e-31
  },
  "45": {
    "JHGHMPIIJHI": 143911895040.0,
    "AHGOBMFJJMP": true
  }
}