{
  "0": {
    "JBGIGAHNNOD": -34,
    "NDLPJPOOMJJ": 3826.99169921875,
    "cd": -1.1912424392362989e-28,
    "DJJNFKPONOA": -140738645983232.0
  },
  "2": {
    "cd": 430.0
  },
  "5": {
    "JBGIGAHNNOD": 8087,
    "NDLPJPOOMJJ": 2.496273084348229e-41,
    "cd": -0.6025976538658142
  },
  "58": {
    "JBGIGAHNNOD": -4,
    "cd": 4779.2470703125
  },
  "-4332": {
    "NDLPJPOOMJJ": 1.4851820109662655e-34,
    "cd": 4780.6376953125,
    "FNCLIMDKAAC": 430.0,
    "KBEMOOJBNLC": 3856.43896484375
  },
  "-5": {
    "JBGIGAHNNOD": -35,
    "cd": -1.070694632157213e-28,
    "FNCLIMDKAAC": -140738645983232.0,
    "DJJNFKPONOA": 1.2183267894656984e+31,
    "KBEMOOJBNLC": -1.901757126711132e+30
  },
  "-4424": {},
  "-34": {
    "cd": 1.4852472141685376e-34,
    "FNCLIMDKAAC": 4773.1982421875,
    "DJJNFKPONOA": 430.0
  },
  "3542": {
    "FNCLIMDKAAC": 9.975783598740764e+24,
    "KBEMOOJBNLC": 2.496273084348229e-41
  }
}