{
  "0": {},
  "-4297": {
    "JBGIGAHNNOD": -4,
    "IEPEGGDJNPI": -1608.1256103515625
  },
  "-13": {
    "JBGIGAHNNOD": 4293,
    "NDLPJPOOMJJ": 3940.51611328125,
    "PEJBCEEJPMO": -0.0019356318516656756,
    "CBMGJAICFII": true
  },
  "57": {
    "NDLPJPOOMJJ": 6.107836909954535e-25,
    "EEGLHEMJLNC": 4.480368340218342e+28,
    "IEPEGGDJNPI": 1.0821898947582188e+37,
    "PEJBCEEJPMO": -8865129.0,
    "CBMGJAICFII": true
  },
  "-35": {
    "JBGIGAHNNOD": 28,
    "NDLPJPOOMJJ": 402905.46875,
    "EEGLHEMJLNC": 3.782479194446393e+27
  },
  "725280": {
    "NDLPJPOOMJJ": -1.5728102497360066e-38,
    "EEGLHEMJLNC": 4.475746360218268e-22,
    "IEPEGGDJNPI": -1.4318068952690055e-09,
    "AFOKMALKCGP": 1.0854766182579433e-14,
    "CBMGJAICFII": true
  },
  "53": {
    "JBGIGAHNNOD": -4,
    "EEGLHEMJLNC": -1704.0977783203125,
    "CBMGJAICFII": true
  },
  "22": {
    "JBGIGAHNNOD": -7096,
    "NDLPJPOOMJJ": 1.0420913760788238e-31,
    "IEPEGGDJNPI": 1651313664.0,
    "INBEOMPOJIN": true,
    "AEGLCOIBPEB": true
  },
  "-34": {
    "NDLPJPOOMJJ": 1.4854088446417757e-34,
    "IEPEGGDJNPI": -1721.7677001953125,
    "AFOKMALKCGP": 281.783935546875,
    "PEJBCEEJPMO": 3923.9794921875
  }
}