{
  "0": {
    "autoChangeStep": -34,
    "LEPMMIPFAMC": 1809.9617919921875
  },
  "-39": {
    "autoChangeStep": 0,
    "IGGCGNMDGAM": 5.872417128402902e-34
  },
  "-4": {
    "LEPMMIPFAMC": 6.312682827266046e-39
  },
  "-2": {
    "autoChangeStep": 34,
    "IGGCGNMDGAM": 165.0,
    "KBDIJHALKHO": 1825.6197509765625
  },
  "-563514": {
    "autoChangeStep": 4346,
    "IGGCGNMDGAM": 2.4643234793616233e-41,
    "LEPMMIPFAMC": 3.1324784988129295e-09
  },
  "4401": {
    "autoChangeStep": 3,
    "IGGCGNMDGAM": 6.309721883610928e-39,
    "LEPMMIPFAMC": 1.5832005258900414e+34
  },
  "-563091": {
    "autoChangeStep": 71769071,
    "IGGCGNMDGAM": 165.0,
    "LEPMMIPFAMC": 1768.6673583984375
  }
}