{
  "0": {
    "FEHLGBBFKMP": -34,
    "FKCFFGAKGMG": 3826.99169921875,
    "cd": -1.1912424392362989e-28,
    "NCPFPAEMAHH": -140738645983232.0
  },
  "2": {
    "cd": 430.0
  },
  "5": {
    "FEHLGBBFKMP": 8087,
    "FKCFFGAKGMG": 2.496273084348229e-41,
    "cd": -0.6025976538658142
  },
  "58": {
    "FEHLGBBFKMP": -4,
    "cd": 4779.2470703125
  },
  "-4332": {
    "FKCFFGAKGMG": 1.4851820109662655e-34,
    "cd": 4780.6376953125,
    "KNBCDEIIFAA": 430.0,
    "EAILKIIDLML": 3856.43896484375
  },
  "-5": {
    "FEHLGBBFKMP": -35,
    "cd": -1.070694632157213e-28,
    "KNBCDEIIFAA": -140738645983232.0,
    "NCPFPAEMAHH": 1.2183267894656984e+31,
    "EAILKIIDLML": -1.901757126711132e+30
  },
  "-4424": {},
  "-34": {
    "cd": 1.4852472141685376e-34,
    "KNBCDEIIFAA": 4773.1982421875,
    "NCPFPAEMAHH": 430.0
  },
  "3542": {
    "KNBCDEIIFAA": 9.975783598740764e+24,
    "EAILKIIDLML": 2.496273084348229e-41
  }
}