{
  "-70407345": {
    "BOJLFGLLKEG": 5.879143619318994e-34,
    "JEJBACNIMOE": 1.66465225665501e-19,
    "FFAMKAMEGDC": 3.348374920781365e+18
  },
  "-34": {},
  "5979": {
    "BOJLFGLLKEG": 1.1171696212349279e-16,
    "FFAMKAMEGDC": 3.348374920781365e+18
  },
  "-7": {
    "FFAMKAMEGDC": 1.70665121740042e+20
  },
  "24": {
    "BOJLFGLLKEG": 222.22605895996094,
    "FFAMKAMEGDC": 3543.971435546875
  },
  "-4": {},
  "-29": {
    "JEJBACNIMOE": 1.1199843161420822e+22,
    "FFAMKAMEGDC": -5.003539996634755e-21
  },
  "-24": {
    "BOJLFGLLKEG": 222.22605895996094,
    "FFAMKAMEGDC": 3782.227783203125
  },
  "-2430": {
    "BOJLFGLLKEG": 222.22605895996094,
    "FFAMKAMEGDC": 3795.2314453125
  },
  "-18": {
    "BOJLFGLLKEG": 3.348374920781365e+18,
    "JEJBACNIMOE": 1.6685378621339983e+25,
    "FFAMKAMEGDC": -1.1943757210734494e+36
  },
  "-14": {
    "BOJLFGLLKEG": 222.22605895996094,
    "FFAMKAMEGDC": 3604.953369140625
  }
}