{
  "-669413761": {},
  "0": {
    "NDLPJPOOMJJ": 1.661548265448366e+35,
    "LOKGGDMFIEJ": -2.793088883768552e-23,
    "OLKMIBDBAFA": 2.177510457373761e-14,
    "PABLENAMEIG": 2.302502959586051e+23,
    "EOCMCLCEPOD": 1.4844470974082611e-34
  },
  "-6951": {
    "EOCMCLCEPOD": 2.214206158601978e-34
  },
  "-34": {
    "NDLPJPOOMJJ": 1.4844581176678e-34,
    "LOKGGDMFIEJ": -634.9000244140625,
    "EOCMCLCEPOD": 135.5748291015625,
    "OOHBGHKIBOO": 3367.300048828125
  },
  "-4": {
    "NDLPJPOOMJJ": 2.1777999732351325e-14,
    "LOKGGDMFIEJ": 6.155695360307737e-39,
    "EOCMCLCEPOD": 1.4844519187718094e-34,
    "OOHBGHKIBOO": -668.7999877929688
  },
  "17": {
    "LOKGGDMFIEJ": 2.302502959586051e+23,
    "OOHBGHKIBOO": 1.484548116454035e-34,
    "EMCCPCKIPPF": -279335,
    "FOFIDPOFAMP": true
  },
  "20": {
    "JBGIGAHNNOD": -34,
    "NDLPJPOOMJJ": 3344.699951171875,
    "PABLENAMEIG": 1.1990470287598603e-15,
    "EMJMDFMCNOG": 2.214206158601978e-34,
    "DFLKLODONHG": 36507496448.0,
    "GJJDFNJBCBK": -35
  },
  "3312": {
    "LOKGGDMFIEJ": 2.302502959586051e+23,
    "OOHBGHKIBOO": 1.484594034202114e-34,
    "EMCCPCKIPPF": -434983,
    "FOFIDPOFAMP": true
  },
  "16": {
    "JBGIGAHNNOD": 2594,
    "NDLPJPOOMJJ": 4.540886422432777e-08,
    "PABLENAMEIG": 1.4844816505136906e-34,
    "EOCMCLCEPOD": -709.0
  }
}