{
  "0": {
    "autoChangeStep": -34,
    "maxFileNum": 3826.99169921875,
    "cd": -1.1912424392362989e-28,
    "PGJGKGCMONL": -140738645983232.0
  },
  "2": {
    "cd": 430.0
  },
  "5": {
    "autoChangeStep": 8087,
    "maxFileNum": 2.496273084348229e-41,
    "cd": -0.6025976538658142
  },
  "58": {
    "autoChangeStep": -4,
    "cd": 4779.2470703125
  },
  "-4332": {
    "maxFileNum": 1.4851820109662655e-34,
    "cd": 4780.6376953125,
    "HOLFPCJHPHP": 430.0,
    "NOOFNIGBEON": 3856.43896484375
  },
  "-5": {
    "autoChangeStep": -35,
    "cd": -1.070694632157213e-28,
    "HOLFPCJHPHP": -140738645983232.0,
    "PGJGKGCMONL": 1.2183267894656984e+31,
    "NOOFNIGBEON": -1.901757126711132e+30
  },
  "-4424": {},
  "-34": {
    "cd": 1.4852472141685376e-34,
    "HOLFPCJHPHP": 4773.1982421875,
    "PGJGKGCMONL": 430.0
  },
  "3542": {
    "HOLFPCJHPHP": 9.975783598740764e+24,
    "NOOFNIGBEON": 2.496273084348229e-41
  }
}