{
  "0": {},
  "-4297": {
    "JKFBLJFOEIN": -4,
    "GNPNMKCINBL": -1608.1256103515625
  },
  "-13": {
    "JKFBLJFOEIN": 4293,
    "FFAMKAMEGDC": 3940.51611328125,
    "BPFPPDJKIKI": -0.0019356318516656756,
    "FHMHGINAJCF": true
  },
  "57": {
    "FFAMKAMEGDC": 6.107836909954535e-25,
    "DIHKDJJINOM": 4.480368340218342e+28,
    "GNPNMKCINBL": 1.0821898947582188e+37,
    "BPFPPDJKIKI": -8865129.0,
    "FHMHGINAJCF": true
  },
  "-35": {
    "JKFBLJFOEIN": 28,
    "FFAMKAMEGDC": 402905.46875,
    "DIHKDJJINOM": 3.782479194446393e+27
  },
  "725280": {
    "FFAMKAMEGDC": -1.5728102497360066e-38,
    "DIHKDJJINOM": 4.475746360218268e-22,
    "GNPNMKCINBL": -1.4318068952690055e-09,
    "PDCBGHBNDMP": 1.0854766182579433e-14,
    "FHMHGINAJCF": true
  },
  "53": {
    "JKFBLJFOEIN": -4,
    "DIHKDJJINOM": -1704.0977783203125,
    "FHMHGINAJCF": true
  },
  "22": {
    "JKFBLJFOEIN": -7096,
    "FFAMKAMEGDC": 1.0420913760788238e-31,
    "GNPNMKCINBL": 1651313664.0,
    "CBDBMMHNNGK": true,
    "BPLDHCJLAAD": true
  },
  "-34": {
    "FFAMKAMEGDC": 1.4854088446417757e-34,
    "GNPNMKCINBL": -1721.7677001953125,
    "PDCBGHBNDMP": 281.783935546875,
    "BPFPPDJKIKI": 3923.9794921875
  }
}