{
  "15": {
    "JBGIGAHNNOD": 10,
    "CLHGMPABOIE": true,
    "waitTime": 159.6201171875,
    "CGCLAJFIMKM": true
  },
  "-4": {
    "NKILAPIDEHI": -3.077903985977173,
    "JCGLEIHAIDJ": 818407296.0,
    "waitTime": 1.482038826315888e-34
  },
  "-6701": {
    "NKILAPIDEHI": 6.723368609035904e-20,
    "waitTime": 3.868268119017193e-12
  },
  "-35": {
    "CGCLAJFIMKM": true,
    "FJAFGKNEJFJ": 2584.079345703125
  },
  "-13": {
    "JBGIGAHNNOD": -35,
    "NDLPJPOOMJJ": 3.0670144704503095e-26,
    "NKILAPIDEHI": 6.723368609035904e-20,
    "JCGLEIHAIDJ": 4.0089854991265383e-08,
    "waitTime": -1.3312581113346712e+31
  },
  "8": {
    "JBGIGAHNNOD": 255904,
    "NKILAPIDEHI": 4.9574605327507015e-06,
    "CGCLAJFIMKM": true
  },
  "1999": {
    "JBGIGAHNNOD": -41,
    "NDLPJPOOMJJ": 1.4836196595878776e-34,
    "CGCLAJFIMKM": true
  },
  "-565097": {
    "CGCLAJFIMKM": true,
    "FJAFGKNEJFJ": 2350.1162109375
  },
  "28": {
    "NDLPJPOOMJJ": 6.723368609035904e-20,
    "NKILAPIDEHI": 1.599704810642407e-38,
    "waitTime": -4.087894220668552e-25,
    "CGCLAJFIMKM": true,
    "ECBPBIHCOGL": 6.723368609035904e-20,
    "FJAFGKNEJFJ": 2.3844975787079853e-31
  },
  "45": {
    "JCGLEIHAIDJ": 143911895040.0,
    "CLHGMPABOIE": true
  }
}