{
  "0": {
    "CELKDKBKALL": -1.7949906132099244e+38,
    "OBJCDOLIFJE": 0.0003762289707083255
  },
  "-4297": {},
  "-41": {
    "ANLAAGAMIKF": -34,
    "CELKDKBKALL": 4736.89599609375,
    "NEICCFBCBDG": 7.183719158172607
  },
  "-4835": {
    "NEICCFBCBDG": 4.012084934337419e+34,
    "OBJCDOLIFJE": 1.79030702591976e-21
  },
  "23": {
    "ANLAAGAMIKF": -547,
    "CELKDKBKALL": -9.193360947126938e-36,
    "NEICCFBCBDG": 1.4863875814420795e-34,
    "OBJCDOLIFJE": -3041.964111328125
  },
  "70316454": {
    "ANLAAGAMIKF": 566459,
    "CELKDKBKALL": 8.985405293060467e-05,
    "OBJCDOLIFJE": -2.518288267949912e-37
  },
  "-34": {
    "CELKDKBKALL": 1.4863783978924637e-34,
    "NEICCFBCBDG": -2955.68994140625
  },
  "70274970": {
    "ANLAAGAMIKF": 566554,
    "OBJCDOLIFJE": 0.003471137722954154
  },
  "-788387": {
    "ANLAAGAMIKF": -34,
    "NEICCFBCBDG": 4776.92529296875
  },
  "-4": {
    "CELKDKBKALL": 6311.62646484375,
    "NEICCFBCBDG": -1.778215352743473e-10,
    "OBJCDOLIFJE": 1.4864551953261258e-34
  },
  "-5": {
    "OBJCDOLIFJE": -22.4713077545166
  },
  "-4290": {
    "ANLAAGAMIKF": 566582,
    "CELKDKBKALL": 5.779788494110107
  },
  "-4451": {
    "ANLAAGAMIKF": 4290,
    "CELKDKBKALL": 4753.83984375
  }
}