{
  "0": {},
  "-4297": {
    "ANLAAGAMIKF": -4,
    "EIEAFEBEHKO": -1608.1256103515625
  },
  "-13": {
    "ANLAAGAMIKF": 4293,
    "NBENNEKDIIA": 3940.51611328125,
    "BMIEPFCPFGN": -0.0019356318516656756,
    "FEJMHENNBFA": true
  },
  "57": {
    "NBENNEKDIIA": 6.107836909954535e-25,
    "MMGOBGGLBJO": 4.480368340218342e+28,
    "EIEAFEBEHKO": 1.0821898947582188e+37,
    "BMIEPFCPFGN": -8865129.0,
    "FEJMHENNBFA": true
  },
  "-35": {
    "ANLAAGAMIKF": 28,
    "NBENNEKDIIA": 402905.46875,
    "MMGOBGGLBJO": 3.782479194446393e+27
  },
  "725280": {
    "NBENNEKDIIA": -1.5728102497360066e-38,
    "MMGOBGGLBJO": 4.475746360218268e-22,
    "EIEAFEBEHKO": -1.4318068952690055e-09,
    "KAIGBDPLNMO": 1.0854766182579433e-14,
    "FEJMHENNBFA": true
  },
  "53": {
    "ANLAAGAMIKF": -4,
    "MMGOBGGLBJO": -1704.0977783203125,
    "FEJMHENNBFA": true
  },
  "22": {
    "ANLAAGAMIKF": -7096,
    "NBENNEKDIIA": 1.0420913760788238e-31,
    "EIEAFEBEHKO": 1651313664.0,
    "IAGJBJHKMBF": true,
    "MFDBPLFNAKH": true
  },
  "-34": {
    "NBENNEKDIIA": 1.4854088446417757e-34,
    "EIEAFEBEHKO": -1721.7677001953125,
    "KAIGBDPLNMO": 281.783935546875,
    "BMIEPFCPFGN": 3923.9794921875
  }
}