{
  "gadgetId": 113,
  "areaId": -553551,
  "ANMJLICEGLD": 16206,
  "isActive": true,
  "FENCCKGCACI": [
    {
      "x": 2760.2822265625,
      "y": 390.99066162109375,
      "z": 3857.3232421875
    },
    {
      "x": 2747.0234375,
      "y": 390.99066162109375,
      "z": 3836.06982421875
    },
    {
      "x": 2765.79931640625,
      "y": 390.99066162109375,
      "z": 3823.66259765625
    },
    {
      "x": 2779.9462890625,
      "y": 390.99066162109375,
      "z": 3844.8251953125
    }
  ]
}