{
    "-996909331": {},
    "0": {
        "HNJFJDKGJBF": -6.376719490563864e+23,
        "HEHOGGLNPBG": -5.947463640676492e+25,
        "LEJFHCBCDEG": 6.025360228190649e-31,
        "PHFIMIHOBGN": 2.954863338124764e-34
    },
    "-4475": {
        "BKDFLKPBLJH": 34,
        "cd": 275.9562072753906,
        "HEHOGGLNPBG": -1188.0467529296875,
        "PHFIMIHOBGN": 4.686634500335897e+34
    },
    "34": {},
    "-54": {
        "HNJFJDKGJBF": -1.5829693707840819e-15,
        "cd": 196639.0625
    },
    "13": {
        "cd": 200.50991821289062
    },
    "-11": {
        "BKDFLKPBLJH": -61706,
        "HEHOGGLNPBG": 578.5745239257812
    },
    "451": {
        "HEHOGGLNPBG": 11243.0654296875
    },
    "482": {},
    "-49": {
        "HNJFJDKGJBF": -4.0350399006100027e-28,
        "cd": -8.476071330250784e+29,
        "LEJFHCBCDEG": -2.1502428913443346e+33,
        "PHFIMIHOBGN": -1.1723880630259052e-17
    },
    "-4293": {
        "HNJFJDKGJBF": 2.943982438951225e-34,
        "cd": 1415.5645751953125,
        "LEJFHCBCDEG": 261.92535400390625,
        "PHFIMIHOBGN": -345.35003662109375
    }
}