{
  "0": {},
  "-4297": {
    "HJNKKHHPLDO": -4,
    "OAHLHFGAKIE": -1608.1256103515625
  },
  "-13": {
    "HJNKKHHPLDO": 4293,
    "PHKGONKNFMN": 3940.51611328125,
    "AGAFGLKNEFB": -0.0019356318516656756,
    "CHOMONHHHHN": true
  },
  "57": {
    "PHKGONKNFMN": 6.107836909954535e-25,
    "DGOOKJKBEFE": 4.480368340218342e+28,
    "OAHLHFGAKIE": 1.0821898947582188e+37,
    "AGAFGLKNEFB": -8865129.0,
    "CHOMONHHHHN": true
  },
  "-35": {
    "HJNKKHHPLDO": 28,
    "PHKGONKNFMN": 402905.46875,
    "DGOOKJKBEFE": 3.782479194446393e+27
  },
  "725280": {
    "PHKGONKNFMN": -1.5728102497360066e-38,
    "DGOOKJKBEFE": 4.475746360218268e-22,
    "OAHLHFGAKIE": -1.4318068952690055e-09,
    "DDJAMHOBKDG": 1.0854766182579433e-14,
    "CHOMONHHHHN": true
  },
  "53": {
    "HJNKKHHPLDO": -4,
    "DGOOKJKBEFE": -1704.0977783203125,
    "CHOMONHHHHN": true
  },
  "22": {
    "HJNKKHHPLDO": -7096,
    "PHKGONKNFMN": 1.0420913760788238e-31,
    "OAHLHFGAKIE": 1651313664.0,
    "FPIPKNBGAHF": true,
    "DGBMJPGLKOA": true
  },
  "-34": {
    "PHKGONKNFMN": 1.4854088446417757e-34,
    "OAHLHFGAKIE": -1721.7677001953125,
    "DDJAMHOBKDG": 281.783935546875,
    "AGAFGLKNEFB": 3923.9794921875
  }
}