{
  "0": {
    "FEHLGBBFKMP": -34,
    "HEDAGCFGOJN": 1959.909423828125
  },
  "-56": {
    "FEHLGBBFKMP": 0,
    "FKCFFGAKGMG": 3.7604534480545306e-32,
    "HEDAGCFGOJN": -0.0301904808729887
  },
  "34": {
    "FEHLGBBFKMP": 71824686,
    "FKCFFGAKGMG": 193.0,
    "IJGLJBBGDPM": 1921.6614990234375
  },
  "-4": {
    "IJGLJBBGDPM": 6.314438654241845e-39,
    "PKHHBLBDIEO": -1.373977217859584e+16,
    "HEDAGCFGOJN": 1.4817058078479451e-34
  },
  "21": {
    "FEHLGBBFKMP": 0,
    "FKCFFGAKGMG": 1.4407195351943312e+22,
    "MMNNPNPFPDH": 1.4816698772100733e-34,
    "HEDAGCFGOJN": 1564.55517578125,
    "KCFNEINHHPO": 193.0
  },
  "25": {
    "FKCFFGAKGMG": -182.78135681152344,
    "PHKLLOFFPIE": 8.000064849853516
  },
  "-34": {},
  "31": {
    "MMNNPNPFPDH": -45.88479232788086,
    "PKHHBLBDIEO": 8.000064849853516,
    "HEDAGCFGOJN": -5.8998314247387485e+28
  }
}