{
  "0": {
    "HJNKKHHPLDO": -34,
    "PHKGONKNFMN": 3826.99169921875,
    "cd": -1.1912424392362989e-28,
    "GEILKICNGOM": -140738645983232.0
  },
  "2": {
    "cd": 430.0
  },
  "5": {
    "HJNKKHHPLDO": 8087,
    "PHKGONKNFMN": 2.496273084348229e-41,
    "cd": -0.6025976538658142
  },
  "58": {
    "HJNKKHHPLDO": -4,
    "cd": 4779.2470703125
  },
  "-4332": {
    "PHKGONKNFMN": 1.4851820109662655e-34,
    "cd": 4780.6376953125,
    "BKGABJGMFMN": 430.0,
    "HKIIMFPGNKE": 3856.43896484375
  },
  "-5": {
    "HJNKKHHPLDO": -35,
    "cd": -1.070694632157213e-28,
    "BKGABJGMFMN": -140738645983232.0,
    "GEILKICNGOM": 1.2183267894656984e+31,
    "HKIIMFPGNKE": -1.901757126711132e+30
  },
  "-4424": {},
  "-34": {
    "cd": 1.4852472141685376e-34,
    "BKGABJGMFMN": 4773.1982421875,
    "GEILKICNGOM": 430.0
  },
  "3542": {
    "BKGABJGMFMN": 9.975783598740764e+24,
    "HKIIMFPGNKE": 2.496273084348229e-41
  }
}