{
  "12": {
    "upOffset": -107612640.0,
    "downOffset": 1.0514351565948996e-34,
    "downScale": -1662.249755859375
  },
  "2041421": {
    "downOffset": 8067.314453125
  },
  "7": {
    "upOffset": -412745632.0,
    "upScale": 8.236865499468154e-20
  },
  "27": {
    "upScale": -9.759743781269491e-19,
    "downScale": -107882128.0
  },
  "124": {
    "downOffset": 8038.9169921875
  },
  "36": {
    "downOffset": -107882152.0,
    "upScale": 4.258883523399647e+19,
    "downScale": -2.933272780235927e-17
  },
  "11": {
    "upOffset": 8.50721585463765e+36,
    "downOffset": -6.874438504124714e+34,
    "upScale": 1.927188882098957e+32,
    "downScale": -107882104.0
  },
  "20": {
    "downOffset": 2.3748323891656107e-36,
    "downScale": -107882112.0
  }
}