{
    "yMax": 700.0,
    "yMin": 445.0,
    "vertices": [
        {
            "x": 3132.36376953125,
            "y": 445.0,
            "z": 6210.509765625
        },
        {
            "x": 3136.90185546875,
            "y": 445.0,
            "z": 5001.779296875
        },
        {
            "x": 1978.87646484375,
            "y": 445.0,
            "z": 5011.94775390625
        },
        {
            "x": 1929.65673828125,
            "y": 445.0,
            "z": 6125.4111328125
        }
    ]
}