{
    "15": {
        "BKDFLKPBLJH": 10,
        "MHAOJJGCPKF": true,
        "waitTime": 159.6201171875,
        "MBFMGLDCBHN": true
    },
    "-4": {
        "KMACMDBMMKN": -3.077903985977173,
        "BGGDCNKFCKL": 818407296.0,
        "waitTime": 1.482038826315888e-34
    },
    "-6701": {
        "KMACMDBMMKN": 6.723368609035904e-20,
        "waitTime": 3.868268119017193e-12
    },
    "-35": {
        "MBFMGLDCBHN": true,
        "CGKIINLILEF": 2584.079345703125
    },
    "-13": {
        "BKDFLKPBLJH": -35,
        "HNJFJDKGJBF": 3.0670144704503095e-26,
        "KMACMDBMMKN": 6.723368609035904e-20,
        "BGGDCNKFCKL": 4.0089854991265383e-08,
        "waitTime": -1.3312581113346712e+31
    },
    "8": {
        "BKDFLKPBLJH": 255904,
        "KMACMDBMMKN": 4.9574605327507015e-06,
        "MBFMGLDCBHN": true
    },
    "1999": {
        "BKDFLKPBLJH": -41,
        "HNJFJDKGJBF": 1.4836196595878776e-34,
        "MBFMGLDCBHN": true
    },
    "-565097": {
        "MBFMGLDCBHN": true,
        "CGKIINLILEF": 2350.1162109375
    },
    "28": {
        "HNJFJDKGJBF": 6.723368609035904e-20,
        "KMACMDBMMKN": 1.599704810642407e-38,
        "waitTime": -4.087894220668552e-25,
        "MBFMGLDCBHN": true,
        "GBMMDGPPNEE": 6.723368609035904e-20,
        "CGKIINLILEF": 2.3844975787079853e-31
    },
    "45": {
        "BGGDCNKFCKL": 143911895040.0,
        "MHAOJJGCPKF": true
    }
}