{
    "yMax": 700.0,
    "yMin": 445.0,
    "vertices": [
        {
            "x": 3126.15673828125,
            "y": 445.0,
            "z": 4125.23828125
        },
        {
            "x": 2061.55908203125,
            "y": 445.0,
            "z": 4180.3544921875
        },
        {
            "x": 2128.3076171875,
            "y": 445.0,
            "z": 3043.611328125
        },
        {
            "x": 3129.857421875,
            "y": 445.0,
            "z": 3014.170166015625
        }
    ]
}