{
    "yMax": 700.0,
    "yMin": 445.0,
    "vertices": [
        {
            "x": 1949.6728515625,
            "y": 445.0,
            "z": 3987.62451171875
        },
        {
            "x": 1908.19921875,
            "y": 445.0,
            "z": 5285.33447265625
        },
        {
            "x": 3112.309814453125,
            "y": 445.0,
            "z": 5257.46435546875
        },
        {
            "x": 3148.3251953125,
            "y": 445.0,
            "z": 3981.25048828125
        }
    ]
}