{
  "2095": {},
  "33": {
    "FKCFFGAKGMG": 1.489975479482602e-34
  },
  "0": {
    "FKCFFGAKGMG": 5.190652974417511e-31
  },
  "15": {
    "FKCFFGAKGMG": 2097201.0
  },
  "72202175": {},
  "37": {
    "FKCFFGAKGMG": 9047.9833984375
  },
  "-4": {
    "FKCFFGAKGMG": 1.8083760886007157e-38
  },
  "-563952": {},
  "35": {
    "FEHLGBBFKMP": 408,
    "FKCFFGAKGMG": 7.064225818354268e-41
  }
}