{
    "yMax": 467.2237243652344,
    "yMin": 340.1937255859375,
    "vertices": [
        {
            "x": 3698.5029296875,
            "y": 340.1937255859375,
            "z": 3274.78759765625
        },
        {
            "x": 3704.21240234375,
            "y": 340.1937255859375,
            "z": 3068.0966796875
        },
        {
            "x": 3897.10546875,
            "y": 340.1937255859375,
            "z": 3081.18798828125
        },
        {
            "x": 3890.24755859375,
            "y": 340.1937255859375,
            "z": 3278.20751953125
        }
    ]
}