{
  "0": {
    "ANLAAGAMIKF": 34,
    "EMNPEHPCDLB": 2
  },
  "-49": {
    "cd": 644.0,
    "CMDFDIPMGKI": -8
  },
  "-4": {
    "triggerDistance": 6.30677074904506e-39,
    "MMGOBGGLBJO": 1.6612764550269987e-19,
    "CMDFDIPMGKI": 565399
  },
  "2003": {
    "triggerDistance": 644.0,
    "EMNPEHPCDLB": 4947,
    "JIHEPOLDBPI": 1.5901115269608333e-36,
    "ACJJECEFDPM": 6.312092880612566e-39
  },
  "15": {
    "ANLAAGAMIKF": -4,
    "NBENNEKDIIA": 1541.7735595703125,
    "cd": 644.0,
    "triggerDistance": 4587.41796875,
    "KAIGBDPLNMO": -3548.751708984375,
    "JIHEPOLDBPI": 4.336843845118051e-19,
    "ACJJECEFDPM": -8.339779808394702e-29
  },
  "-35": {
    "ANLAAGAMIKF": 1,
    "NBENNEKDIIA": 6.319822442941781e-39,
    "cd": -6.256651908170018e-39
  },
  "-566594": {
    "ANLAAGAMIKF": 47,
    "NBENNEKDIIA": 6.325207632940181e-39,
    "cd": 2.4279582590812366e+29
  },
  "18": {
    "cd": -7.459689442845248e+25,
    "MMGOBGGLBJO": 4.336843845118051e-19,
    "KAIGBDPLNMO": -1.980328437519561e-29,
    "JIHEPOLDBPI": 3.7406506511627773e+24,
    "ACJJECEFDPM": 2.472310880608275e-41
  },
  "-17": {
    "cd": 4458.5126953125,
    "CMDFDIPMGKI": -4
  },
  "6410": {
    "ANLAAGAMIKF": 0,
    "triggerDistance": -2.4279582590812366e+29,
    "EMNPEHPCDLB": -32,
    "CMDFDIPMGKI": -4420,
    "JIHEPOLDBPI": -9.286787645420245e+20,
    "ACJJECEFDPM": 4.336843845118051e-19
  },
  "34": {
    "EMNPEHPCDLB": 4418,
    "CMDFDIPMGKI": -4,
    "KAIGBDPLNMO": 1699.0986328125,
    "JIHEPOLDBPI": 644.0,
    "DHHPBOKJCOH": 4171.3740234375
  }
}