{
  "0": {
    "autoChangeStep": 34,
    "DFOENAEFIHA": 2
  },
  "-49": {
    "cd": 644.0,
    "ELJCMKFHGCC": -8
  },
  "-4": {
    "triggerDistance": 6.30677074904506e-39,
    "BECAHMJJGFB": 1.6612764550269987e-19,
    "ELJCMKFHGCC": 565399
  },
  "2003": {
    "triggerDistance": 644.0,
    "DFOENAEFIHA": 4947,
    "PDGCFCMNOAJ": 1.5901115269608333e-36,
    "DAKEGKLHNGB": 6.312092880612566e-39
  },
  "15": {
    "autoChangeStep": -4,
    "maxFileNum": 1541.7735595703125,
    "cd": 644.0,
    "triggerDistance": 4587.41796875,
    "MDJFBGIGOPL": -3548.751708984375,
    "PDGCFCMNOAJ": 4.336843845118051e-19,
    "DAKEGKLHNGB": -8.339779808394702e-29
  },
  "-35": {
    "autoChangeStep": 1,
    "maxFileNum": 6.319822442941781e-39,
    "cd": -6.256651908170018e-39
  },
  "-566594": {
    "autoChangeStep": 47,
    "maxFileNum": 6.325207632940181e-39,
    "cd": 2.4279582590812366e+29
  },
  "18": {
    "cd": -7.459689442845248e+25,
    "BECAHMJJGFB": 4.336843845118051e-19,
    "MDJFBGIGOPL": -1.980328437519561e-29,
    "PDGCFCMNOAJ": 3.7406506511627773e+24,
    "DAKEGKLHNGB": 2.472310880608275e-41
  },
  "-17": {
    "cd": 4458.5126953125,
    "ELJCMKFHGCC": -4
  },
  "6410": {
    "autoChangeStep": 0,
    "triggerDistance": -2.4279582590812366e+29,
    "DFOENAEFIHA": -32,
    "ELJCMKFHGCC": -4420,
    "PDGCFCMNOAJ": -9.286787645420245e+20,
    "DAKEGKLHNGB": 4.336843845118051e-19
  },
  "34": {
    "DFOENAEFIHA": 4418,
    "ELJCMKFHGCC": -4,
    "MDJFBGIGOPL": 1699.0986328125,
    "PDGCFCMNOAJ": 644.0,
    "JFKGGHEFKIO": 4171.3740234375
  }
}