{
  "0": {
    "HJNKKHHPLDO": 34,
    "EBLDBAMLJMA": 2
  },
  "-49": {
    "cd": 644.0,
    "LMEIBADNGOK": -8
  },
  "-4": {
    "triggerDistance": 6.30677074904506e-39,
    "DGOOKJKBEFE": 1.6612764550269987e-19,
    "LMEIBADNGOK": 565399
  },
  "2003": {
    "triggerDistance": 644.0,
    "EBLDBAMLJMA": 4947,
    "HNMLAMGDLMC": 1.5901115269608333e-36,
    "HJOLAFELMBC": 6.312092880612566e-39
  },
  "15": {
    "HJNKKHHPLDO": -4,
    "PHKGONKNFMN": 1541.7735595703125,
    "cd": 644.0,
    "triggerDistance": 4587.41796875,
    "DDJAMHOBKDG": -3548.751708984375,
    "HNMLAMGDLMC": 4.336843845118051e-19,
    "HJOLAFELMBC": -8.339779808394702e-29
  },
  "-35": {
    "HJNKKHHPLDO": 1,
    "PHKGONKNFMN": 6.319822442941781e-39,
    "cd": -6.256651908170018e-39
  },
  "-566594": {
    "HJNKKHHPLDO": 47,
    "PHKGONKNFMN": 6.325207632940181e-39,
    "cd": 2.4279582590812366e+29
  },
  "18": {
    "cd": -7.459689442845248e+25,
    "DGOOKJKBEFE": 4.336843845118051e-19,
    "DDJAMHOBKDG": -1.980328437519561e-29,
    "HNMLAMGDLMC": 3.7406506511627773e+24,
    "HJOLAFELMBC": 2.472310880608275e-41
  },
  "-17": {
    "cd": 4458.5126953125,
    "LMEIBADNGOK": -4
  },
  "6410": {
    "HJNKKHHPLDO": 0,
    "triggerDistance": -2.4279582590812366e+29,
    "EBLDBAMLJMA": -32,
    "LMEIBADNGOK": -4420,
    "HNMLAMGDLMC": -9.286787645420245e+20,
    "HJOLAFELMBC": 4.336843845118051e-19
  },
  "34": {
    "EBLDBAMLJMA": 4418,
    "LMEIBADNGOK": -4,
    "DDJAMHOBKDG": 1699.0986328125,
    "HNMLAMGDLMC": 644.0,
    "DLHKBIHPOGC": 4171.3740234375
  }
}