{
  "0": {
    "JBGIGAHNNOD": 34,
    "ONFPKKBLMMH": 2
  },
  "-49": {
    "cd": 644.0,
    "KGEJMAFIHJF": -8
  },
  "-4": {
    "triggerDistance": 6.30677074904506e-39,
    "EEGLHEMJLNC": 1.6612764550269987e-19,
    "KGEJMAFIHJF": 565399
  },
  "2003": {
    "triggerDistance": 644.0,
    "ONFPKKBLMMH": 4947,
    "GHNNEBFCNIE": 1.5901115269608333e-36,
    "FAGIJIMHAGG": 6.312092880612566e-39
  },
  "15": {
    "JBGIGAHNNOD": -4,
    "NDLPJPOOMJJ": 1541.7735595703125,
    "cd": 644.0,
    "triggerDistance": 4587.41796875,
    "AFOKMALKCGP": -3548.751708984375,
    "GHNNEBFCNIE": 4.336843845118051e-19,
    "FAGIJIMHAGG": -8.339779808394702e-29
  },
  "-35": {
    "JBGIGAHNNOD": 1,
    "NDLPJPOOMJJ": 6.319822442941781e-39,
    "cd": -6.256651908170018e-39
  },
  "-566594": {
    "JBGIGAHNNOD": 47,
    "NDLPJPOOMJJ": 6.325207632940181e-39,
    "cd": 2.4279582590812366e+29
  },
  "18": {
    "cd": -7.459689442845248e+25,
    "EEGLHEMJLNC": 4.336843845118051e-19,
    "AFOKMALKCGP": -1.980328437519561e-29,
    "GHNNEBFCNIE": 3.7406506511627773e+24,
    "FAGIJIMHAGG": 2.472310880608275e-41
  },
  "-17": {
    "cd": 4458.5126953125,
    "KGEJMAFIHJF": -4
  },
  "6410": {
    "JBGIGAHNNOD": 0,
    "triggerDistance": -2.4279582590812366e+29,
    "ONFPKKBLMMH": -32,
    "KGEJMAFIHJF": -4420,
    "GHNNEBFCNIE": -9.286787645420245e+20,
    "FAGIJIMHAGG": 4.336843845118051e-19
  },
  "34": {
    "ONFPKKBLMMH": 4418,
    "KGEJMAFIHJF": -4,
    "AFOKMALKCGP": 1699.0986328125,
    "GHNNEBFCNIE": 644.0,
    "MKNCLLFDPPI": 4171.3740234375
  }
}