{
  "0": {
    "JKFBLJFOEIN": 34,
    "MBNKLGKBLJJ": 2
  },
  "-49": {
    "cd": 644.0,
    "BBHFCFNLGLI": -8
  },
  "-4": {
    "triggerDistance": 6.30677074904506e-39,
    "DIHKDJJINOM": 1.6612764550269987e-19,
    "BBHFCFNLGLI": 565399
  },
  "2003": {
    "triggerDistance": 644.0,
    "MBNKLGKBLJJ": 4947,
    "BNJFLBALDEI": 1.5901115269608333e-36,
    "IOJLPOKKAIC": 6.312092880612566e-39
  },
  "15": {
    "JKFBLJFOEIN": -4,
    "FFAMKAMEGDC": 1541.7735595703125,
    "cd": 644.0,
    "triggerDistance": 4587.41796875,
    "PDCBGHBNDMP": -3548.751708984375,
    "BNJFLBALDEI": 4.336843845118051e-19,
    "IOJLPOKKAIC": -8.339779808394702e-29
  },
  "-35": {
    "JKFBLJFOEIN": 1,
    "FFAMKAMEGDC": 6.319822442941781e-39,
    "cd": -6.256651908170018e-39
  },
  "-566594": {
    "JKFBLJFOEIN": 47,
    "FFAMKAMEGDC": 6.325207632940181e-39,
    "cd": 2.4279582590812366e+29
  },
  "18": {
    "cd": -7.459689442845248e+25,
    "DIHKDJJINOM": 4.336843845118051e-19,
    "PDCBGHBNDMP": -1.980328437519561e-29,
    "BNJFLBALDEI": 3.7406506511627773e+24,
    "IOJLPOKKAIC": 2.472310880608275e-41
  },
  "-17": {
    "cd": 4458.5126953125,
    "BBHFCFNLGLI": -4
  },
  "6410": {
    "JKFBLJFOEIN": 0,
    "triggerDistance": -2.4279582590812366e+29,
    "MBNKLGKBLJJ": -32,
    "BBHFCFNLGLI": -4420,
    "BNJFLBALDEI": -9.286787645420245e+20,
    "IOJLPOKKAIC": 4.336843845118051e-19
  },
  "34": {
    "MBNKLGKBLJJ": 4418,
    "BBHFCFNLGLI": -4,
    "PDCBGHBNDMP": 1699.0986328125,
    "BNJFLBALDEI": 644.0,
    "ENHNIMBJLFP": 4171.3740234375
  }
}