{
    "0": {
        "BKDFLKPBLJH": -34,
        "JHMJDJINNDC": 1809.9617919921875
    },
    "-39": {
        "BKDFLKPBLJH": 0,
        "JMJOEGHMGMP": 5.872417128402902e-34
    },
    "-4": {
        "JHMJDJINNDC": 6.312682827266046e-39
    },
    "-2": {
        "BKDFLKPBLJH": 34,
        "JMJOEGHMGMP": 165.0,
        "CFDFBDCEOFD": 1825.6197509765625
    },
    "-563514": {
        "BKDFLKPBLJH": 4346,
        "JMJOEGHMGMP": 2.4643234793616233e-41,
        "JHMJDJINNDC": 3.1324784988129295e-09
    },
    "4401": {
        "BKDFLKPBLJH": 3,
        "JMJOEGHMGMP": 6.309721883610928e-39,
        "JHMJDJINNDC": 1.5832005258900414e+34
    },
    "-563091": {
        "BKDFLKPBLJH": 71769071,
        "JMJOEGHMGMP": 165.0,
        "JHMJDJINNDC": 1768.6673583984375
    }
}