{
    "CLBJAOMALGN": 428.7914123535156,
    "GDNOOPJCEAE": 417.41326904296875,
    "LMCMLKOHDBN": [
        {
            "BCGHGFKKLOO": 108,
            "HACIEJDADKM": 7091,
            "EGBMEKLKNKN": {
                "x": 417.41326904296875,
                "z": 3570.2265625
            }
        },
        {
            "BCGHGFKKLOO": 90,
            "HACIEJDADKM": 7154,
            "EGBMEKLKNKN": {
                "x": 417.41326904296875,
                "z": 3582.97998046875
            }
        },
        {
            "BCGHGFKKLOO": 58,
            "HACIEJDADKM": 6962,
            "EGBMEKLKNKN": {
                "x": 417.41326904296875,
                "z": 3588.06982421875
            }
        },
        {
            "BCGHGFKKLOO": 68,
            "HACIEJDADKM": 6919,
            "EGBMEKLKNKN": {
                "x": 417.41326904296875,
                "z": 3576.18359375
            }
        }
    ]
}