{
    "JIFNNJAAIII": 428.7914123535156,
    "CJAJANNPKBD": 417.41326904296875,
    "ODNFAGLNOFB": [
        {
            "DOOMCGAGDLA": 108,
            "GNIELIFMACD": 7091,
            "LPFEAFBAPGC": {
                "x": 417.41326904296875,
                "z": 3570.2265625
            }
        },
        {
            "DOOMCGAGDLA": 90,
            "GNIELIFMACD": 7154,
            "LPFEAFBAPGC": {
                "x": 417.41326904296875,
                "z": 3582.97998046875
            }
        },
        {
            "DOOMCGAGDLA": 58,
            "GNIELIFMACD": 6962,
            "LPFEAFBAPGC": {
                "x": 417.41326904296875,
                "z": 3588.06982421875
            }
        },
        {
            "DOOMCGAGDLA": 68,
            "GNIELIFMACD": 6919,
            "LPFEAFBAPGC": {
                "x": 417.41326904296875,
                "z": 3576.18359375
            }
        }
    ]
}