{
    "yMax": 428.7914123535156,
    "yMin": 417.41326904296875,
    "vertices": [
        {
            "x": 2939.2138671875,
            "y": 417.41326904296875,
            "z": 3570.2265625
        },
        {
            "x": 2943.14697265625,
            "y": 417.41326904296875,
            "z": 3582.97998046875
        },
        {
            "x": 2923.13916015625,
            "y": 417.41326904296875,
            "z": 3588.06982421875
        },
        {
            "x": 2920.4541015625,
            "y": 417.41326904296875,
            "z": 3576.18359375
        }
    ]
}