{
    "yMax": 788.71337890625,
    "yMin": 445.0,
    "vertices": [
        {
            "x": 4225.216796875,
            "y": 445.0,
            "z": 4193.015625
        },
        {
            "x": 2983.9150390625,
            "y": 445.0,
            "z": 4180.8671875
        },
        {
            "x": 2959.716796875,
            "y": 445.0,
            "z": 3022.90966796875
        },
        {
            "x": 4225.18212890625,
            "y": 445.0,
            "z": 2960.7109375
        }
    ]
}