{
  "834661416": {},
  "0": {
    "DKJJFHOAIFM": 7.675696883646665e-12,
    "FKIBDOCMPMM": -0.011980046518146992
  },
  "-2": {
    "FEHLGBBFKMP": 33,
    "DKJJFHOAIFM": 592.838623046875,
    "BEBOIMPELLE": 0.003328742226585746,
    "FKIBDOCMPMM": -0.031733766198158264
  },
  "33": {
    "BEBOIMPELLE": 1.473927800500844e-34,
    "FKIBDOCMPMM": 643.124755859375
  },
  "48": {
    "DKJJFHOAIFM": -9.974116151427081e+26
  },
  "-4325": {
    "FEHLGBBFKMP": 14,
    "DKJJFHOAIFM": -200837.359375,
    "BEBOIMPELLE": 9.841615260499505e-27
  },
  "-52": {
    "DKJJFHOAIFM": -0.23733238875865936,
    "BEBOIMPELLE": -0.15162719786167145,
    "FKIBDOCMPMM": -3.2504905950932022e+22
  },
  "4302": {
    "FEHLGBBFKMP": 777584,
    "DKJJFHOAIFM": 1.2144088401555564e-08,
    "BEBOIMPELLE": -2.5014585613181924e-30
  },
  "-34": {
    "FEHLGBBFKMP": -28,
    "DKJJFHOAIFM": 49.10463333129883,
    "BEBOIMPELLE": -4.657123645301908e-05
  },
  "-51": {
    "FEHLGBBFKMP": 34
  }
}