{
  "834661416": {},
  "0": {
    "IEHAEJPAMEA": 7.675696883646665e-12,
    "EDEBBIIALDN": -0.011980046518146992
  },
  "-2": {
    "JKFBLJFOEIN": 33,
    "IEHAEJPAMEA": 592.838623046875,
    "KMLGKFNAPHF": 0.003328742226585746,
    "EDEBBIIALDN": -0.031733766198158264
  },
  "33": {
    "KMLGKFNAPHF": 1.473927800500844e-34,
    "EDEBBIIALDN": 643.124755859375
  },
  "48": {
    "IEHAEJPAMEA": -9.974116151427081e+26
  },
  "-4325": {
    "JKFBLJFOEIN": 14,
    "IEHAEJPAMEA": -200837.359375,
    "KMLGKFNAPHF": 9.841615260499505e-27
  },
  "-52": {
    "IEHAEJPAMEA": -0.23733238875865936,
    "KMLGKFNAPHF": -0.15162719786167145,
    "EDEBBIIALDN": -3.2504905950932022e+22
  },
  "4302": {
    "JKFBLJFOEIN": 777584,
    "IEHAEJPAMEA": 1.2144088401555564e-08,
    "KMLGKFNAPHF": -2.5014585613181924e-30
  },
  "-34": {
    "JKFBLJFOEIN": -28,
    "IEHAEJPAMEA": 49.10463333129883,
    "KMLGKFNAPHF": -4.657123645301908e-05
  },
  "-51": {
    "JKFBLJFOEIN": 34
  }
}