{
  "HPEGJEDENFJ": 1000.0,
  "FIDDICIOKHD": -500.0,
  "HOABHDEFLND": [
    {
      "configId": 0,
      "HKDNABCFHPL": 0,
      "KOLAKKKHNJC": {
        "y": -1.6615484635187723e+35,
        "z": -1.0339998012969905e-25
      }
    },
    {
      "KOLAKKKHNJC": {
        "x": -1200.0,
        "y": -500.0,
        "z": -1200.0
      }
    },
    {
      "configId": 0,
      "HKDNABCFHPL": 0,
      "KOLAKKKHNJC": {
        "y": -1.661573816530777e+35,
        "z": -4398148747264.0
      }
    },
    {
      "KOLAKKKHNJC": {
        "x": 1200.0,
        "y": -500.0,
        "z": 1700.0
      }
    }
  ]
}