{
  "834661416": {},
  "0": {
    "GGHHNNGOJNL": 7.675696883646665e-12,
    "NJGKBENKEBH": -0.011980046518146992
  },
  "-2": {
    "JBGIGAHNNOD": 33,
    "GGHHNNGOJNL": 592.838623046875,
    "LPIHEHPJDHB": 0.003328742226585746,
    "NJGKBENKEBH": -0.031733766198158264
  },
  "33": {
    "LPIHEHPJDHB": 1.473927800500844e-34,
    "NJGKBENKEBH": 643.124755859375
  },
  "48": {
    "GGHHNNGOJNL": -9.974116151427081e+26
  },
  "-4325": {
    "JBGIGAHNNOD": 14,
    "GGHHNNGOJNL": -200837.359375,
    "LPIHEHPJDHB": 9.841615260499505e-27
  },
  "-52": {
    "GGHHNNGOJNL": -0.23733238875865936,
    "LPIHEHPJDHB": -0.15162719786167145,
    "NJGKBENKEBH": -3.2504905950932022e+22
  },
  "4302": {
    "JBGIGAHNNOD": 777584,
    "GGHHNNGOJNL": 1.2144088401555564e-08,
    "LPIHEHPJDHB": -2.5014585613181924e-30
  },
  "-34": {
    "JBGIGAHNNOD": -28,
    "GGHHNNGOJNL": 49.10463333129883,
    "LPIHEHPJDHB": -4.657123645301908e-05
  },
  "-51": {
    "JBGIGAHNNOD": 34
  }
}