{
  "834661416": {},
  "0": {
    "IGGCGNMDGAM": 7.675696883646665e-12,
    "KBDIJHALKHO": -0.011980046518146992
  },
  "-2": {
    "autoChangeStep": 33,
    "IGGCGNMDGAM": 592.838623046875,
    "LEPMMIPFAMC": 0.003328742226585746,
    "KBDIJHALKHO": -0.031733766198158264
  },
  "33": {
    "LEPMMIPFAMC": 1.473927800500844e-34,
    "KBDIJHALKHO": 643.124755859375
  },
  "48": {
    "IGGCGNMDGAM": -9.974116151427081e+26
  },
  "-4325": {
    "autoChangeStep": 14,
    "IGGCGNMDGAM": -200837.359375,
    "LEPMMIPFAMC": 9.841615260499505e-27
  },
  "-52": {
    "IGGCGNMDGAM": -0.23733238875865936,
    "LEPMMIPFAMC": -0.15162719786167145,
    "KBDIJHALKHO": -3.2504905950932022e+22
  },
  "4302": {
    "autoChangeStep": 777584,
    "IGGCGNMDGAM": 1.2144088401555564e-08,
    "LEPMMIPFAMC": -2.5014585613181924e-30
  },
  "-34": {
    "autoChangeStep": -28,
    "IGGCGNMDGAM": 49.10463333129883,
    "LEPMMIPFAMC": -4.657123645301908e-05
  },
  "-51": {
    "autoChangeStep": 34
  }
}