{
  "834661416": {},
  "0": {
    "CELKDKBKALL": 7.675696883646665e-12,
    "OBJCDOLIFJE": -0.011980046518146992
  },
  "-2": {
    "ANLAAGAMIKF": 33,
    "CELKDKBKALL": 592.838623046875,
    "NEICCFBCBDG": 0.003328742226585746,
    "OBJCDOLIFJE": -0.031733766198158264
  },
  "33": {
    "NEICCFBCBDG": 1.473927800500844e-34,
    "OBJCDOLIFJE": 643.124755859375
  },
  "48": {
    "CELKDKBKALL": -9.974116151427081e+26
  },
  "-4325": {
    "ANLAAGAMIKF": 14,
    "CELKDKBKALL": -200837.359375,
    "NEICCFBCBDG": 9.841615260499505e-27
  },
  "-52": {
    "CELKDKBKALL": -0.23733238875865936,
    "NEICCFBCBDG": -0.15162719786167145,
    "OBJCDOLIFJE": -3.2504905950932022e+22
  },
  "4302": {
    "ANLAAGAMIKF": 777584,
    "CELKDKBKALL": 1.2144088401555564e-08,
    "NEICCFBCBDG": -2.5014585613181924e-30
  },
  "-34": {
    "ANLAAGAMIKF": -28,
    "CELKDKBKALL": 49.10463333129883,
    "NEICCFBCBDG": -4.657123645301908e-05
  },
  "-51": {
    "ANLAAGAMIKF": 34
  }
}