{
  "EIFPOJHDAGG": 1000.0,
  "OIFMFILEGEB": -500.0,
  "OBHDGGNAAAG": [
    {
      "configId": 0,
      "isFreshmanGuide": 0,
      "BDAPHBAEEFC": {
        "y": -1.6615484635187723e+35,
        "z": -1.0339998012969905e-25
      }
    },
    {
      "BDAPHBAEEFC": {
        "x": -1200.0,
        "y": -500.0,
        "z": -1200.0
      }
    },
    {
      "configId": 0,
      "isFreshmanGuide": 0,
      "BDAPHBAEEFC": {
        "y": -1.661573816530777e+35,
        "z": -4398148747264.0
      }
    },
    {
      "BDAPHBAEEFC": {
        "x": 1200.0,
        "y": -500.0,
        "z": 1700.0
      }
    }
  ]
}