{
  "834661416": {},
  "0": {
    "ELBABBBODCK": 7.675696883646665e-12,
    "OHIMAAHOION": -0.011980046518146992
  },
  "-2": {
    "HJNKKHHPLDO": 33,
    "ELBABBBODCK": 592.838623046875,
    "OHOGDHFKIAH": 0.003328742226585746,
    "OHIMAAHOION": -0.031733766198158264
  },
  "33": {
    "OHOGDHFKIAH": 1.473927800500844e-34,
    "OHIMAAHOION": 643.124755859375
  },
  "48": {
    "ELBABBBODCK": -9.974116151427081e+26
  },
  "-4325": {
    "HJNKKHHPLDO": 14,
    "ELBABBBODCK": -200837.359375,
    "OHOGDHFKIAH": 9.841615260499505e-27
  },
  "-52": {
    "ELBABBBODCK": -0.23733238875865936,
    "OHOGDHFKIAH": -0.15162719786167145,
    "OHIMAAHOION": -3.2504905950932022e+22
  },
  "4302": {
    "HJNKKHHPLDO": 777584,
    "ELBABBBODCK": 1.2144088401555564e-08,
    "OHOGDHFKIAH": -2.5014585613181924e-30
  },
  "-34": {
    "HJNKKHHPLDO": -28,
    "ELBABBBODCK": 49.10463333129883,
    "OHOGDHFKIAH": -4.657123645301908e-05
  },
  "-51": {
    "HJNKKHHPLDO": 34
  }
}