{
  "sceneId": 1,
  "routes": [
    {
      "localId": 150200010,
      "_name": "Platform_150200010",
      "type": "Loop",
      "_points": [
        {
          "_pos": {
            "x": -1355.5977783203125,
            "y": 66.9047622680664,
            "z": 8355.1181640625
          },
          "targetVelocity": 3.0
        },
        {
          "_pos": {
            "x": -1342.68310546875,
            "y": 67.08769989013672,
            "z": 8354.77734375
          },
          "targetVelocity": 3.0
        }
      ],
      "rotAngleType": "ROT_ANGLE_Y",
      "isSimulateTempRouteByTime": true,
      "_isUsePreStopMove": true,
      "_isSubWaitTimeFlag": true
    },
    {
      "localId": 150200012,
      "_name": "Platform_150200012",
      "type": "Loop",
      "_points": [
        {
          "_pos": {
            "x": -1263.577880859375,
            "y": 186.48841857910156,
            "z": 8761.9111328125
          },
          "targetVelocity": 3.0
        },
        {
          "_pos": {
            "x": -1258.40380859375,
            "y": 187.80995178222656,
            "z": 8763.138671875
          },
          "targetVelocity": 3.0
        }
      ],
      "rotAngleType": "ROT_ANGLE_Y",
      "isSimulateTempRouteByTime": true,
      "_isUsePreStopMove": true,
      "_isSubWaitTimeFlag": true
    }
  ]
}