{
  "sceneId": 51062,
  "routes": [
    {
      "localId": 1,
      "_name": "Route_001",
      "type": "Loop",
      "_points": [
        {
          "_pos": {
            "x": -11.010140419006348,
            "y": 0.8491659164428711,
            "z": -67.68961334228516
          },
          "targetVelocity": 2.0
        },
        {
          "_pos": {
            "x": 24.9637451171875,
            "y": 0.8491659164428711,
            "z": -65.41798400878906
          },
          "targetVelocity": 2.0
        }
      ],
      "rotAngleType": "ROT_ANGLE_Y",
      "isSimulateTempRouteByTime": true,
      "_isUsePreStopMove": true,
      "_isSubWaitTimeFlag": true
    }
  ]
}