{
  "sceneId": 7,
  "routes": [
    {
      "localId": 700200001,
      "_name": "Route_700200001",
      "_points": [
        {
          "_pos": {
            "x": 1348.2176513671875,
            "y": 251.23924255371094,
            "z": 702.7766723632812
          }
        },
        {
          "_pos": {
            "x": 1348.8134765625,
            "y": 249.6820526123047,
            "z": 702.5728759765625
          }
        }
      ],
      "rotAngleType": "ROT_ANGLE_Y"
    }
  ]
}