{
  "sceneId": 1062,
  "routes": [
    {
      "localId": 1,
      "_name": "Route_001",
      "type": "Loop",
      "_points": [
        {
          "_pos": {
            "x": 182.6999969482422,
            "y": -9.329999923706055,
            "z": -19.799999237060547
          },
          "waitTime": 1.0,
          "targetVelocity": 1.0
        },
        {
          "_pos": {
            "x": 182.6999969482422,
            "y": 3.859999895095825,
            "z": -19.799999237060547
          },
          "waitTime": 3.0,
          "targetVelocity": 3.0
        }
      ],
      "rotAngleType": "ROT_ANGLE_Y"
    }
  ]
}