{
  "sceneId": 20221,
  "routes": [
    {
      "localId": 1,
      "_name": "Route_001",
      "_points": [
        {
          "_pos": {
            "x": 645.5042114257812,
            "y": 193.7322998046875,
            "z": 285.593505859375
          },
          "targetVelocity": 4.0
        },
        {
          "_pos": {
            "x": 645.5042114257812,
            "y": 193.7322998046875,
            "z": 277.4639892578125
          },
          "waitTime": 3.0,
          "targetVelocity": 4.0
        },
        {
          "_pos": {
            "x": 645.5042114257812,
            "y": 193.7322998046875,
            "z": 285.593505859375
          },
          "targetVelocity": 2.0,
          "hasReachEvent": true,
          "reachStop": true
        }
      ],
      "rotAngleType": "ROT_ANGLE_Y",
      "isSimulateTempRouteByTime": true,
      "_isUsePreStopMove": true,
      "_isSubWaitTimeFlag": true
    },
    {
      "localId": 2,
      "_name": "Route_002",
      "_points": [
        {
          "_pos": {
            "x": 645.5042114257812,
            "y": 193.7322998046875,
            "z": 285.593505859375
          },
          "targetVelocity": 1.0
        }
      ],
      "rotAngleType": "ROT_ANGLE_Y",
      "isSimulateTempRouteByTime": true,
      "_isUsePreStopMove": true,
      "_isSubWaitTimeFlag": true
    }
  ]
}