{
  "sceneId": 20195,
  "routes": [
    {
      "localId": 1,
      "_name": "Route_001",
      "_points": [
        {
          "_pos": {
            "x": 755.3211059570312,
            "y": -56.949668884277344,
            "z": 326.20458984375
          },
          "targetVelocity": 4.0
        },
        {
          "_pos": {
            "x": 755.3211059570312,
            "y": -17.47479248046875,
            "z": 326.20458984375
          },
          "targetVelocity": 4.0
        }
      ],
      "rotAngleType": "ROT_ANGLE_Y",
      "isSimulateTempRouteByTime": true,
      "_isUsePreStopMove": true
    }
  ]
}