{
  "sceneId": 20118,
  "routes": [
    {
      "localId": 1,
      "_name": "Platform_001",
      "_points": [
        {
          "_pos": {
            "x": 3.055893898010254,
            "y": 54.6397590637207,
            "z": -73.6364517211914
          },
          "targetVelocity": 3.0,
          "hasReachEvent": true
        },
        {
          "_pos": {
            "x": 3.055893898010254,
            "y": 76.92049407958984,
            "z": -73.6364517211914
          },
          "targetVelocity": 3.0,
          "hasReachEvent": true,
          "reachStop": true
        }
      ],
      "rotAngleType": "ROT_ANGLE_Y"
    },
    {
      "localId": 2,
      "_name": "Platform_001",
      "_points": [
        {
          "_pos": {
            "x": 3.055893898010254,
            "y": 76.92048645019531,
            "z": -73.6364517211914
          },
          "targetVelocity": 3.0,
          "hasReachEvent": true
        },
        {
          "_pos": {
            "x": 3.055893898010254,
            "y": 54.6397590637207,
            "z": -73.6364517211914
          },
          "targetVelocity": 3.0,
          "hasReachEvent": true,
          "reachStop": true
        }
      ],
      "rotAngleType": "ROT_ANGLE_Y"
    }
  ]
}