{
  "sceneId": 20159,
  "routes": [
    {
      "localId": 5,
      "_name": "Platform_005",
      "type": "Reciprocate",
      "_points": [
        {
          "_pos": {
            "x": 478.36126708984375,
            "y": 113.30081176757812,
            "z": 496.3999328613281
          },
          "waitTime": 2.0,
          "targetVelocity": 6.0
        },
        {
          "_pos": {
            "x": 449.11163330078125,
            "y": 139.01173400878906,
            "z": 495.106689453125
          },
          "waitTime": 2.0,
          "targetVelocity": 6.0
        }
      ],
      "rotAngleType": "ROT_ANGLE_Y"
    }
  ]
}