{
  "sceneId": 7,
  "routes": [
    {
      "localId": 700900003,
      "_name": "Route_700900003",
      "type": "Reciprocate",
      "_points": [
        {
          "_pos": {
            "x": -820.6956176757812,
            "y": 149.82090759277344,
            "z": -228.281494140625
          },
          "waitTime": 5.0,
          "targetVelocity": 3.0
        },
        {
          "_pos": {
            "x": -790.3685913085938,
            "y": 134.49896240234375,
            "z": -236.8335723876953
          },
          "waitTime": 5.0,
          "targetVelocity": 3.0
        }
      ],
      "rotAngleType": "ROT_ANGLE_Y"
    }
  ]
}