{
  "sceneId": 20157,
  "routes": [
    {
      "localId": 1,
      "_name": "Route_001",
      "type": "Loop",
      "_points": [
        {
          "_pos": {
            "x": 246.8903045654297,
            "y": 182.3234100341797,
            "z": 247.27276611328125
          },
          "waitTime": 1.0
        },
        {
          "_pos": {
            "x": 250.15391540527344,
            "y": 182.3666534423828,
            "z": 247.27279663085938
          }
        },
        {
          "_pos": {
            "x": 251.41790771484375,
            "y": 182.13389587402344,
            "z": 249.16221618652344
          },
          "waitTime": 2.0
        }
      ],
      "rotAngleType": "ROT_ANGLE_Y"
    }
  ]
}