{
  "sceneId": 35923,
  "routes": [
    {
      "localId": 1,
      "_name": "Route_001",
      "type": "Loop",
      "_points": [
        {
          "_pos": {
            "x": 1355.3494873046875,
            "y": 247.02403259277344,
            "z": -1653.919189453125
          },
          "waitTime": 2.0
        },
        {
          "_pos": {
            "x": 1341.2437744140625,
            "y": 249.37289428710938,
            "z": -1664.0426025390625
          },
          "waitTime": 2.0
        }
      ],
      "rotAngleType": "ROT_ANGLE_Y",
      "isSimulateTempRouteByTime": true,
      "_isUsePreStopMove": true
    },
    {
      "localId": 2,
      "_name": "Route_002",
      "type": "Loop",
      "_points": [
        {
          "_pos": {
            "x": 1362.697021484375,
            "y": 248.82273864746094,
            "z": -1660.155029296875
          },
          "waitTime": 2.0
        },
        {
          "_pos": {
            "x": 1345.896728515625,
            "y": 249.54135131835938,
            "z": -1670.94873046875
          },
          "waitTime": 2.0
        }
      ],
      "rotAngleType": "ROT_ANGLE_Y",
      "isSimulateTempRouteByTime": true,
      "_isUsePreStopMove": true
    }
  ]
}