{
  "sceneId": 20232,
  "routes": [
    {
      "localId": 1,
      "_name": "Route_001",
      "_points": [
        {
          "_pos": {
            "x": 384.9173889160156,
            "y": 70.0,
            "z": 566.5999755859375
          },
          "targetVelocity": 15.0
        },
        {
          "_pos": {
            "x": 384.9173889160156,
            "y": 85.43907165527344,
            "z": 566.5999755859375
          },
          "targetVelocity": 12.0
        },
        {
          "_pos": {
            "x": 384.9173889160156,
            "y": 90.5999984741211,
            "z": 566.5999755859375
          },
          "targetVelocity": 0.5
        }
      ],
      "rotAngleType": "ROT_ANGLE_Y",
      "isSimulateTempRouteByTime": true,
      "_isUsePreStopMove": true,
      "_isSubWaitTimeFlag": true
    }
  ]
}