{
  "sceneId": 1073,
  "routes": [
    {
      "localId": 1,
      "_name": "Platform_001",
      "_points": [
        {
          "_pos": {
            "x": -0.0014326274394989014,
            "y": 5.829413890838623,
            "z": -0.0017676874995231628
          }
        },
        {
          "_pos": {
            "x": -0.001432626973837614,
            "y": 105.26210021972656,
            "z": -0.0017676870338618755
          }
        },
        {
          "_pos": {
            "x": -0.0014318302273750305,
            "y": -34.309932708740234,
            "z": -0.01200070045888424
          }
        }
      ],
      "rotAngleType": "ROT_ANGLE_Y"
    }
  ]
}