{
  "sceneId": 20163,
  "routes": [
    {
      "localId": 1,
      "_name": "Route_001",
      "type": "Loop",
      "_points": [
        {
          "_pos": {
            "x": -45.073028564453125,
            "y": 67.76367950439453,
            "z": -18.96739387512207
          },
          "waitTime": 2.0
        },
        {
          "_pos": {
            "x": -44.51842498779297,
            "y": 67.69047546386719,
            "z": -10.749478340148926
          },
          "waitTime": 3.0
        },
        {
          "_pos": {
            "x": -45.16242218017578,
            "y": 67.9656753540039,
            "z": -2.9839608669281006
          },
          "waitTime": 2.0
        }
      ],
      "rotAngleType": "ROT_ANGLE_Y"
    }
  ]
}