{
  "sceneId": 20220,
  "routes": [
    {
      "localId": 1,
      "_name": "Route_001",
      "_points": [
        {
          "_pos": {
            "x": 231.4508056640625,
            "y": 24.422666549682617,
            "z": 238.86306762695312
          },
          "targetVelocity": 4.0
        },
        {
          "_pos": {
            "x": 230.5098114013672,
            "y": 25.262758255004883,
            "z": 246.0133514404297
          },
          "targetVelocity": 4.0
        }
      ],
      "rotAngleType": "ROT_ANGLE_Y",
      "isSimulateTempRouteByTime": true,
      "_isUsePreStopMove": true,
      "_isSubWaitTimeFlag": true
    }
  ]
}