{
  "sceneId": 50017,
  "routes": [
    {
      "localId": 1,
      "_name": "Route_001",
      "type": "Reciprocate",
      "_points": [
        {
          "_pos": {
            "x": 0.07416081428527832,
            "y": 0.0017421928932890296,
            "z": 7.310608863830566
          },
          "targetVelocity": 2.0
        },
        {
          "_pos": {
            "x": 0.08657076954841614,
            "y": 0.0017413455061614513,
            "z": 12.10357666015625
          },
          "targetVelocity": 2.0
        }
      ],
      "rotAngleType": "ROT_ANGLE_Y"
    }
  ]
}