{
  "sceneId": 20019,
  "routes": [
    {
      "localId": 20019001,
      "_name": "Route_20019001",
      "_points": [
        {
          "_pos": {
            "x": 15.102357864379883,
            "y": 13.189516067504883,
            "z": 52.362754821777344
          },
          "waitTime": 1.0
        },
        {
          "_pos": {
            "x": 12.849394798278809,
            "y": 13.189519882202148,
            "z": 55.59587860107422
          }
        },
        {
          "_pos": {
            "x": 11.216550827026367,
            "y": 13.189521789550781,
            "z": 60.784461975097656
          }
        }
      ],
      "rotAngleType": "ROT_ANGLE_Y"
    }
  ]
}