{
  "sceneId": 20162,
  "routes": [
    {
      "localId": 1,
      "_name": "Route_001",
      "_points": [
        {
          "_pos": {
            "x": 0.0020000000949949026,
            "y": 5.998000144958496,
            "z": -0.012000000104308128
          },
          "targetVelocity": 1.0
        }
      ],
      "rotAngleType": "ROT_ANGLE_Y"
    }
  ]
}