{
  "sceneId": 20210,
  "routes": [
    {
      "localId": 1,
      "_name": "Platform_001",
      "_points": [
        {
          "_pos": {
            "x": 1529.3929443359375,
            "y": -494.38580322265625,
            "z": 3566.427001953125
          },
          "waitTime": 1.0,
          "targetVelocity": 5.0
        },
        {
          "_pos": {
            "x": 1529.3929443359375,
            "y": -415.239990234375,
            "z": 3566.427001953125
          },
          "targetVelocity": 5.0,
          "hasReachEvent": true
        }
      ],
      "rotAngleType": "ROT_ANGLE_Y",
      "arriveRange": 0.0,
      "isSimulateTempRouteByTime": true,
      "_isUsePreStopMove": true
    }
  ]
}