{
  "token": {
    "weight": 14306853
  },
  "target": "Self",
  "BOJKMBKGAID": {
    "range": -2.4186460021459325e+24,
    "NPONLLKBEDD": 1.456092036876846e-39,
    "LEAANLLIFLJ": 9.649030097298186e-32,
    "AJOMKFBFMJM": 5.802281441632082e-38
  }
}