{
    "LFELDHHMHDI": {
        "x": 4.9969434660570174e-33
    },
    "radius": 5.798550624600664e-38
}