{
    "isUnique": true,
    "elementTypeModifier": {},
    "bulletID": 1,
    "cutNum": 0,
    "waveNum": 0,
    "waveCD": -1.8017608318796877e-23,
    "waveangle": 9.497580601654313e-41,
    "triggerCD": 5.612985525176423e-37
}