{
  "reApplyModifierOnStateChange": true,
  "elementTypeModifier": {},
  "startNormalizedTime": -1.828157983503155e+16,
  "PAMHEGBCOIL": -1.267331248278743e-38,
  "GLKIHOJFEFN": -35193918324736.0,
  "attackDistance": 2.38239432256733e-38,
  "OFPBBDNBHCP": false,
  "PFAGCDDJFPL": "None",
  "MBJPFACLHHO": -1.6225768100687053e-20,
  "GHNEAMDACLK": true
}