{
  "reApplyModifierOnStateChange": true,
  "elementTypeModifier": {},
  "LNACIEJFFNB": -8.930187701112957e+19,
  "OAAIHFFPMAF": -2.3314698763721338e-14,
  "DMPAANFEDNK": -6.778735426349258e-21,
  "MEGOOIKMGFC": 246039,
  "PLHCKNCHMLE": 0,
  "JCAFAFFPELN": 1.6955113849141931e-29,
  "IGPOFCIIPED": 5.823948879006858e-38
}