{
  "isConsumeMaterial": true,
  "cdGroup": 9613632,
  "distanceToAvatar": -1.0700258523567113e+32,
  "radius": -1.0210521533038882e-24,
  "destroyDistance": 1922,
  "destroyReminderDistance": 0,
  "GDCMLEIEEPK": 32176382,
  "reminderID": 0,
  "CCOPGPBPBIA": 20235
}