{
  "entityReuseList": [
    {
      "destroyTime": 7.870098552202827e-40,
      "maxEntityCount": 17845422
    },
    {},
    {
      "destroyTime": 8.826891130659169e-40,
      "maxEntityCount": 1
    }
  ]
}