{
  "MGLKLGALEJG": [
    {
      "HOHELBKOFEH": 7.870098552202827e-40,
      "MFHCFFMBPCG": 17845422
    },
    {},
    {
      "HOHELBKOFEH": 8.826891130659169e-40,
      "MFHCFFMBPCG": 1
    }
  ]
}