{
    "shakeDir": {
        "HFCEAODAPPE": true
    },
    "extension": {
        "x": 9.490854369025554e-41,
        "z": 3.580866885347923e-38
    }
}