{
  "speed": -2.2123585448905277e+18,
  "maxSpeed": 3.9386742110208674e-37,
  "straightRange": 6.690613657602394e-35,
  "gravityOfAcceleration": -4.031428335472772e+32,
  "airResistance": 2.53332721830849e-35
}