{
  "firstPersonCoopCamConfigs": {
    "NONE": {
      "camPositionOffset": {
        "y": -0.3499999940395355,
        "z": 3.5
      },
      "camTargetOffset": {
        "y": -0.3499999940395355
      },
      "camFOV": 35.0
    },
    "AVATAR_MALE": {
      "camPositionOffset": {
        "y": -0.42500001192092896,
        "z": 3.0
      },
      "camTargetOffset": {
        "y": -0.42500001192092896
      },
      "camFOV": 20.0
    },
    "AVATAR_LADY": {
      "camPositionOffset": {
        "y": -0.4000000059604645,
        "z": 3.0
      },
      "camTargetOffset": {
        "y": -0.4000000059604645
      },
      "camFOV": 20.0
    },
    "AVATAR_BOY": {
      "camPositionOffset": {
        "y": -0.38999998569488525,
        "z": 3.200000047683716
      },
      "camTargetOffset": {
        "y": -0.38999998569488525
      },
      "camFOV": 20.0
    },
    "AVATAR_GIRL": {
      "camPositionOffset": {
        "y": -0.3799999952316284,
        "z": 3.0
      },
      "camTargetOffset": {
        "y": -0.3799999952316284
      },
      "camFOV": 20.0
    },
    "AVATAR_LOLI": {
      "camPositionOffset": {
        "z": 3.5
      },
      "camTargetOffset": {
        "y": -0.25
      },
      "camFOV": 20.0
    },
    "AVATAR_PAIMON": {
      "camPositionOffset": {
        "z": 3.0
      },
      "camTargetOffset": {
        "y": -0.20000000298023224
      },
      "camFOV": 20.0
    },
    "NPC_MALE": {
      "camPositionOffset": {
        "y": -0.42500001192092896,
        "z": 3.0
      },
      "camTargetOffset": {
        "y": -0.42500001192092896
      },
      "camFOV": 20.0
    },
    "NPC_FEMALE": {
      "camPositionOffset": {
        "y": -0.4000000059604645,
        "z": 3.0
      },
      "camTargetOffset": {
        "y": -0.4000000059604645
      },
      "camFOV": 20.0
    },
    "NPC_MUSCLEMAN": {
      "camPositionOffset": {
        "y": -0.44999998807907104,
        "z": 3.0
      },
      "camTargetOffset": {
        "y": -0.44999998807907104
      },
      "camFOV": 20.0
    },
    "NPC_ELDER": {
      "camPositionOffset": {
        "y": -0.15000000596046448,
        "z": 3.0
      },
      "camTargetOffset": {
        "y": -0.3499999940395355
      },
      "camFOV": 20.0
    },
    "NPC_CHILD": {
      "camPositionOffset": {
        "z": 3.200000047683716
      },
      "camTargetOffset": {
        "y": -0.25
      },
      "camFOV": 20.0
    },
    "Barbara": {
      "camPositionOffset": {
        "y": -0.4000000059604645,
        "z": 3.0
      },
      "camTargetOffset": {
        "y": -0.4000000059604645
      },
      "camFOV": 20.0
    },
    "Bennett": {
      "camPositionOffset": {
        "y": -0.36000001430511475,
        "z": 3.0
      },
      "camTargetOffset": {
        "y": -0.36000001430511475
      },
      "camFOV": 20.0
    },
    "Chongyun": {
      "camPositionOffset": {
        "y": -0.3799999952316284,
        "z": 3.0
      },
      "camTargetOffset": {
        "y": -0.3799999952316284
      },
      "camFOV": 20.0
    },
    "Noel": {
      "camPositionOffset": {
        "y": -0.38999998569488525,
        "z": 3.0
      },
      "camTargetOffset": {
        "y": -0.38999998569488525
      },
      "camFOV": 20.0
    },
    "Diona": {
      "camPositionOffset": {
        "z": 3.5
      },
      "camTargetOffset": {
        "y": -0.33000001311302185
      },
      "camFOV": 20.0
    },
    "Sayu": {
      "camPositionOffset": {
        "z": 3.5
      },
      "camTargetOffset": {
        "y": -0.33000001311302185
      },
      "camFOV": 20.0
    },
    "Tohma": {
      "camPositionOffset": {
        "y": -0.4000000059604645,
        "z": 3.0
      },
      "camTargetOffset": {
        "y": -0.4000000059604645
      },
      "camFOV": 20.0
    },
    "Beidou": {
      "camPositionOffset": {
        "y": -0.4000000059604645,
        "z": 3.0
      },
      "camTargetOffset": {
        "y": -0.4000000059604645
      },
      "camFOV": 20.0
    },
    "Gorou": {
      "camPositionOffset": {
        "z": 3.5
      },
      "camTargetOffset": {
        "y": -0.33000001311302185
      },
      "camFOV": 20.0
    },
    "Ningguang": {
      "camPositionOffset": {
        "y": -0.5,
        "z": 3.0
      },
      "camTargetOffset": {
        "y": -0.44999998807907104
      },
      "camFOV": 20.0
    },
    "Collei": {
      "camPositionOffset": {
        "y": -0.4699999988079071,
        "z": 3.0
      },
      "camTargetOffset": {
        "y": -0.4699999988079071
      },
      "camFOV": 20.0
    }
  },
  "gadgetUIItemGroupShowCondsConfigs": {
    "MinDistance": [
      {
        "showCondType": "MIN_DISTANCE"
      }
    ],
    "PhlogistonCost": [
      {
        "showCondType": "MIN_DISTANCE"
      }
    ]
  },
  "specialElementViewESLValue": 0.7289999723434448,
  "lookAtTargetBodyConfigs": {
    "Lady": {},
    "Boy": {}
  },
  "CCDBOBLOGKH": [
    10143
  ],
  "NCBOMCNJIND": {
    "DEFAULT": 60,
    "ACTIVITY": 80,
    "QUEST": 100
  },
  "CICKOJDNKOA": [
    6845001,
    6845002,
    6845003,
    6845004,
    6845101,
    6845102,
    6845103,
    6845104,
    6845201,
    6845202,
    6845203,
    6845301,
    6845302,
    6845303,
    6845304
  ],
  "ILKODAOAFCB": {
    "defaultValue": 10,
    "PACKPDDBIKA": {
      "30011": 20,
      "30012": 20,
      "30013": 20,
      "30014": 20,
      "30015": 20,
      "30016": 20
    },
    "PLEIGKBDNID": {
      "30": 6,
      "40": 7
    }
  },
  "IMLKKNGNCCO": [
    {
      "cityId": 1,
      "markType": "ScenePoint",
      "HDDAJHOBMKH": "MarkReputation"
    },
    {
      "cityId": 2,
      "markType": "ScenePoint",
      "HDDAJHOBMKH": "MarkReputation_liyue"
    },
    {
      "cityId": 3,
      "markType": "ScenePoint",
      "HDDAJHOBMKH": "MarkReputation_Inazuma"
    },
    {
      "cityId": 4,
      "markType": "ScenePoint",
      "HDDAJHOBMKH": "MarkReputation_Sumeru"
    },
    {
      "cityId": 5,
      "markType": "ScenePoint",
      "HDDAJHOBMKH": "MarkReputation_Fontaine"
    },
    {
      "cityId": 6,
      "markType": "TransPoint",
      "HDDAJHOBMKH": "MarkReputation_Natlan"
    }
  ],
  "IFGMABFLOMB": [
    {
      "HNOPJHKCNDA": 1,
      "NONKOOBJGMP": 503100
    },
    {
      "HNOPJHKCNDA": 2,
      "NONKOOBJGMP": 503200
    },
    {
      "HNOPJHKCNDA": 3,
      "NONKOOBJGMP": 503300
    },
    {
      "HNOPJHKCNDA": 4,
      "NONKOOBJGMP": 503400
    },
    {
      "HNOPJHKCNDA": 5,
      "NONKOOBJGMP": 503500
    },
    {
      "HNOPJHKCNDA": 6,
      "NONKOOBJGMP": 503600
    }
  ],
  "AFAGDECJDKG": {
    "30011": "Eff_Avatar_AvatarChange_LSize",
    "30012": "Eff_Avatar_AvatarChange_MSize",
    "30013": "Eff_Avatar_AvatarChange_Mosasaurus"
  }
}