{
  "sceneId": 35852,
  "gadgets": [
    {
      "groupId": 235852001,
      "mapInstId": 1050,
      "followMoveAttachPoint": "",
      "rotateCoreCityName": "",
      "JEIBKLNFIFF": [
        {
          "id": -439807941,
          "CAECEDCNBBF": {
            "x": 148.9154052734375,
            "y": 637.794921875,
            "z": -1835.635009765625
          }
        }
      ]
    }
  ]
}