{
  "sceneId": 50054,
  "gadgets": [
    {
      "groupId": 250054003,
      "mapInstId": 3002,
      "followMoveAttachPoint": "",
      "rotateCoreCityName": "",
      "DLNLOJHOJOC": [
        {
          "id": 1580287963,
          "EOCFKMEFDII": {
            "y": 0.3164519965648651
          }
        },
        {
          "id": 1914092214,
          "EOCFKMEFDII": {
            "y": 0.3164519965648651
          }
        },
        {
          "id": -1202652486,
          "EOCFKMEFDII": {
            "y": -5.0
          }
        }
      ]
    }
  ]
}