{
  "sceneId": 20180,
  "gadgets": [
    {
      "groupId": 220180001,
      "mapInstId": 1007,
      "followMoveAttachPoint": "",
      "rotateCoreCityName": "",
      "HNIKPFFELFN": [
        {
          "id": -933560142,
          "eulerAngles": {
            "x": -604.7506713867188,
            "y": 120.0,
            "z": 2295.85302734375
          }
        }
      ]
    }
  ]
}