{
  "sceneId": 50079,
  "gadgets": [
    {
      "groupId": 250079006,
      "mapInstId": 6010,
      "followMoveAttachPoint": "",
      "rotateCoreCityName": "",
      "OGNNEGCDJOF": [
        {
          "id": 1211856397,
          "BOEDGBKEFNH": {
            "x": 657.996826171875,
            "y": 619.546875,
            "z": -1584.844970703125
          }
        }
      ]
    },
    {
      "groupId": 250079007,
      "mapInstId": 7002,
      "followMoveAttachPoint": "",
      "rotateCoreCityName": "",
      "OGNNEGCDJOF": [
        {
          "id": -1551013326,
          "BOEDGBKEFNH": {
            "x": 692.8184204101562,
            "y": 609.8328247070312,
            "z": -1494.0760498046875
          }
        }
      ]
    }
  ]
}