{
  "sceneId": 35853,
  "gadgets": [
    {
      "groupId": 235853001,
      "mapInstId": 1036,
      "followMoveAttachPoint": "",
      "rotateCoreCityName": "",
      "OLJNKNBGCIC": [
        {
          "id": 1459153319,
          "eulerAngles": {
            "x": 146.19219970703125,
            "y": 613.774169921875,
            "z": -1838.0279541015625
          }
        }
      ]
    }
  ]
}