{
  "sceneId": 50028,
  "gadgets": [
    {
      "groupId": 250028006,
      "mapInstId": 6009,
      "followMoveAttachPoint": "",
      "rotateCoreCityName": "",
      "IEKIIEIJELI": [
        {
          "id": 1152636294,
          "CIDBICJKDEA": {
            "x": 2.9768099784851074,
            "y": -32.78647994995117,
            "z": 410.40631103515625
          }
        },
        {
          "id": 837145511,
          "CIDBICJKDEA": {
            "x": 2.9768099784851074,
            "y": 36.68415069580078,
            "z": 410.40631103515625
          }
        },
        {
          "id": 1128483808,
          "CIDBICJKDEA": {
            "x": 2.9768099784851074,
            "y": -32.78647994995117,
            "z": 410.40631103515625
          }
        }
      ]
    }
  ]
}