{
  "sceneId": 1016,
  "gadgets": [
    {
      "groupId": 201016003,
      "mapInstId": 3013,
      "followMoveAttachPoint": "",
      "rotateCoreCityName": "",
      "OGNNEGCDJOF": [
        {
          "id": -874911084,
          "BOEDGBKEFNH": {
            "x": 196.82839965820312,
            "y": 6.111321926116943,
            "z": -47.73252868652344
          },
          "rotation": {
            "y": 195.50059509277344
          }
        },
        {
          "id": 1658642008,
          "BOEDGBKEFNH": {
            "x": 195.68910217285156,
            "y": 6.254467010498047,
            "z": -47.19783020019531
          },
          "rotation": {
            "y": 195.50059509277344
          }
        },
        {
          "id": -1870356161,
          "BOEDGBKEFNH": {
            "x": 195.68910217285156,
            "y": 4.4909772872924805,
            "z": -47.19783020019531
          },
          "rotation": {
            "y": 195.50059509277344
          }
        },
        {
          "id": -2083776788,
          "BOEDGBKEFNH": {
            "x": 195.30804443359375,
            "y": 1.37919282913208,
            "z": -47.06843948364258
          },
          "rotation": {
            "y": 195.50059509277344
          }
        }
      ]
    }
  ]
}