{
    "token": {
        "cancelWithEntityTickLod": 186801
    },
    "OIBEHCHDMEP": [
        {
            "pos": {
                "z": -1.5949196092645658e-23
            },
            "FODGBKJHNCE": 7.392699707221562e-38,
            "POEPGHKKIPK": -627495
        },
        {
            "pos": {
                "x": 2.4262940954800533e-35,
                "y": 0.699999988079071
            },
            "rot": {},
            "FODGBKJHNCE": 1.4087565110635852e-37,
            "POEPGHKKIPK": -1,
            "FOIIHEMGNGN": -2,
            "MLAFIODBBNM": -5.820790897892447e-12
        },
        {
            "pos": {},
            "rot": {},
            "FODGBKJHNCE": 2.5245793133275904e-40,
            "POEPGHKKIPK": 0,
            "FOIIHEMGNGN": 26,
            "MLAFIODBBNM": 2.3695898177197155e-38
        }
    ],
    "NHPIEOCPKFA": 8.407790785948902e-45,
    "POEPGHKKIPK": 32,
    "FOIIHEMGNGN": 0,
    "rot": {},
    "globalValueKey": ""
}