{
  "token": {
    "cancelWithEntityTickLod": 186801
  },
  "EBACPEHCEND": [
    {
      "pos": {
        "z": -1.5949196092645658e-23
      },
      "lerpInTime": 7.392699707221562e-38,
      "CIJLABMEGDC": -627495
    },
    {
      "pos": {
        "x": 2.4262940954800533e-35,
        "y": 0.699999988079071
      },
      "rot": {},
      "lerpInTime": 1.4087565110635852e-37,
      "CIJLABMEGDC": -1,
      "GLHOPEOMEEI": -2,
      "GKEJCGOCPLN": -5.820790897892447e-12
    },
    {
      "pos": {},
      "rot": {},
      "lerpInTime": 2.5245793133275904e-40,
      "CIJLABMEGDC": 0,
      "GLHOPEOMEEI": 26,
      "GKEJCGOCPLN": 2.3695898177197155e-38
    }
  ],
  "lerpOutTime": 8.407790785948902e-45,
  "CIJLABMEGDC": 32,
  "GLHOPEOMEEI": 0,
  "rot": {},
  "globalValueKey": ""
}