{
    "DFLHHOABBGO": {
        "cancelWithEntityTickLod": 186801
    },
    "JONGAGGGKGH": [
        {
            "pos": {
                "z": -1.5949196092645658e-23
            },
            "NENGMECJAPF": 7.392699707221562e-38,
            "EDFOEAKLODL": -627495
        },
        {
            "pos": {
                "x": 2.4262940954800533e-35,
                "y": 0.699999988079071
            },
            "rot": {},
            "NENGMECJAPF": 1.4087565110635852e-37,
            "EDFOEAKLODL": -1,
            "JJFEFBJJJOF": -2,
            "JNDKFGHBOGK": -5.820790897892447e-12
        },
        {
            "pos": {},
            "rot": {},
            "NENGMECJAPF": 2.5245793133275904e-40,
            "EDFOEAKLODL": 0,
            "JJFEFBJJJOF": 26,
            "JNDKFGHBOGK": 2.3695898177197155e-38
        }
    ],
    "OOALHBOOCCD": 8.407790785948902e-45,
    "EDFOEAKLODL": 32,
    "JJFEFBJJJOF": 0,
    "rot": {},
    "AOJHAGMBDNP": ""
}