{
    "token": {
        "cancelWithEntityTickLod": 186801
    },
    "HLAJFOGLNFO": [
        {
            "pos": {
                "z": -1.5949196092645658e-23
            },
            "GLMJCLMEOHF": 7.392699707221562e-38,
            "NLGOHKFGCCJ": -627495
        },
        {
            "pos": {
                "x": 2.4262940954800533e-35,
                "y": 0.699999988079071
            },
            "rot": {},
            "GLMJCLMEOHF": 1.4087565110635852e-37,
            "NLGOHKFGCCJ": -1,
            "HJCGBAPNDIH": -2,
            "LADPHAPJNCN": -5.820790897892447e-12
        },
        {
            "pos": {},
            "rot": {},
            "GLMJCLMEOHF": 2.5245793133275904e-40,
            "NLGOHKFGCCJ": 0,
            "HJCGBAPNDIH": 26,
            "LADPHAPJNCN": 2.3695898177197155e-38
        }
    ],
    "PGBFBANBBNK": 8.407790785948902e-45,
    "NLGOHKFGCCJ": 32,
    "HJCGBAPNDIH": 0,
    "rot": {},
    "globalValueKey": ""
}