{
    "token": {
        "cancelWithEntityTickLod": 186801
    },
    "CDKHOJLNDGD": [
        {
            "pos": {
                "z": -1.5949196092645658e-23
            },
            "DJODGEJKEDI": 7.392699707221562e-38,
            "KEFPCPNFFIO": -627495
        },
        {
            "pos": {
                "x": 2.4262940954800533e-35,
                "y": 0.699999988079071
            },
            "rot": {},
            "DJODGEJKEDI": 1.4087565110635852e-37,
            "KEFPCPNFFIO": -1,
            "JDILEHPCFKA": -2,
            "KIKPJAKNHLE": -5.820790897892447e-12
        },
        {
            "pos": {},
            "rot": {},
            "DJODGEJKEDI": 2.5245793133275904e-40,
            "KEFPCPNFFIO": 0,
            "JDILEHPCFKA": 26,
            "KIKPJAKNHLE": 2.3695898177197155e-38
        }
    ],
    "LEPKHDEEPNC": 8.407790785948902e-45,
    "KEFPCPNFFIO": 32,
    "JDILEHPCFKA": 0,
    "rot": {},
    "globalValueKey": ""
}