{
  "fishtankMap": {
    "373602": {
      "maxFishCount": 3,
      "waterHeight": 3.200000047683716,
      "fishMinHeightLimit": 1.2000000476837158,
      "initialPose": 201,
      "fishScale": 0.800000011920929,
      "fishBornPosMap": {
        "1": [
          {
            "CIDBICJKDEA": {
              "y": 0.699999988079071,
              "z": 1.5
            }
          }
        ],
        "2": [
          {
            "CIDBICJKDEA": {
              "y": 1.350000023841858,
              "z": -1.5
            },
            "rotation": {
              "y": 180.0
            }
          }
        ],
        "3": [
          {
            "CIDBICJKDEA": {
              "y": 2.0,
              "z": 1.5
            }
          }
        ]
      }
    }
  }
}