{
    "token": {
        "cancelWithEntityTickLod": 186801
    },
    "NHENCOBIADI": [
        {
            "musicSubStates": {
                "z": -1.5949196092645658e-23
            },
            "MOPCMJLEKDD": 7.392699707221562e-38,
            "DBDDGHLINED": -627495
        },
        {
            "musicSubStates": {
                "x": 2.4262940954800533e-35,
                "y": 0.699999988079071
            },
            "rot": {},
            "MOPCMJLEKDD": 1.4087565110635852e-37,
            "DBDDGHLINED": -1,
            "EALEBBENDKI": -2,
            "HGFLGDOGEBO": -5.820790897892447e-12
        },
        {
            "musicSubStates": {},
            "rot": {},
            "MOPCMJLEKDD": 2.5245793133275904e-40,
            "DBDDGHLINED": 0,
            "EALEBBENDKI": 26,
            "HGFLGDOGEBO": 2.3695898177197155e-38
        }
    ],
    "PODBFFPAKLJ": 8.407790785948902e-45,
    "DBDDGHLINED": 32,
    "EALEBBENDKI": 0,
    "rot": {},
    "globalValueKey": ""
}