{
  "token": {
    "cancelWithEntityTickLod": 186801
  },
  "HHIOPNCLKFO": [
    {
      "pos": {
        "z": -1.5949196092645658e-23
      },
      "lerpInTime": 7.392699707221562e-38,
      "APBEMBLINKJ": -627495
    },
    {
      "pos": {
        "x": 2.4262940954800533e-35,
        "y": 0.699999988079071
      },
      "rot": {},
      "lerpInTime": 1.4087565110635852e-37,
      "APBEMBLINKJ": -1,
      "FPBMIIIDJIN": -2,
      "PCJNIOLKIJH": -5.820790897892447e-12
    },
    {
      "pos": {},
      "rot": {},
      "lerpInTime": 2.5245793133275904e-40,
      "APBEMBLINKJ": 0,
      "FPBMIIIDJIN": 26,
      "PCJNIOLKIJH": 2.3695898177197155e-38
    }
  ],
  "lerpOutTime": 8.407790785948902e-45,
  "APBEMBLINKJ": 32,
  "FPBMIIIDJIN": 0,
  "rot": {},
  "globalValueKey": ""
}