{
  "priority": 2.5441835491909196e-29,
  "enterRadius": 4.631352903941109e+27,
  "heightAdjust": 2.725955495031556e+20,
  "enterAngle": 1.157705040493065e+27,
  "exitAngle": 1.0505618664951013e-38
}