{
  "ps4": {
    "cameraHorMoveSpeed": 2.7558869434380774e+30,
    "cameraVerMoveSpeed": 1.7109015555194487e+19,
    "cameraVerStickyRatio": 1.10414576142382e+21
  },
  "ps5": {
    "cameraHorMoveSpeed": 9.062847137451172,
    "autoFocusVerSpeed": 959798640640.0,
    "autoFocusRangeCoef": 2.2524888996126078e+20
  },
  "other": {
    "cameraVerMoveSpeed": 4.088541374011373e+27,
    "cameraHorStickyRatio": 4.3424112238357236e-38,
    "autoFocusHorSpeed": 7.410478683676885e+28,
    "autoFocusVerSpeed": 1.118849999367824e+27,
    "autoFocusRangeCoef": 1.0898925956688199e+27
  }
}