{
    "type": "Other",
    "gadgetId": 1,
    "pos": {
        "x": 7.4104810448601265e+28
    },
    "musicSubStates": {
        "x": 4.158331161938137e+21,
        "y": 1.157705040493065e+27,
        "z": 1.0505618664951013e-38
    }
}