{
  "sceneId": 35991,
  "bornPosList": [
    {
      "_id": 513065201,
      "_configId": 30652,
      "roomId": 1,
      "_pos": {
        "x": -3.0922060012817383,
        "y": -1.0546450539550278e-06,
        "z": 5.517312049865723
      },
      "_rot": {
        "y": 84.28206634521484
      },
      "preConditions": [
        [
          {
            "$type": "CNFIFPJNOKE",
            "condType": "QUEST_COND_ACTIVITY_CLIENT_COND",
            "paramList": [
              2034,
              2034001,
              1
            ]
          }
        ]
      ],
      "_priority": 1,
      "_platformInfo": {}
    }
  ]
}