{
  "sceneId": 35994,
  "bornPosList": [
    {
      "_id": 513065501,
      "_configId": 30655,
      "_pos": {
        "x": 4766.240234375,
        "y": 531.559326171875,
        "z": 4289.958984375
      },
      "_rot": {
        "y": 47.540611267089844
      },
      "preConditions": [
        [
          {
            "$type": "CNFIFPJNOKE",
            "condType": "QUEST_COND_ACTIVITY_CLIENT_COND",
            "paramList": [
              2034,
              2034001,
              1
            ]
          }
        ]
      ],
      "_priority": 1,
      "_platformInfo": {}
    }
  ]
}