{
  "sceneId": 35995,
  "bornPosList": [
    {
      "_id": 513065601,
      "_configId": 30656,
      "_pos": {
        "x": -1077.281982421875,
        "y": 283.7334899902344,
        "z": 3148.655029296875
      },
      "_rot": {
        "y": 172.89100646972656
      },
      "preConditions": [
        [
          {
            "$type": "JFHAKKFEMAO",
            "condType": "QUEST_COND_ACTIVITY_CLIENT_COND",
            "paramList": [
              2034,
              2034001,
              1
            ]
          }
        ]
      ],
      "_priority": 1,
      "_platformInfo": {}
    }
  ]
}