{
  "sceneId": 1202,
  "bornPosList": [
    {
      "_id": 543210000,
      "_configId": 3210,
      "roomId": 1,
      "_pos": {
        "x": -10.74468994140625,
        "y": 2.0362589359283447,
        "z": -10.575050354003906
      },
      "_rot": {
        "y": 197.95550537109375
      },
      "preConditions": [
        [
          {
            "$type": "CNFIFPJNOKE",
            "condType": "QUEST_COND_QUEST_GLOBAL_VAR_EQUAL",
            "paramList": [
              1204801,
              1
            ]
          }
        ]
      ],
      "_priority": 1,
      "_platformInfo": {}
    },
    {
      "_id": 543211000,
      "_configId": 3211,
      "roomId": 1,
      "_pos": {
        "x": 8.23762321472168,
        "y": 2.081804037094116,
        "z": 6.135808944702148
      },
      "_rot": {
        "y": 251.14610290527344
      },
      "preConditions": [
        [
          {
            "$type": "CNFIFPJNOKE",
            "condType": "QUEST_COND_QUEST_GLOBAL_VAR_EQUAL",
            "paramList": [
              1204801,
              1
            ]
          }
        ]
      ],
      "_priority": 1,
      "_platformInfo": {}
    }
  ]
}