{
  "sceneId": 1200,
  "bornPosList": [
    {
      "_id": 526210000,
      "_configId": 6210,
      "roomId": 1,
      "_pos": {
        "x": 421.4783020019531,
        "y": 102.8843002319336,
        "z": 384.0863037109375
      },
      "_rot": {
        "y": 122.71700286865234
      },
      "_priority": 1,
      "_platformInfo": {}
    }
  ]
}