{
  "sceneId": 48016,
  "bornPosList": [
    {
      "_id": 533070603,
      "_configId": 30706,
      "_pos": {
        "x": 3388.044921875,
        "y": 308.7970886230469,
        "z": 5214.73681640625
      },
      "_rot": {
        "y": 20.523420333862305
      },
      "preConditions": [
        [
          {
            "$type": "CNFIFPJNOKE",
            "condType": "QUEST_COND_ACTIVITY_CLIENT_COND",
            "paramList": [
              5245,
              5245001,
              1
            ]
          }
        ],
        [
          {
            "$type": "KEANKLJIJJI",
            "specialScenes": [
              48016
            ]
          }
        ]
      ],
      "_priority": 5,
      "_platformInfo": {}
    }
  ]
}