{
  "sceneId": 48017,
  "bornPosList": [
    {
      "_id": 533070604,
      "_configId": 30706,
      "_pos": {
        "x": 2195.02294921875,
        "y": 357.29998779296875,
        "z": 4401.27099609375
      },
      "_rot": {
        "y": 262.4996032714844
      },
      "preConditions": [
        [
          {
            "$type": "JFHAKKFEMAO",
            "condType": "QUEST_COND_ACTIVITY_CLIENT_COND",
            "paramList": [
              5245,
              5245001,
              1
            ]
          }
        ],
        [
          {
            "$type": "NKBPFDKNCHH",
            "specialScenes": [
              48017
            ]
          }
        ]
      ],
      "_priority": 5,
      "_platformInfo": {}
    }
  ]
}