{
  "sceneId": 48015,
  "bornPosList": [
    {
      "_id": 533070602,
      "_configId": 30706,
      "_pos": {
        "x": 1135.6519775390625,
        "y": 37.44144058227539,
        "z": 3812.861083984375
      },
      "_rot": {
        "y": 171.95730590820312
      },
      "preConditions": [
        [
          {
            "$type": "CNFIFPJNOKE",
            "condType": "QUEST_COND_ACTIVITY_CLIENT_COND",
            "paramList": [
              5245,
              5245001,
              1
            ]
          }
        ],
        [
          {
            "$type": "KEANKLJIJJI",
            "specialScenes": [
              48015
            ]
          }
        ]
      ],
      "_priority": 5,
      "_platformInfo": {}
    }
  ]
}