{
  "sceneId": 35993,
  "bornPosList": [
    {
      "_id": 513065401,
      "_configId": 30654,
      "_pos": {
        "x": -2746.422119140625,
        "y": 204.64930725097656,
        "z": -4091.177978515625
      },
      "_rot": {
        "y": 81.97154998779297
      },
      "preConditions": [
        [
          {
            "$type": "JFHAKKFEMAO",
            "condType": "QUEST_COND_ACTIVITY_CLIENT_COND",
            "paramList": [
              2034,
              2034001,
              1
            ]
          }
        ]
      ],
      "_priority": 1,
      "_platformInfo": {}
    }
  ]
}