{
  "sceneId": 35992,
  "bornPosList": [
    {
      "_id": 513065301,
      "_configId": 30653,
      "_pos": {
        "x": 1569.0460205078125,
        "y": 249.1060028076172,
        "z": 431.0588073730469
      },
      "_rot": {
        "y": 26.18263053894043
      },
      "preConditions": [
        [
          {
            "$type": "KOLGPCOAHCE",
            "condType": "QUEST_COND_ACTIVITY_CLIENT_COND",
            "paramList": [
              2034,
              2034001,
              1
            ]
          }
        ]
      ],
      "_priority": 1,
      "_platformInfo": {}
    }
  ]
}