{
  "sceneId": 1089,
  "bornPosList": [
    {
      "_id": 451395500,
      "_configId": 13955,
      "roomId": 1,
      "_pos": {
        "x": -7.732801914215088,
        "y": 0.1479676067829132,
        "z": 11.148909568786621
      },
      "_rot": {
        "y": 30.0
      },
      "preConditions": [
        [
          {
            "$type": "JFHAKKFEMAO",
            "condType": "QUEST_COND_STATE_EQUAL",
            "paramList": [
              1402209,
              3
            ]
          }
        ]
      ],
      "_priority": 1,
      "_platformInfo": {}
    },
    {
      "_id": 455335000,
      "_configId": 5335,
      "roomId": 1,
      "_pos": {
        "x": -1.7982590198516846,
        "y": 1.1323059797286987,
        "z": 3.7025930881500244
      },
      "preConditions": [
        [
          {
            "$type": "JFHAKKFEMAO",
            "condType": "QUEST_COND_STATE_EQUAL",
            "paramList": [
              1402209,
              3
            ]
          }
        ]
      ],
      "_priority": 1,
      "_platformInfo": {}
    },
    {
      "_id": 455356000,
      "_configId": 5356,
      "roomId": 1,
      "_pos": {
        "x": -6.719642162322998,
        "y": 0.9448611736297607,
        "z": 1.8111629486083984
      },
      "preConditions": [
        [
          {
            "$type": "JFHAKKFEMAO",
            "condType": "QUEST_COND_STATE_EQUAL",
            "paramList": [
              1402209,
              3
            ]
          }
        ]
      ],
      "_priority": 1,
      "_platformInfo": {}
    }
  ]
}