{
    "sceneId": 1081,
    "bornPosList": [
        {
            "id": 442511000,
            "configId": 2511,
            "roomId": 1,
            "pos": {
                "x": 5.998215198516846,
                "y": 0.0046291351318359375,
                "z": -0.9198493957519531
            },
            "rot": {
                "y": 307.3482971191406
            },
            "platformInfo": {}
        },
        {
            "id": 442512000,
            "configId": 2512,
            "roomId": 1,
            "pos": {
                "x": 28.21217918395996,
                "y": 0.17112870514392853,
                "z": -11.698019981384277
            },
            "rot": {
                "y": 298.23199462890625
            },
            "platformInfo": {}
        }
    ]
}