{
    "sceneId": 1085,
    "bornPosList": [
        {
            "id": 405100000,
            "configId": 5100,
            "roomId": 1,
            "pos": {
                "x": 3.280600070953369,
                "y": 7.296225070953369,
                "z": 147.968505859375
            },
            "rot": {
                "y": 349.2934875488281
            },
            "preConditions": [
                [
                    {
                        "$type": "MFMEAAIDAOH",
                        "PFNJKGGINLD": [
                            108502
                        ]
                    }
                ]
            ],
            "platformInfo": {}
        }
    ]
}