{
  "sceneId": 1077,
  "bornPosList": [
    {
      "_id": 100038859,
      "_configId": 4317,
      "roomId": 1,
      "_pos": {
        "x": -1.6883749961853027,
        "y": -0.039961278438568115,
        "z": -12.826539993286133
      },
      "_rot": {
        "y": 94.76384735107422
      },
      "_platformInfo": {}
    },
    {
      "_id": 100038860,
      "_configId": 4319,
      "roomId": 1,
      "_pos": {
        "x": 2.458430051803589,
        "y": -0.14122259616851807,
        "z": -11.73073959350586
      },
      "_rot": {
        "y": 86.9964828491211
      },
      "_platformInfo": {}
    }
  ]
}