{
  "sceneId": 1034,
  "bornPosList": [
    {
      "_id": 100000100,
      "_configId": 2146,
      "roomId": 1,
      "_pos": {
        "x": 0.0012520999880507588,
        "y": -6.86487112488976e-07,
        "z": -3.674381971359253
      },
      "_rot": {
        "y": 179.53819274902344
      },
      "_platformInfo": {}
    },
    {
      "_id": 100000101,
      "_configId": 2063,
      "roomId": 1,
      "_pos": {
        "x": -0.21674419939517975,
        "y": 0.013238510116934776,
        "z": 4.352034091949463
      },
      "_rot": {
        "y": 178.61669921875
      },
      "_platformInfo": {}
    }
  ]
}