{
  "sceneId": 48012,
  "bornPosList": [
    {
      "_id": 463055000,
      "_configId": 30550,
      "_pos": {
        "x": -159.2969970703125,
        "y": 95.25689697265625,
        "z": 3866.14208984375
      },
      "_rot": {
        "y": 78.01217651367188
      },
      "preConditions": [
        [
          {
            "$type": "JFHAKKFEMAO",
            "condType": "QUEST_COND_ACTIVITY_CLIENT_COND",
            "paramList": [
              5188,
              5188003,
              1
            ]
          }
        ]
      ],
      "_priority": 1,
      "_platformInfo": {}
    }
  ]
}