{
  "sceneId": 1060,
  "bornPosList": [
    {
      "_id": 100008525,
      "_configId": 3011,
      "roomId": 1,
      "_pos": {
        "x": -1.303617000579834,
        "y": -0.06700079888105392,
        "z": 9.091230392456055
      },
      "_rot": {
        "y": 108.09230041503906
      },
      "_platformInfo": {}
    },
    {
      "_id": 100012468,
      "_configId": 3009,
      "roomId": 1,
      "_pos": {
        "x": 11.045760154724121,
        "y": 0.9359980225563049,
        "z": -1.103011965751648
      },
      "_platformInfo": {}
    },
    {
      "_id": 100012469,
      "_configId": 3014,
      "roomId": 1,
      "_pos": {
        "x": 4.8940510749816895,
        "y": -0.06700079888105392,
        "z": 9.136953353881836
      },
      "_platformInfo": {}
    }
  ]
}