{
  "sceneId": 1081,
  "bornPosList": [
    {
      "_id": 442511000,
      "_configId": 2511,
      "roomId": 1,
      "_pos": {
        "x": 5.998215198516846,
        "y": 0.0046291351318359375,
        "z": -0.9198493957519531
      },
      "_rot": {
        "y": 307.3482971191406
      },
      "_platformInfo": {}
    },
    {
      "_id": 442512000,
      "_configId": 2512,
      "roomId": 1,
      "_pos": {
        "x": 28.21217918395996,
        "y": 0.17112870514392853,
        "z": -11.698019981384277
      },
      "_rot": {
        "y": 298.23199462890625
      },
      "_platformInfo": {}
    }
  ]
}