{
  "sceneId": 48010,
  "bornPosList": [
    {
      "_id": 463054600,
      "_configId": 30546,
      "_pos": {
        "x": 180.48410034179688,
        "y": 197.72940063476562,
        "z": 952.022705078125
      },
      "_rot": {
        "y": 39.72135925292969
      },
      "preConditions": [
        [
          {
            "$type": "GBMECDIDBBO",
            "condType": "QUEST_COND_ACTIVITY_CLIENT_COND",
            "paramList": [
              5188,
              5188001,
              1
            ]
          }
        ]
      ],
      "_priority": 1,
      "_platformInfo": {}
    }
  ]
}