{
  "sceneId": 1085,
  "bornPosList": [
    {
      "_id": 405100000,
      "_configId": 5100,
      "roomId": 1,
      "_pos": {
        "x": 3.280600070953369,
        "y": 7.296225070953369,
        "z": 147.968505859375
      },
      "_rot": {
        "y": 349.2934875488281
      },
      "preConditions": [
        [
          {
            "$type": "DICLDDBPFII",
            "FAJOAMCBOKK": [
              108502
            ]
          }
        ]
      ],
      "_platformInfo": {}
    }
  ]
}