{
  "sceneId": 1076,
  "bornPosList": [
    {
      "_id": 100026962,
      "_configId": 1713,
      "roomId": 1,
      "_pos": {
        "x": 0.17539340257644653,
        "y": 1.3151600360870361,
        "z": 11.355030059814453
      },
      "_rot": {
        "y": 178.86610412597656
      },
      "_platformInfo": {}
    },
    {
      "_id": 100026963,
      "_configId": 1712,
      "roomId": 1,
      "_pos": {
        "x": 1.145169973373413,
        "y": -1.8272510260430863e-06,
        "z": 12.431229591369629
      },
      "_rot": {
        "y": 193.79319763183594
      },
      "_platformInfo": {}
    }
  ]
}