{
  "sceneId": 1066,
  "bornPosList": [
    {
      "_id": 100014324,
      "_configId": 3007,
      "roomId": 1,
      "_pos": {
        "x": -4.084319114685059,
        "y": 4.8637339489232545e-08,
        "z": 0.22757700085639954
      },
      "_platformInfo": {}
    },
    {
      "_id": 100014325,
      "_configId": 3008,
      "roomId": 1,
      "_pos": {
        "x": 3.334610939025879,
        "y": -5.8574251227128116e-08,
        "z": 1.1023370027542114
      },
      "_platformInfo": {}
    }
  ]
}