{
    "sceneId": 1083,
    "bornPosList": [
        {
            "id": 405082000,
            "configId": 5082,
            "roomId": 1,
            "pos": {
                "x": 5.38234806060791,
                "y": -6.144381927697395e-07,
                "z": 11.588109970092773
            },
            "rot": {
                "y": 84.13775634765625
            },
            "platformInfo": {}
        },
        {
            "id": 405083001,
            "configId": 5083,
            "roomId": 1,
            "pos": {
                "x": 5.386271953582764,
                "y": 2.2413470190940643e-08,
                "z": -0.4149608910083771
            },
            "rot": {
                "y": 86.3781967163086
            },
            "preConditions": [
                [
                    {
                        "$type": "LGHFADJMBIM",
                        "FKODKIMPNFB": "QUEST_COND_QUEST_GLOBAL_VAR_EQUAL",
                        "paramList": [
                            7403601,
                            1
                        ]
                    }
                ]
            ],
            "platformInfo": {}
        },
        {
            "id": 405084001,
            "configId": 5084,
            "roomId": 1,
            "pos": {
                "x": 5.163561820983887,
                "y": -4.005929952199949e-07,
                "z": 7.630442142486572
            },
            "rot": {
                "y": 88.36985778808594
            },
            "preConditions": [
                [
                    {
                        "$type": "LGHFADJMBIM",
                        "FKODKIMPNFB": "QUEST_COND_QUEST_GLOBAL_VAR_EQUAL",
                        "paramList": [
                            400201,
                            1
                        ]
                    }
                ]
            ],
            "platformInfo": {}
        },
        {
            "id": 405085000,
            "configId": 5085,
            "roomId": 1,
            "pos": {
                "x": -7.847766876220703,
                "y": 2.2308000779958093e-08,
                "z": -0.41295531392097473
            },
            "rot": {
                "y": 93.27227783203125
            },
            "preConditions": [
                [
                    {
                        "$type": "LGHFADJMBIM",
                        "FKODKIMPNFB": "QUEST_COND_QUEST_GLOBAL_VAR_EQUAL",
                        "paramList": [
                            7403601,
                            1
                        ]
                    }
                ]
            ],
            "platformInfo": {}
        },
        {
            "id": 405086000,
            "configId": 5086,
            "roomId": 1,
            "pos": {
                "x": -7.8536272048950195,
                "y": -4.355495093477657e-07,
                "z": 11.363340377807617
            },
            "rot": {
                "y": 86.400146484375
            },
            "platformInfo": {}
        },
        {
            "id": 405087000,
            "configId": 5087,
            "roomId": 1,
            "pos": {
                "x": -0.012021330185234547,
                "y": 1.2552939653396606,
                "z": -26.701610565185547
            },
            "rot": {
                "y": 359.1632995605469
            },
            "platformInfo": {}
        },
        {
            "id": 405088000,
            "configId": 5088,
            "roomId": 1,
            "pos": {
                "x": 7.92439079284668,
                "y": 6.639795060436882e-07,
                "z": -10.858980178833008
            },
            "rot": {
                "y": 269.5404968261719
            },
            "platformInfo": {}
        }
    ]
}