{
  "sceneId": 1033,
  "bornPosList": [
    {
      "_id": 100000097,
      "_configId": 2145,
      "roomId": 1,
      "_pos": {
        "x": 0.019184589385986328,
        "y": 0.3337298035621643,
        "z": -11.990180015563965
      },
      "_platformInfo": {}
    },
    {
      "_id": 100000098,
      "_configId": 2144,
      "roomId": 1,
      "_pos": {
        "x": -4.783114910125732,
        "y": 0.058187320828437805,
        "z": 2.773175001144409
      },
      "_rot": {
        "y": 166.73789978027344
      },
      "_platformInfo": {}
    },
    {
      "_id": 100000099,
      "_configId": 2067,
      "roomId": 1,
      "_pos": {
        "x": 5.044723033905029,
        "y": 0.05818803980946541,
        "z": -5.648746013641357
      },
      "_rot": {
        "y": 271.9103088378906
      },
      "_platformInfo": {}
    }
  ]
}