{
  "sceneId": 1064,
  "bornPosList": [
    {
      "_id": 100014323,
      "_configId": 3057,
      "roomId": 1,
      "_pos": {
        "x": 0.08817244321107864,
        "y": 0.09673108905553818,
        "z": -3.8271119594573975
      },
      "_platformInfo": {}
    }
  ]
}