{
    "sceneId": 10,
    "bornPosList": [
        {
            "id": 383040400,
            "configId": 30404,
            "pos": {
                "x": 398.66339111328125,
                "y": 91.0999984741211,
                "z": 445.8999938964844
            },
            "rot": {
                "y": 242.60000610351562
            },
            "preConditions": [
                [
                    {
                        "$type": "LGHFADJMBIM",
                        "FKODKIMPNFB": "QUEST_COND_ACTIVITY_CLIENT_COND",
                        "paramList": [
                            2023,
                            2023101,
                            1
                        ]
                    }
                ]
            ],
            "platformInfo": {}
        },
        {
            "id": 383040500,
            "configId": 30405,
            "pos": {
                "x": 429.3916931152344,
                "y": 100.33689880371094,
                "z": 625.164306640625
            },
            "rot": {
                "y": 324.70001220703125
            },
            "preConditions": [
                [
                    {
                        "$type": "LGHFADJMBIM",
                        "FKODKIMPNFB": "QUEST_COND_ACTIVITY_CLIENT_COND",
                        "paramList": [
                            2023,
                            2023201,
                            1
                        ]
                    }
                ]
            ],
            "platformInfo": {}
        },
        {
            "id": 383040600,
            "configId": 30406,
            "pos": {
                "x": 853.2421875,
                "y": 230.72349548339844,
                "z": 352.8463134765625
            },
            "rot": {
                "y": 297.3900146484375
            },
            "preConditions": [
                [
                    {
                        "$type": "LGHFADJMBIM",
                        "FKODKIMPNFB": "QUEST_COND_ACTIVITY_CLIENT_COND",
                        "paramList": [
                            2023,
                            2023401,
                            1
                        ]
                    }
                ]
            ],
            "platformInfo": {}
        },
        {
            "id": 383040700,
            "configId": 30407,
            "pos": {
                "x": 757.3026733398438,
                "y": 236.0727996826172,
                "z": 380.80029296875
            },
            "rot": {
                "y": 73.06999969482422
            },
            "preConditions": [
                [
                    {
                        "$type": "LGHFADJMBIM",
                        "FKODKIMPNFB": "QUEST_COND_ACTIVITY_CLIENT_COND",
                        "paramList": [
                            2023,
                            2023302,
                            1
                        ]
                    }
                ]
            ],
            "platformInfo": {}
        },
        {
            "id": 384457000,
            "configId": 4457,
            "pos": {
                "x": 308.0,
                "y": 170.5500030517578,
                "z": 835.8829956054688
            },
            "rot": {
                "y": -80.0
            },
            "preConditions": [
                [
                    {
                        "$type": "LGHFADJMBIM",
                        "FKODKIMPNFB": "QUEST_COND_QUEST_GLOBAL_VAR_EQUAL",
                        "paramList": [
                            4011401,
                            1
                        ]
                    }
                ]
            ],
            "platformInfo": {}
        },
        {
            "id": 384458000,
            "configId": 4458,
            "pos": {
                "x": -86.96322631835938,
                "y": 390.9173889160156,
                "z": 1393.968017578125
            },
            "rot": {
                "y": 158.11900329589844
            },
            "preConditions": [
                [
                    {
                        "$type": "LGHFADJMBIM",
                        "FKODKIMPNFB": "QUEST_COND_QUEST_GLOBAL_VAR_EQUAL",
                        "paramList": [
                            4011401,
                            1
                        ]
                    },
                    {
                        "$type": "LGHFADJMBIM",
                        "FKODKIMPNFB": "QUEST_COND_STATE_EQUAL",
                        "paramList": [
                            7905404,
                            3
                        ]
                    }
                ]
            ],
            "platformInfo": {}
        },
        {
            "id": 384459000,
            "configId": 4459,
            "pos": {
                "x": 441.3699951171875,
                "y": 212.0,
                "z": 995.5700073242188
            },
            "rot": {
                "y": -238.96299743652344
            },
            "preConditions": [
                [
                    {
                        "$type": "LGHFADJMBIM",
                        "FKODKIMPNFB": "QUEST_COND_QUEST_GLOBAL_VAR_EQUAL",
                        "paramList": [
                            4011401,
                            1
                        ]
                    },
                    {
                        "$type": "LGHFADJMBIM",
                        "FKODKIMPNFB": "QUEST_COND_STATE_EQUAL",
                        "paramList": [
                            7905201,
                            3
                        ]
                    }
                ]
            ],
            "platformInfo": {}
        },
        {
            "id": 384460000,
            "configId": 4460,
            "pos": {
                "x": 402.0,
                "y": 362.0,
                "z": -196.0
            },
            "rot": {
                "y": 163.85000610351562
            },
            "preConditions": [
                [
                    {
                        "$type": "LGHFADJMBIM",
                        "FKODKIMPNFB": "QUEST_COND_QUEST_GLOBAL_VAR_EQUAL",
                        "paramList": [
                            4011901,
                            1
                        ]
                    }
                ]
            ],
            "platformInfo": {}
        },
        {
            "id": 384461000,
            "configId": 4461,
            "pos": {
                "x": 880.0,
                "y": 290.0,
                "z": 364.0
            },
            "rot": {
                "y": -119.0
            },
            "preConditions": [
                [
                    {
                        "$type": "LGHFADJMBIM",
                        "FKODKIMPNFB": "QUEST_COND_QUEST_GLOBAL_VAR_EQUAL",
                        "paramList": [
                            4011501,
                            1
                        ]
                    }
                ]
            ],
            "platformInfo": {}
        },
        {
            "id": 384462000,
            "configId": 4462,
            "pos": {
                "x": 451.6903991699219,
                "y": 94.09098815917969,
                "z": 629.9954223632812
            },
            "rot": {
                "y": 37.1255989074707
            },
            "preConditions": [
                [
                    {
                        "$type": "LGHFADJMBIM",
                        "FKODKIMPNFB": "QUEST_COND_QUEST_GLOBAL_VAR_EQUAL",
                        "paramList": [
                            4011901,
                            1
                        ]
                    }
                ]
            ],
            "platformInfo": {}
        },
        {
            "id": 384463000,
            "configId": 4463,
            "pos": {
                "x": 367.38800048828125,