{
  "NJOLHJOFCMI": {
    "x": 9.477715794624044e-38
  },
  "OOBPEGOIKLA": 2.426441032273906e-35
}