{
  "LNAEGIICCII": {
    "x": 6.935986784611645e-33
  },
  "KOKCNFJEFHD": {
    "x": 2.3694278276172396e-38
  }
}