{
  "box": {
    "customAttackBoxSizeX": 1.1758970279489959e-37
  },
  "circle": {
    "JKPBHPAEAKP": 9.477711310468958e-38
  }
}