{
  "height": 1.2030516121440942e-19,
  "heightType": "Center",
  "radius": 2.3694278276172396e-38
}