{
  "height": 1.2030516121440942e-19,
  "heightType": "Center",
  "length": 9.477711310468958e-38
}