{
  "box": {
    "customAttackBoxSizeX": 7.70635876236654e-33
  },
  "circle": {
    "JKPBHPAEAKP": 3.88230565163825e-34
  }
}