{
  "LNAEGIICCII": {
    "x": 7.70635876236654e-33
  },
  "KOKCNFJEFHD": {
    "z": 9.477711310468958e-38
  }
}