{
  "LNAEGIICCII": {
    "x": 7.70635876236654e-33
  },
  "KOKCNFJEFHD": {
    "y": 3.88230565163825e-34
  }
}