{
  "EAKBINKIDBN": {
    "y": 3.913812114482653e-34
  },
  "DBCGPLKDEHB": {
    "y": 9.478860375209705e-38
  },
  "MMIOKCJGDFP": {
    "z": 2.3694278276172396e-38
  }
}