{
  "box": {
    "customAttackBoxSizeX": 1.1758970279489959e-37
  },
  "circle": {
    "KEFKADMENDO": 2.3694278276172396e-38
  }
}