{
  "NJOLHJOFCMI": {
    "x": 9.477715794624044e-38
  },
  "OOBPEGOIKLA": 1.5165256451711913e-36
}