{
  "NIKJDPGOICI": {
    "x": 9.62465258847683e-38
  },
  "JFFOBPEONIJ": {
    "z": 2.4061634273789004e-38
  }
}