{
  "PIGNOIGBLOM": {
    "x": 9.62465258847683e-38
  },
  "GMDKLJHKONO": {
    "z": 2.4061634273789004e-38
  }
}