{
  "NJOLHJOFCMI": {
    "x": 9.477715794624044e-38
  },
  "OOBPEGOIKLA": 6.2116890426212e-33
}