{
  "NJOLHJOFCMI": {
    "x": 9.477715794624044e-38
  },
  "OOBPEGOIKLA": 3.88230565163825e-34
}