{
  "NJOLHJOFCMI": {
    "x": 1.516434527139847e-36
  },
  "OOBPEGOIKLA": 3.791084524187583e-37
}