{
  "delayTime": 1.2030516121440942e-19,
  "duration": 2.3694303499544753e-38,
  "enableHead": true
}