{
  "FPJANGHACLK": {
    "x": 2.4262952434237553e-35
  },
  "KINJNPKIKHE": 9.477711310468958e-38
}