{
  "delayTime": 1.2030516121440942e-19,
  "duration": 2.3699325753240894e-38,
  "HONOPAGILOG": -1
}