{
  "BKBKGGAGNEA": [
    {
      "GPLJJLPBJEJ": 1.0081334574183345e-34,
      "KKFDIJKKHCB": 13
    },
    {
      "GPLJJLPBJEJ": 6.246993546080208e-33
    }
  ],
  "NFIIGJJMGJD": [
    {
      "KNNDAHMPKJL": [
        {
          "index": 1
        }
      ]
    }
  ]
}