{
  "FPJANGHACLK": {
    "x": 1.516434527139847e-36
  },
  "KINJNPKIKHE": 2.3694278276172396e-38
}