{
  "box": {
    "customAttackBoxSizeX": 7.70635876236654e-33
  },
  "circle": {
    "KEFKADMENDO": 2.3694278276172396e-38
  }
}