{
  "NJOLHJOFCMI": {
    "x": 1.516434527139847e-36
  },
  "OOBPEGOIKLA": 9.477711310468958e-38
}