{
  "NJOLHJOFCMI": {
    "x": 2.4262952434237553e-35
  },
  "OOBPEGOIKLA": 3.791084524187583e-37
}