{
  "id": 4,
  "sceneId": 3,
  "regions": [
    {
      "$type": "JFJGBBNGJOE",
      "id": 401,
      "limitShapes": [
        {
          "pos": {
            "x": 841.1978759765625,
            "y": 212.30911254882812,
            "z": 5623.9775390625
          },
          "rot": {
            "y": 349.642822265625
          },
          "shape": {
            "$type": "HAIFNCHBCNL",
            "useHeight": true,
            "height": 50.0,
            "centerType": "Center",
            "width": 105.0,
            "length": 188.8188018798828
          }
        }
      ],
      "routePoints": [
        {
          "id": 4010001,
          "damageRatio": "REGION_ENTRANCE",
          "pos": {
            "x": 857.77783203125,
            "y": 226.2035369873047,
            "z": 5719.5166015625
          },
          "condslogicType": "LOGIC_AND",
          "adjacencies": [
            4010002
          ],
          "routeRegionId": 4294967295,
          "routePointId": 4294967295
        }
      ],
      "isRoutePointsFullyConnected": true
    }
  ]
}