{
  "id": 35,
  "sceneId": 3,
  "regions": [
    {
      "$type": "DOCIEEHHKHL",
      "id": 3501,
      "limitShapes": [
        {
          "pos": {
            "x": 3712.61376953125,
            "y": 379.1316223144531,
            "z": 4993.55908203125
          },
          "shape": {
            "$type": "EHOAKHCMJJG",
            "useHeight": true,
            "height": 79.27574157714844,
            "centerType": "Center",
            "width": 229.2517852783203,
            "length": 156.77926635742188
          }
        },
        {
          "pos": {
            "x": 3668.5751953125,
            "y": 310.5142822265625,
            "z": 5038.01513671875
          },
          "shape": {
            "$type": "GLNLJIJMDJD",
            "useHeight": true,
            "height": 80.0,
            "radius": 7.0
          }
        }
      ],
      "routePoints": [
        {
          "id": 35010001,
          "KPGKDHAFHFE": "REGION_ENTRANCE",
          "pos": {
            "x": 3667.259033203125,
            "y": 279.29998779296875,
            "z": 5037.94921875
          },
          "condslogicType": "LOGIC_AND",
          "routeRegionId": 4294967295,
          "routePointId": 4294967295
        }
      ],
      "isRoutePointsFullyConnected": true
    }
  ]
}