{
  "id": 52,
  "sceneId": 3,
  "regions": [
    {
      "$type": "LEJJNOPGKML",
      "id": 5201,
      "limitShapes": [
        {
          "pos": {
            "x": -2791.609619140625,
            "y": 136.41908264160156,
            "z": 8574.2587890625
          },
          "rot": {
            "x": 0.3183667063713074,
            "y": 20.824405670166016,
            "z": 0.12109047919511795
          },
          "shape": {
            "$type": "NBBPEINDJKM",
            "useHeight": true,
            "height": 98.65805053710938,
            "width": 206.7479248046875,
            "length": 208.4678497314453
          }
        },
        {
          "pos": {
            "x": -2734.124755859375,
            "y": 45.16432189941406,
            "z": 8551.1416015625
          },
          "rot": {
            "y": 24.454008102416992
          },
          "shape": {
            "$type": "OEPHFBMJJEJ",
            "useHeight": true,
            "height": 97.78350067138672,
            "centerType": "Center",
            "width": 131.10540771484375,
            "length": 156.48699951171875
          }
        }
      ],
      "routePoints": [
        {
          "id": 52010001,
          "damageRatio": "REGION_ENTRANCE",
          "pos": {
            "x": -2706.8349609375,
            "y": 174.9774169921875,
            "z": 8563.9599609375
          },
          "DBENEAGFOLI": {
            "JGAJEPIGCAN": true
          },
          "condslogicType": "LOGIC_AND",
          "routeRegionId": 4294967295,
          "routePointId": 4294967295
        }
      ],
      "isRoutePointsFullyConnected": true
    }
  ]
}