{
  "id": 3,
  "sceneId": 3,
  "regions": [
    {
      "$type": "LGHFPOHEJHI",
      "id": 301,
      "limitShapes": [
        {
          "pos": {
            "x": 463.3146057128906,
            "y": 235.074951171875,
            "z": 6083.53662109375
          },
          "rot": {
            "y": 311.37615966796875
          },
          "shape": {
            "$type": "BEJBBMBAOMP",
            "useHeight": true,
            "height": 50.0,
            "centerType": "Center",
            "width": 90.0,
            "length": 175.0
          }
        }
      ],
      "routePoints": [
        {
          "id": 3010001,
          "damageRatio": "REGION_ENTRANCE",
          "pos": {
            "x": 512.8953857421875,
            "y": 255.37564086914062,
            "z": 6008.75634765625
          },
          "priority": 255,
          "condslogicType": "LOGIC_AND",
          "adjacencies": [
            3010002
          ],
          "routeRegionId": 4294967295,
          "routePointId": 4294967295
        }
      ],
      "isRoutePointsFullyConnected": true
    }
  ]
}