{
  "id": 31,
  "sceneId": 3,
  "regions": [
    {
      "$type": "PIKIGKPKFGA",
      "id": 3103,
      "limitShapes": [
        {
          "pos": {
            "x": 4973.4248046875,
            "y": 486.9885559082031,
            "z": 3993.986328125
          },
          "shape": {
            "$type": "IALGLFDCLKF",
            "useHeight": true,
            "height": 64.61934661865234,
            "centerType": "Center",
            "width": 425.2364807128906,
            "length": 108.70127868652344
          }
        }
      ],
      "routePoints": [
        {
          "id": 31030001,
          "damageRatio": "REGION_ENTRANCE",
          "pos": {
            "x": 5018.623046875,
            "y": 493.6341857910156,
            "z": 4013.063720703125
          },
          "condslogicType": "LOGIC_AND",
          "adjacencies": [
            31030002
          ],
          "routeRegionId": 4294967295,
          "routePointId": 4294967295
        }
      ],
      "isRoutePointsFullyConnected": true
    }
  ]
}