{
  "id": 47,
  "sceneId": 3,
  "regions": [
    {
      "$type": "JFJGBBNGJOE",
      "id": 4701,
      "limitShapes": [
        {
          "pos": {
            "x": -1361.6162109375,
            "y": 40.24201583862305,
            "z": 8022.45166015625
          },
          "rot": {
            "y": 39.697994232177734
          },
          "shape": {
            "$type": "HAIFNCHBCNL",
            "useHeight": true,
            "height": 60.03430938720703,
            "centerType": "Center",
            "width": 107.1411361694336,
            "length": 63.941734313964844
          }
        },
        {
          "pos": {
            "x": -1341.5098876953125,
            "y": -78.49461364746094,
            "z": 7984.81982421875
          },
          "shape": {
            "$type": "HAIFNCHBCNL",
            "useHeight": true,
            "height": 208.60760498046875,
            "centerType": "Center",
            "width": 209.35679626464844,
            "length": 209.35678100585938
          }
        }
      ],
      "routePoints": [
        {
          "id": 47010001,
          "damageRatio": "REGION_ENTRANCE",
          "pos": {
            "x": -1378.6466064453125,
            "y": 64.21109771728516,
            "z": 8060.11181640625
          },
          "JLKPMNKICIN": {
            "HPPOHPDPAAK": true
          },
          "condslogicType": "LOGIC_AND",
          "adjacencies": [
            47010003
          ],
          "routeRegionId": 4294967295,
          "routePointId": 4294967295
        }
      ],
      "isRoutePointsFullyConnected": true
    }
  ]
}