{
  "id": 5,
  "sceneId": 3,
  "regions": [
    {
      "$type": "PIKIGKPKFGA",
      "id": 501,
      "limitShapes": [
        {
          "pos": {
            "x": 610.3402099609375,
            "y": 316.2148132324219,
            "z": 5648.05322265625
          },
          "rot": {
            "y": 316.099609375
          },
          "shape": {
            "$type": "IALGLFDCLKF",
            "useHeight": true,
            "height": 12.723979949951172,
            "centerType": "Center",
            "width": 40.21186065673828,
            "length": 108.9280014038086
          }
        }
      ],
      "routePoints": [
        {
          "id": 5010001,
          "damageRatio": "REGION_ENTRANCE",
          "pos": {
            "x": 623.2017822265625,
            "y": 311.04718017578125,
            "z": 5617.91845703125
          },
          "priority": 255,
          "FLOHDOPAGLG": {
            "offset": {
              "y": 1.0
            },
            "FFEPKLJHNBP": true
          },
          "condslogicType": "LOGIC_AND",
          "adjacencies": [
            5010002
          ],
          "routeRegionId": 4294967295,
          "routePointId": 4294967295
        }
      ],
      "isRoutePointsFullyConnected": true
    }
  ]
}