{
  "id": 33,
  "sceneId": 3,
  "regions": [
    {
      "$type": "LBGLCFOEKNB",
      "id": 3301,
      "limitShapes": [
        {
          "pos": {
            "x": 2620.702392578125,
            "y": 276.213623046875,
            "z": 4807.13037109375
          },
          "shape": {
            "$type": "JEJEBEIKDEE",
            "useHeight": true,
            "height": 324.299560546875,
            "radius": 100.0
          }
        }
      ],
      "routePoints": [
        {
          "id": 33010001,
          "damageRatio": "REGION_ENTRANCE",
          "pos": {
            "x": 2692.45654296875,
            "y": 435.8287658691406,
            "z": 4808.76708984375
          },
          "condslogicType": "LOGIC_AND",
          "routeRegionId": 4294967295,
          "routePointId": 4294967295
        }
      ],
      "isRoutePointsFullyConnected": true
    }
  ]
}