{
  "id": 46,
  "sceneId": 3,
  "regions": [
    {
      "$type": "LEJJNOPGKML",
      "id": 4601,
      "limitShapes": [
        {
          "pos": {
            "x": -1424.909912109375,
            "y": -91.99593353271484,
            "z": 8449.677734375
          },
          "shape": {
            "$type": "EGMMFKMBFLE",
            "useHeight": true,
            "height": 200.5306854248047,
            "radius": 47.18008804321289
          }
        },
        {
          "pos": {
            "x": -1322.7176513671875,
            "y": -200.811279296875,
            "z": 8581.388671875
          },
          "shape": {
            "$type": "EGMMFKMBFLE",
            "useHeight": true,
            "height": 175.71034240722656,
            "radius": 272.5773620605469
          }
        }
      ],
      "routePoints": [
        {
          "id": 46010001,
          "damageRatio": "REGION_ENTRANCE",
          "pos": {
            "x": -1427.1512451171875,
            "y": 6.474970817565918,
            "z": 8442.5673828125
          },
          "condslogicType": "LOGIC_AND",
          "routeRegionId": 4294967295,
          "routePointId": 4294967295
        }
      ],
      "isRoutePointsFullyConnected": true
    }
  ]
}