{
  "id": 36,
  "sceneId": 3,
  "regions": [
    {
      "$type": "LBGLCFOEKNB",
      "id": 3601,
      "limitShapes": [
        {
          "pos": {
            "x": 2424.9970703125,
            "y": 226.2747802734375,
            "z": 4959.58154296875
          },
          "shape": {
            "$type": "HOOINOFAEHH",
            "useHeight": true,
            "height": 44.86456298828125,
            "centerType": "Center",
            "width": 14.911968231201172,
            "length": 13.418890953063965
          }
        },
        {
          "pos": {
            "x": 2408.784423828125,
            "y": 186.87960815429688,
            "z": 4951.4091796875
          },
          "rot": {
            "y": 45.74808883666992
          },
          "shape": {
            "$type": "HOOINOFAEHH",
            "useHeight": true,
            "height": 35.34231948852539,
            "centerType": "Center",
            "width": 47.61473083496094,
            "length": 90.6550521850586
          }
        }
      ],
      "routePoints": [
        {
          "id": 36010001,
          "damageRatio": "REGION_ENTRANCE",
          "pos": {
            "x": 2424.390869140625,
            "y": 244.3000030517578,
            "z": 4959.48193359375
          },
          "condslogicType": "LOGIC_AND",
          "adjacencies": [
            36010002
          ],
          "routeRegionId": 4294967295,
          "routePointId": 4294967295
        }
      ],
      "isRoutePointsFullyConnected": true
    }
  ]
}