{
  "id": 6,
  "sceneId": 3,
  "regions": [
    {
      "$type": "LEJJNOPGKML",
      "id": 601,
      "limitShapes": [
        {
          "pos": {
            "x": 2566.01220703125,
            "y": 234.1192169189453,
            "z": 4687.162109375
          },
          "shape": {
            "$type": "OEPHFBMJJEJ",
            "useHeight": true,
            "height": 84.33426666259766,
            "centerType": "Center",
            "width": 77.90038299560547,
            "length": 121.70335388183594
          }
        },
        {
          "pos": {
            "x": 2574.317626953125,
            "y": 227.9658966064453,
            "z": 4753.78955078125
          },
          "shape": {
            "$type": "OEPHFBMJJEJ",
            "useHeight": true,
            "height": 33.19829177856445,
            "centerType": "Center",
            "width": 40.44733428955078,
            "length": 46.844078063964844
          }
        }
      ],
      "routePoints": [
        {
          "id": 6010001,
          "damageRatio": "REGION_ENTRANCE",
          "pos": {
            "x": 2579.656494140625,
            "y": 238.94076538085938,
            "z": 4766.841796875
          },
          "condslogicType": "LOGIC_AND",
          "routeRegionId": 4294967295,
          "routePointId": 4294967295
        }
      ],
      "isRoutePointsFullyConnected": true
    }
  ]
}