{
  "DJJCMNIPHAM": {
    "DBCFFHKBHEB": {
      "data": [
        -3.4028234663852886e+38,
        2001.95458984375,
        2590.6845703125,
        3.4028234663852886e+38
      ]
    },
    "AMADEFKHAHB": {
      "data": [
        -3.4028234663852886e+38,
        127.42639923095703,
        316.8630676269531,
        3.4028234663852886e+38
      ]
    },
    "GDBJOMNIAMB": {
      "data": [
        -3.4028234663852886e+38,
        -1127.544189453125,
        -538.814208984375,
        3.4028234663852886e+38
      ]
    },
    "GLAMCODGDGF": {
      "length": 5,
      "data": [
        0,
        1,
        0,
        0,
        0
      ]
    },
    "COAGCLHHNPA": {
      "length": 5,
      "data": [
        0,
        1,
        0,
        0,
        0
      ]
    },
    "FOJBKAHELCK": {
      "length": 5,
      "data": [
        0,
        1,
        0,
        0,
        0
      ]
    }
  }
}