{
  "DJJCMNIPHAM": {
    "DBCFFHKBHEB": {
      "data": [
        -3.4028234663852886e+38,
        1612.978759765625,
        2023.059814453125,
        3.4028234663852886e+38
      ]
    },
    "AMADEFKHAHB": {
      "data": [
        -3.4028234663852886e+38,
        368.3189697265625,
        530.9268798828125,
        3.4028234663852886e+38
      ]
    },
    "GDBJOMNIAMB": {
      "data": [
        -3.4028234663852886e+38,
        4614.7470703125,
        5024.828125,
        3.4028234663852886e+38
      ]
    },
    "GLAMCODGDGF": {
      "length": 5,
      "data": [
        0,
        1,
        0,
        0,
        0
      ]
    },
    "COAGCLHHNPA": {
      "length": 5,
      "data": [
        0,
        1,
        0,
        0,
        0
      ]
    },
    "FOJBKAHELCK": {
      "length": 5,
      "data": [
        0,
        1,
        0,
        0,
        0
      ]
    }
  }
}