{
  "KBAOKAGDAPB": {
    "EJGDHAMPMCN": {
      "data": [
        -3.4028234663852886e+38,
        -120.73794555664062,
        118.8532485961914,
        169.2615966796875,
        173.92337036132812,
        263.3658142089844,
        278.3400573730469,
        296.37548828125,
        461.2978515625,
        491.6184387207031,
        524.720703125,
        692.8132934570312,
        744.276123046875,
        748.6485595703125,
        811.4002685546875,
        816.3660888671875,
        830.7218627929688,
        845.498779296875,
        1270.093505859375,
        3.4028234663852886e+38
      ]
    },
    "FFHGKKKPBME": {
      "data": [
        -3.4028234663852886e+38,
        -325.285400390625,
        -283.123291015625,
        -263.58526611328125,
        -65.51791381835938,
        1.6668434143066406,
        21.629825592041016,
        22.752899169921875,
        32.43260955810547,
        33.960208892822266,
        44.999794006347656,
        69.49231719970703,
        89.56132507324219,
        114.57640075683594,
        131.53701782226562,
        159.654052734375,
        348.7711181640625,
        420.08734130859375,
        432.8670654296875,
        3.4028234663852886e+38
      ]
    },
    "LLCBPDLCCIF": {
      "data": [
        -3.4028234663852886e+38,
        181.8964385986328,
        291.1793518066406,
        361.7074279785156,
        415.8614501953125,
        495.747314453125,
        561.4326171875,
        566.097412109375,
        567.22216796875,
        579.9378662109375,
        590.8014526367188,
        604.9453125,
        624.184326171875,
        664.2191772460938,
        666.5927734375,
        750.2882690429688,
        802.1277465820312,
        974.0638427734375,
        1036.5521240234375,
        3.4028234663852886e+38
      ]
    },
    "EKCLJLPIDNB": {
      "length": 21,
      "data": [
        0,
        64,
        96,
        97,
        99,
        98,
        66,
        64,
        320,
        256,
        384,
        400,
        408,
        412,
        408,
        400,
        384,
        128,
        0,
        0,
        0
      ]
    },
    "BCIGMHGDFPF": {
      "length": 21,
      "data": [
        0,
        128,
        384,
        448,
        480,
        481,
        485,
        501,
        509,
        511,
        510,
        502,
        498,
        482,
        450,
        448,
        384,
        256,
        0,
        0,
        0
      ]
    },
    "JPOPGOGCDHM": {
      "length": 21,
      "data": [
        0,
        256,
        384,
        448,
        450,
        451,
        455,
        199,
        207,
        205,
        237,
        236,
        232,
        248,
        240,
        208,
        192,
        128,
        0,
        0,
        0
      ]
    }
  }
}