{
  "FAHLEDEFPPE": {
    "GFBPKPKDNBC": {
      "data": [
        -3.4028234663852886e+38,
        133.89097595214844,
        255.1521759033203,
        3.4028234663852886e+38
      ]
    },
    "JKHEPNBECFO": {
      "data": [
        -3.4028234663852886e+38,
        124.46920776367188,
        249.31307983398438,
        3.4028234663852886e+38
      ]
    },
    "PBOODNAKNEI": {
      "data": [
        -3.4028234663852886e+38,
        1432.339111328125,
        1553.600341796875,
        3.4028234663852886e+38
      ]
    },
    "DKEFFFOAICD": {
      "length": 5,
      "data": [
        0,
        1,
        0,
        0,
        0
      ]
    },
    "OBKOGJCFCEG": {
      "length": 5,
      "data": [
        0,
        1,
        0,
        0,
        0
      ]
    },
    "HCOKGKANAEI": {
      "length": 5,
      "data": [
        0,
        1,
        0,
        0,
        0
      ]
    }
  }
}