{
  "NCNFLLFMNMA": {
    "GBCHCHACGGO": {
      "data": [
        -3.4028234663852886e+38,
        1676.1739501953125,
        1878.4400634765625,
        3.4028234663852886e+38
      ]
    },
    "ILMOAGLMAGF": {
      "data": [
        -3.4028234663852886e+38,
        182.960205078125,
        240.791015625,
        3.4028234663852886e+38
      ]
    },
    "BNODLEMHJDK": {
      "data": [
        -3.4028234663852886e+38,
        -514.3407592773438,
        -312.07464599609375,
        3.4028234663852886e+38
      ]
    },
    "CMJMMDEOJIC": {
      "length": 5,
      "data": [
        0,
        1,
        0,
        0,
        0
      ]
    },
    "PNNHKIMNFEP": {
      "length": 5,
      "data": [
        0,
        1,
        0,
        0,
        0
      ]
    },
    "KNLCBEIIEEN": {
      "length": 5,
      "data": [
        0,
        1,
        0,
        0,
        0
      ]
    }
  }
}