{
  "KBEIBJEBIMD": {
    "GOEKNOEEPIM": {
      "data": [
        -3.4028234663852886e+38,
        3272.0712890625,
        3848.02880859375,
        3.4028234663852886e+38
      ]
    },
    "ALPLHCBDKKN": {
      "data": [
        -3.4028234663852886e+38,
        333.23529052734375,
        680.6248168945312,
        3.4028234663852886e+38
      ]
    },
    "AJNPBBCJCHK": {
      "data": [
        -3.4028234663852886e+38,
        3455.3828125,
        3862.11279296875,
        3.4028234663852886e+38
      ]
    },
    "HHDLHBGNDCF": {
      "length": 5,
      "data": [
        0,
        1,
        0,
        0,
        0
      ]
    },
    "CDLJIGJJHOM": {
      "length": 5,
      "data": [
        0,
        1,
        0,
        0,
        0
      ]
    },
    "MOAHKHOEACJ": {
      "length": 5,
      "data": [
        0,
        1,
        0,
        0,
        0
      ]
    }
  }
}