{
  "FAHLEDEFPPE": {
    "GFBPKPKDNBC": {
      "data": [
        -3.4028234663852886e+38,
        2635.986328125,
        2846.4638671875,
        3.4028234663852886e+38
      ]
    },
    "JKHEPNBECFO": {
      "data": [
        -3.4028234663852886e+38,
        299.9441833496094,
        461.8299255371094,
        3.4028234663852886e+38
      ]
    },
    "PBOODNAKNEI": {
      "data": [
        -3.4028234663852886e+38,
        4075.3935546875,
        4359.03515625,
        3.4028234663852886e+38
      ]
    },
    "DKEFFFOAICD": {
      "length": 5,
      "data": [
        0,
        1,
        0,
        0,
        0
      ]
    },
    "OBKOGJCFCEG": {
      "length": 5,
      "data": [
        0,
        1,
        0,
        0,
        0
      ]
    },
    "HCOKGKANAEI": {
      "length": 5,
      "data": [
        0,
        1,
        0,
        0,
        0
      ]
    }
  }
}