{
  "DJJCMNIPHAM": {
    "DBCFFHKBHEB": {
      "data": [
        -3.4028234663852886e+38,
        2775.3056640625,
        3570.8837890625,
        3.4028234663852886e+38
      ]
    },
    "AMADEFKHAHB": {
      "data": [
        -3.4028234663852886e+38,
        89.82315063476562,
        885.4012451171875,
        3.4028234663852886e+38
      ]
    },
    "GDBJOMNIAMB": {
      "data": [
        -3.4028234663852886e+38,
        2499.644775390625,
        3295.222900390625,
        3.4028234663852886e+38
      ]
    },
    "GLAMCODGDGF": {
      "length": 5,
      "data": [
        0,
        1,
        0,
        0,
        0
      ]
    },
    "COAGCLHHNPA": {
      "length": 5,
      "data": [
        0,
        1,
        0,
        0,
        0
      ]
    },
    "FOJBKAHELCK": {
      "length": 5,
      "data": [
        0,
        1,
        0,
        0,
        0
      ]
    }
  }
}