{
  "NCNFLLFMNMA": {
    "GBCHCHACGGO": {
      "data": [
        -3.4028234663852886e+38,
        1391.588134765625,
        1683.598388671875,
        3.4028234663852886e+38
      ]
    },
    "ILMOAGLMAGF": {
      "data": [
        -3.4028234663852886e+38,
        -543.8948364257812,
        -168.51983642578125,
        3.4028234663852886e+38
      ]
    },
    "BNODLEMHJDK": {
      "data": [
        -3.4028234663852886e+38,
        3448.17431640625,
        3660.69091796875,
        3.4028234663852886e+38
      ]
    },
    "CMJMMDEOJIC": {
      "length": 5,
      "data": [
        0,
        1,
        0,
        0,
        0
      ]
    },
    "PNNHKIMNFEP": {
      "length": 5,
      "data": [
        0,
        1,
        0,
        0,
        0
      ]
    },
    "KNLCBEIIEEN": {
      "length": 5,
      "data": [
        0,
        1,
        0,
        0,
        0
      ]
    }
  }
}