{
  "NCNFLLFMNMA": {
    "GBCHCHACGGO": {
      "data": [
        -3.4028234663852886e+38,
        4661.2275390625,
        4919.7724609375,
        3.4028234663852886e+38
      ]
    },
    "ILMOAGLMAGF": {
      "data": [
        -3.4028234663852886e+38,
        159.380126953125,
        265.28466796875,
        3.4028234663852886e+38
      ]
    },
    "BNODLEMHJDK": {
      "data": [
        -3.4028234663852886e+38,
        4649.37451171875,
        4907.91943359375,
        3.4028234663852886e+38
      ]
    },
    "CMJMMDEOJIC": {
      "length": 5,
      "data": [
        0,
        1,
        0,
        0,
        0
      ]
    },
    "PNNHKIMNFEP": {
      "length": 5,
      "data": [
        0,
        1,
        0,
        0,
        0
      ]
    },
    "KNLCBEIIEEN": {
      "length": 5,
      "data": [
        0,
        1,
        0,
        0,
        0
      ]
    }
  }
}