{
  "KBEIBJEBIMD": {
    "GOEKNOEEPIM": {
      "data": [
        -3.4028234663852886e+38,
        7.322181701660156,
        17.320693969726562,
        25.6561279296875,
        42.6925048828125,
        3.4028234663852886e+38
      ]
    },
    "ALPLHCBDKKN": {
      "data": [
        -3.4028234663852886e+38,
        7.0264668464660645,
        8.013066291809082,
        14.996017456054688,
        15.116721153259277,
        3.4028234663852886e+38
      ]
    },
    "AJNPBBCJCHK": {
      "data": [
        -3.4028234663852886e+38,
        -10.682766914367676,
        6.044753074645996,
        6.6363420486450195,
        17.3125,
        3.4028234663852886e+38
      ]
    },
    "HHDLHBGNDCF": {
      "length": 7,
      "data": [
        0,
        2,
        0,
        1,
        0,
        0,
        0
      ]
    },
    "CDLJIGJJHOM": {
      "length": 7,
      "data": [
        0,
        2,
        3,
        1,
        0,
        0,
        0
      ]
    },
    "MOAHKHOEACJ": {
      "length": 7,
      "data": [
        0,
        2,
        3,
        1,
        0,
        0,
        0
      ]
    }
  }
}