{
  "NCNFLLFMNMA": {
    "GBCHCHACGGO": {
      "data": [
        -3.4028234663852886e+38,
        406.9454345703125,
        488.68743896484375,
        533.3557739257812,
        534.242919921875,
        3.4028234663852886e+38
      ]
    },
    "ILMOAGLMAGF": {
      "data": [
        -3.4028234663852886e+38,
        44.1247673034668,
        71.1168212890625,
        86.24954223632812,
        135.1231231689453,
        3.4028234663852886e+38
      ]
    },
    "BNODLEMHJDK": {
      "data": [
        -3.4028234663852886e+38,
        199.55209350585938,
        349.5004577636719,
        563.6146240234375,
        593.1212158203125,
        3.4028234663852886e+38
      ]
    },
    "CMJMMDEOJIC": {
      "length": 7,
      "data": [
        0,
        1,
        3,
        1,
        0,
        0,
        0
      ]
    },
    "PNNHKIMNFEP": {
      "length": 7,
      "data": [
        0,
        1,
        3,
        1,
        0,
        0,
        0
      ]
    },
    "KNLCBEIIEEN": {
      "length": 7,
      "data": [
        0,
        1,
        0,
        2,
        0,
        0,
        0
      ]
    }
  }
}