{
  "OEBBPJADPDL": {
    "LMJKMLPKOFF": {
      "data": [
        -3.4028234663852886e+38,
        -2786.76220703125,
        -2697.361328125,
        3.4028234663852886e+38
      ]
    },
    "HNIAAIOFEIA": {
      "data": [
        -3.4028234663852886e+38,
        173.79806518554688,
        242.25186157226562,
        3.4028234663852886e+38
      ]
    },
    "KAMAFBLIMOI": {
      "data": [
        -3.4028234663852886e+38,
        8424.6484375,
        8511.3828125,
        3.4028234663852886e+38
      ]
    },
    "FEKOOBKEBBC": {
      "length": 5,
      "data": [
        0,
        1,
        0,
        0,
        0
      ]
    },
    "DOBPCAMELPD": {
      "length": 5,
      "data": [
        0,
        1,
        0,
        0,
        0
      ]
    },
    "LLLAPHMDHKP": {
      "length": 5,
      "data": [
        0,
        1,
        0,
        0,
        0
      ]
    }
  }
}