{
  "OEBBPJADPDL": {
    "LMJKMLPKOFF": {
      "data": [
        -3.4028234663852886e+38,
        -9.926040649414062,
        297.84130859375,
        3.4028234663852886e+38
      ]
    },
    "HNIAAIOFEIA": {
      "data": [
        -3.4028234663852886e+38,
        -80.105712890625,
        168.87777709960938,
        3.4028234663852886e+38
      ]
    },
    "KAMAFBLIMOI": {
      "data": [
        -3.4028234663852886e+38,
        -52.11810302734375,
        337.2669982910156,
        3.4028234663852886e+38
      ]
    },
    "FEKOOBKEBBC": {
      "length": 5,
      "data": [
        0,
        1,
        0,
        0,
        0
      ]
    },
    "DOBPCAMELPD": {
      "length": 5,
      "data": [
        0,
        1,
        0,
        0,
        0
      ]
    },
    "LLLAPHMDHKP": {
      "length": 5,
      "data": [
        0,
        1,
        0,
        0,
        0
      ]
    }
  }
}