{
  "DJJCMNIPHAM": {
    "DBCFFHKBHEB": {
      "data": [
        -3.4028234663852886e+38,
        -462.5128479003906,
        462.5128479003906,
        4384.02099609375,
        4823.70361328125,
        3.4028234663852886e+38
      ]
    },
    "AMADEFKHAHB": {
      "data": [
        -3.4028234663852886e+38,
        -172.88523864746094,
        -145.68496704101562,
        147.6146240234375,
        173.0852508544922,
        3.4028234663852886e+38
      ]
    },
    "GDBJOMNIAMB": {
      "data": [
        -3.4028234663852886e+38,
        -644.7484741210938,
        -462.5128479003906,
        262.23260498046875,
        462.5128479003906,
        3.4028234663852886e+38
      ]
    },
    "GLAMCODGDGF": {
      "length": 7,
      "data": [
        0,
        1,
        0,
        2,
        0,
        0,
        0
      ]
    },
    "COAGCLHHNPA": {
      "length": 7,
      "data": [
        0,
        1,
        3,
        1,
        0,
        0,
        0
      ]
    },
    "FOJBKAHELCK": {
      "length": 7,
      "data": [
        0,
        2,
        3,
        1,
        0,
        0,
        0
      ]
    }
  }
}