{
  "NCNFLLFMNMA": {
    "GBCHCHACGGO": {
      "data": [
        -3.4028234663852886e+38,
        1440.0361328125,
        1489.73681640625,
        1593.59619140625,
        1652.11669921875,
        3.4028234663852886e+38
      ]
    },
    "ILMOAGLMAGF": {
      "data": [
        -3.4028234663852886e+38,
        -100.00001525878906,
        200.0,
        318.062255859375,
        475.9249267578125,
        3.4028234663852886e+38
      ]
    },
    "BNODLEMHJDK": {
      "data": [
        -3.4028234663852886e+38,
        327.71820068359375,
        372.11480712890625,
        466.39178466796875,
        517.4059448242188,
        3.4028234663852886e+38
      ]
    },
    "CMJMMDEOJIC": {
      "length": 7,
      "data": [
        0,
        1,
        3,
        1,
        0,
        0,
        0
      ]
    },
    "PNNHKIMNFEP": {
      "length": 7,
      "data": [
        0,
        1,
        3,
        1,
        0,
        0,
        0
      ]
    },
    "KNLCBEIIEEN": {
      "length": 7,
      "data": [
        0,
        1,
        3,
        1,
        0,
        0,
        0
      ]
    }
  }
}