{
  "EDEOKMAPGIL": {
    "CEGKNOONEOB": {
      "data": [
        -3.4028234663852886e+38,
        -323.48187255859375,
        53.376922607421875,
        3.4028234663852886e+38
      ]
    },
    "ALMHNPHNBGJ": {
      "data": [
        -3.4028234663852886e+38,
        14.098442077636719,
        156.53726196289062,
        3.4028234663852886e+38
      ]
    },
    "FOIGJFKOCPN": {
      "data": [
        -3.4028234663852886e+38,
        3712.14111328125,
        4089.0,
        3.4028234663852886e+38
      ]
    },
    "ADJLOPEAKKG": {
      "length": 5,
      "data": [
        0,
        1,
        0,
        0,
        0
      ]
    },
    "MOMNLGNIMEN": {
      "length": 5,
      "data": [
        0,
        1,
        0,
        0,
        0
      ]
    },
    "OEJEHFMGIIK": {
      "length": 5,
      "data": [
        0,
        1,
        0,
        0,
        0
      ]
    }
  }
}