{
  "NCNFLLFMNMA": {
    "GBCHCHACGGO": {
      "data": [
        -3.4028234663852886e+38,
        -2659.93310546875,
        -2489.86767578125,
        3.4028234663852886e+38
      ]
    },
    "ILMOAGLMAGF": {
      "data": [
        -3.4028234663852886e+38,
        157.757568359375,
        242.6064453125,
        3.4028234663852886e+38
      ]
    },
    "BNODLEMHJDK": {
      "data": [
        -3.4028234663852886e+38,
        -3875.050048828125,
        -3704.984619140625,
        3.4028234663852886e+38
      ]
    },
    "CMJMMDEOJIC": {
      "length": 5,
      "data": [
        0,
        1,
        0,
        0,
        0
      ]
    },
    "PNNHKIMNFEP": {
      "length": 5,
      "data": [
        0,
        1,
        0,
        0,
        0
      ]
    },
    "KNLCBEIIEEN": {
      "length": 5,
      "data": [
        0,
        1,
        0,
        0,
        0
      ]
    }
  }
}