{
  "KBAOKAGDAPB": {
    "EJGDHAMPMCN": {
      "data": [
        -3.4028234663852886e+38,
        -584.8587646484375,
        -306.5899353027344,
        -244.57302856445312,
        -127.14859008789062,
        -93.80245971679688,
        -7.129974365234375,
        3.4028234663852886e+38
      ]
    },
    "FFHGKKKPBME": {
      "data": [
        -3.4028234663852886e+38,
        -1000.0000610351562,
        231.16729736328125,
        549.08447265625,
        668.180419921875,
        920.3849487304688,
        999.9999389648438,
        3.4028234663852886e+38
      ]
    },
    "LLCBPDLCCIF": {
      "data": [
        -3.4028234663852886e+38,
        9748.025390625,
        9966.1875,
        9991.0390625,
        10069.77734375,
        10113.322265625,
        10214.349609375,
        3.4028234663852886e+38
      ]
    },
    "EKCLJLPIDNB": {
      "length": 9,
      "data": [
        0,
        4,
        12,
        15,
        12,
        4,
        0,
        0,
        0
      ]
    },
    "BCIGMHGDFPF": {
      "length": 9,
      "data": [
        0,
        3,
        7,
        15,
        7,
        3,
        0,
        0,
        0
      ]
    },
    "JPOPGOGCDHM": {
      "length": 9,
      "data": [
        0,
        4,
        12,
        15,
        12,
        4,
        0,
        0,
        0
      ]
    }
  }
}