{
  "NCNFLLFMNMA": {
    "GBCHCHACGGO": {
      "data": [
        -3.4028234663852886e+38,
        -681.4295043945312,
        -387.59808349609375,
        -380.1517639160156,
        -346.44842529296875,
        -319.4935607910156,
        -260.25775146484375,
        -196.16192626953125,
        -114.88530731201172,
        -92.33280944824219,
        -42.04083251953125,
        -34.708900451660156,
        -13.019880294799805,
        30.222946166992188,
        32.39189910888672,
        34.444358825683594,
        45.799102783203125,
        54.68186950683594,
        64.91893005371094,
        64.9636459350586,
        69.8934326171875,
        78.4512939453125,
        81.11505126953125,
        84.25420379638672,
        85.5242919921875,
        89.05986022949219,
        96.29360961914062,
        102.69993591308594,
        107.92521667480469,
        110.4942626953125,
        115.65191650390625,
        121.88735961914062,
        140.24581909179688,
        150.70953369140625,
        165.17926025390625,
        190.23219299316406,
        198.16485595703125,
        198.38827514648438,
        223.48609924316406,
        223.95257568359375,
        225.06637573242188,
        236.84193420410156,
        268.5211486816406,
        303.44085693359375,
        309.788330078125,
        329.1125793457031,
        329.53271484375,
        344.2190856933594,
        344.369384765625,
        351.6324462890625,
        354.553466796875,
        379.8643798828125,
        417.86749267578125,
        456.26239013671875,
        472.7251892089844,
        645.0350341796875,
        706.8792724609375,
        796.5167236328125,
        806.7296752929688,
        886.0782470703125,
        915.4156494140625,
        1337.308349609375,
        1364.320068359375,
        1388.615966796875,
        1482.99658203125,
        3.4028234663852886e+38
      ]
    },
    "ILMOAGLMAGF": {
      "data": [
        -3.4028234663852886e+38,
        148.59005737304688,
        199.8572998046875,
        209.36224365234375,
        222.8450469970703,
        231.1638946533203,
        265.7577819824219,
        284.2925720214844,
        287.80267333984375,
        294.2783508300781,
        336.8861999511719,
        367.8555603027344,
        367.90838623046875,
        382.54412841796875,
        389.15185546875,
        391.2730407714844,
        400.1227111816406,
        400.29901123046875,
        404.56524658203125,
        407.59332275390625,
        409.35064697265625,
        412.07525634765625,
        412.8555603027344,
        416.39068603515625,
        417.01806640625,
        418.47869873046875,
        419.15185546875,
        423.3712158203125,
        426.1432189941406,
        427.57061767578125,
        432.59332275390625,
        433.04266357421875,
        434.7279052734375,
        436.1432189941406,
        439.29071044921875,
        441.166748046875,
        443.65704345703125,
        445.1227111816406,
        456.6201171875,
        463.26953125,
        467.53912353515625,
        473.6143798828125,
        473.65704345703125,
        473.8687744140625,
        479.59246826171875,
        481.37225341796875,
        492.832275390625,
        496.6201171875,
        497.72021484375,
        497.7242431640625,
        498.7711181640625,
        522.9254760742188,
        530.6752319335938,
        532.0670776367188,
        532.3340454101562,
        538.2252197265625,
        539.4487915039062,
        544.6375122070312,
        546.1146240234375,
        564.4487915039062,
        576.2877807617188,
        582.1179809570312,
        583.6146240234375,
        590.1217651367188,
        718.3961791992188,
        3.4028234663852886e+38
      ]
    },
    "BNODLEMHJDK": {
      "data": [
        -3.4028234663852886e+38,
        -954.4615478515625,
        -948.28564453125,
        -920.720703125,
        -914.061767578125,
        -911.94873046875,
        -911.9044189453125,
        -904.2281494140625,
        -902.5942993164062,
        -902.2249755859375,
        -900.492919921875,
        -886.044921875,
        -878.356689453125,
        -872.9954833984375,
        -869.8668212890625,
        -867.3988037109375,
        -861.4866333007812,
        -857.4127197265625,
        -761.904296875,
        -743.09130859375,
        -730.574462890625,
        -682.439208984375,
        -648.778076171875,
        -641.8715209960938,
        -618.2938842773438,
        -598.044921875,
        -571.416259765625,
        -540.7686767578125,
        -525.1517333984375,
        -520.1692504882812,
        -519.02392578125,
        -491.97869873046875,
        -490.73944091796875,
        -478.30596923828125,
        -477.9591064453125,
        -458.0555419921875,
        -412.4981689453125,
        -232.28553771972656,
        -92.96195983886719,
        90.22093200683594,
        106.00001525878906,
        123.51213836669922,
        151.0145263671875,
        151.97006225585938,
        176.00929260253906,
        176.46237182617188,
        181.29193115234375,
        186.14599609375,
        190.67074584960938,
        191.1157989501953,
        223.01089477539062,
        224.9673614501953,
        258.1249084472656,
        327.0431823730469,
        338.0526123046875,
        342.544189453125,
        446.54827880859375,
        679.1455078125,
        720.5859375,
        758.638916015625,
        781.89111328125,
        789.661865234375,
        790.12060546875,
        804.752197265625,
        866.274169921875,
        3.4028234663852886e+38
      ]
    },
    "CMJMMDEOJIC": {
      "length": 67,
      "data": [
        0,
        0,
        2097152,
        0,
        18874368,
        0,
        52428800,
        0,
        35651584,
        0,
        2097152,
        0,
        6291456,
        0,
        14680064,
        0,
        6291456,
        0,
        6291456,
        1,
        2097152,
        1,
        2105344,
        1,
        2109440,
        1,
        2125824,
        1,
        2125824,
        0,
        2127872,
        0,
        2119680,
        0,
        2119936,
        0,
        2120960,
        0,
        2116864,
        0,
        -2145366720,
        0,
        -2144842432,
        0,
        -2144858816,
        0,
        -2144860864,
        0,
        -2144860352,
        0,
        -2144860608,
        0,
        -2143812032,
        0,
        -2143779264,
        0,
        -2143780288,
        0,
        -2143780160,
        0,
        -2144304448,
        0,
        -2144304960,
        0,
        -2144305088,
        0,
        -2145353664,
        0,
        -2145222592,
        0,
        -2144960448,
        0,
        -2145091520,
        0,
        -2145025984,
        0,
        -2145288128,
        0,
        -2011070400,
        0,
        -2011135936,
        0,
        -2011168704,
        0,
        -400555968,
        0,
        -333447104,
        0,
        -333447096,
        0,
        -65011640,
        0,
        -65011624,
        0,
        -333447080,
        0,
        -333447096,
        0,
        -333447104,
        0,
        -333447100,
        0,
        -333447104,
        0,
        -400555968,
        0,
        -534773696,
        0,
        -2145386432,
        0,
        2097152,
        0,
        2097154,
        0,
        2097152,
        0,
        0,
        0,
        32,
        0,
        0,
        0,
        1,
        0,
        1,
        2,
        1,
        0,
        0,
        0,
        0,
        0,
        0,
        0
      ]
    },
    "PNNHKIMNFEP": {
      "length": 67,