{
  "OEBBPJADPDL": {
    "LMJKMLPKOFF": {
      "data": [
        -3.4028234663852886e+38,
        237.00039672851562,
        369.6709289550781,
        591.7721557617188,
        743.8338623046875,
        1020.5662231445312,
        1890.207275390625,
        1931.354248046875,
        1991.6639404296875,
        2995.0029296875,
        3087.115966796875,
        3.4028234663852886e+38
      ]
    },
    "HNIAAIOFEIA": {
      "data": [
        -3.4028234663852886e+38,
        -136.27899169921875,
        -25.12750244140625,
        15.06689453125,
        163.081298828125,
        234.56732177734375,
        240.9522247314453,
        467.0623779296875,
        885.6604614257812,
        1018.406005859375,
        1060.629638671875,
        3.4028234663852886e+38
      ]
    },
    "KAMAFBLIMOI": {
      "data": [
        -3.4028234663852886e+38,
        -101.90673828125,
        8.507568359375,
        275.0341491699219,
        576.8604736328125,
        808.37646484375,
        954.7020263671875,
        1011.8466796875,
        1022.0734252929688,
        1095.0018310546875,
        1932.861328125,
        3.4028234663852886e+38
      ]
    },
    "FEKOOBKEBBC": {
      "length": 13,
      "data": [
        0,
        4,
        5,
        4,
        0,
        10,
        42,
        32,
        48,
        32,
        0,
        0,
        0
      ]
    },
    "DOBPCAMELPD": {
      "length": 13,
      "data": [
        0,
        32,
        42,
        58,
        62,
        58,
        59,
        58,
        48,
        32,
        0,
        0,
        0
      ]
    },
    "LLLAPHMDHKP": {
      "length": 13,
      "data": [
        0,
        32,
        48,
        52,
        53,
        49,
        48,
        32,
        42,
        10,
        0,
        0,
        0
      ]
    }
  }
}