{
  "DJJCMNIPHAM": {
    "DBCFFHKBHEB": {
      "data": [
        -3.4028234663852886e+38,
        224.06570434570312,
        476.4502868652344,
        3.4028234663852886e+38
      ]
    },
    "AMADEFKHAHB": {
      "data": [
        -3.4028234663852886e+38,
        8.262992858886719,
        238.03057861328125,
        3.4028234663852886e+38
      ]
    },
    "GDBJOMNIAMB": {
      "data": [
        -3.4028234663852886e+38,
        385.06964111328125,
        618.2716064453125,
        3.4028234663852886e+38
      ]
    },
    "GLAMCODGDGF": {
      "length": 5,
      "data": [
        0,
        1,
        0,
        0,
        0
      ]
    },
    "COAGCLHHNPA": {
      "length": 5,
      "data": [
        0,
        1,
        0,
        0,
        0
      ]
    },
    "FOJBKAHELCK": {
      "length": 5,
      "data": [
        0,
        1,
        0,
        0,
        0
      ]
    }
  }
}