{
  "OEBBPJADPDL": {
    "LMJKMLPKOFF": {
      "data": [
        -3.4028234663852886e+38,
        -2795.78466796875,
        -2260.4033203125,
        3.4028234663852886e+38
      ]
    },
    "HNIAAIOFEIA": {
      "data": [
        -3.4028234663852886e+38,
        -999.9999389648438,
        1000.0000610351562,
        3.4028234663852886e+38
      ]
    },
    "KAMAFBLIMOI": {
      "data": [
        -3.4028234663852886e+38,
        8296.95703125,
        8953.744140625,
        3.4028234663852886e+38
      ]
    },
    "FEKOOBKEBBC": {
      "length": 5,
      "data": [
        0,
        1,
        0,
        0,
        0
      ]
    },
    "DOBPCAMELPD": {
      "length": 5,
      "data": [
        0,
        1,
        0,
        0,
        0
      ]
    },
    "LLLAPHMDHKP": {
      "length": 5,
      "data": [
        0,
        1,
        0,
        0,
        0
      ]
    }
  }
}