{
  "KBAOKAGDAPB": {
    "EJGDHAMPMCN": {
      "data": [
        -3.4028234663852886e+38,
        522.957763671875,
        1058.868408203125,
        3.4028234663852886e+38
      ]
    },
    "FFHGKKKPBME": {
      "data": [
        -3.4028234663852886e+38,
        -135.575439453125,
        136.43399047851562,
        3.4028234663852886e+38
      ]
    },
    "LLCBPDLCCIF": {
      "data": [
        -3.4028234663852886e+38,
        211.29312133789062,
        728.367919921875,
        3.4028234663852886e+38
      ]
    },
    "EKCLJLPIDNB": {
      "length": 5,
      "data": [
        0,
        1,
        0,
        0,
        0
      ]
    },
    "BCIGMHGDFPF": {
      "length": 5,
      "data": [
        0,
        1,
        0,
        0,
        0
      ]
    },
    "JPOPGOGCDHM": {
      "length": 5,
      "data": [
        0,
        1,
        0,
        0,
        0
      ]
    }
  }
}