{
  "NCNFLLFMNMA": {
    "GBCHCHACGGO": {
      "data": [
        -3.4028234663852886e+38,
        -161.33258056640625,
        -84.32135009765625,
        147.12741088867188,
        164.75865173339844,
        3.4028234663852886e+38
      ]
    },
    "ILMOAGLMAGF": {
      "data": [
        -3.4028234663852886e+38,
        -57.688514709472656,
        88.92089080810547,
        111.45633697509766,
        205.05682373046875,
        3.4028234663852886e+38
      ]
    },
    "BNODLEMHJDK": {
      "data": [
        -3.4028234663852886e+38,
        -90.25297546386719,
        -56.893531799316406,
        192.18646240234375,
        218.20701599121094,
        3.4028234663852886e+38
      ]
    },
    "CMJMMDEOJIC": {
      "length": 7,
      "data": [
        0,
        2,
        3,
        1,
        0,
        0,
        0
      ]
    },
    "PNNHKIMNFEP": {
      "length": 7,
      "data": [
        0,
        2,
        0,
        1,
        0,
        0,
        0
      ]
    },
    "KNLCBEIIEEN": {
      "length": 7,
      "data": [
        0,
        2,
        3,
        2,
        0,
        0,
        0
      ]
    }
  }
}