{
  "KBEIBJEBIMD": {
    "GOEKNOEEPIM": {
      "data": [
        -3.4028234663852886e+38,
        109.0131607055664,
        254.25445556640625,
        3.4028234663852886e+38
      ]
    },
    "ALPLHCBDKKN": {
      "data": [
        -3.4028234663852886e+38,
        159.6388397216797,
        238.8178253173828,
        3.4028234663852886e+38
      ]
    },
    "AJNPBBCJCHK": {
      "data": [
        -3.4028234663852886e+38,
        886.59326171875,
        1031.8345947265625,
        3.4028234663852886e+38
      ]
    },
    "HHDLHBGNDCF": {
      "length": 5,
      "data": [
        0,
        1,
        0,
        0,
        0
      ]
    },
    "CDLJIGJJHOM": {
      "length": 5,
      "data": [
        0,
        1,
        0,
        0,
        0
      ]
    },
    "MOAHKHOEACJ": {
      "length": 5,
      "data": [
        0,
        1,
        0,
        0,
        0
      ]
    }
  }
}