{
  "FAHLEDEFPPE": {
    "GFBPKPKDNBC": {
      "data": [
        -3.4028234663852886e+38,
        1676.1739501953125,
        1878.4400634765625,
        3.4028234663852886e+38
      ]
    },
    "JKHEPNBECFO": {
      "data": [
        -3.4028234663852886e+38,
        182.960205078125,
        240.791015625,
        3.4028234663852886e+38
      ]
    },
    "PBOODNAKNEI": {
      "data": [
        -3.4028234663852886e+38,
        -514.3407592773438,
        -312.07464599609375,
        3.4028234663852886e+38
      ]
    },
    "DKEFFFOAICD": {
      "length": 5,
      "data": [
        0,
        1,
        0,
        0,
        0
      ]
    },
    "OBKOGJCFCEG": {
      "length": 5,
      "data": [
        0,
        1,
        0,
        0,
        0
      ]
    },
    "HCOKGKANAEI": {
      "length": 5,
      "data": [
        0,
        1,
        0,
        0,
        0
      ]
    }
  }
}