{
  "OEBBPJADPDL": {
    "LMJKMLPKOFF": {
      "data": [
        -3.4028234663852886e+38,
        328.1414794921875,
        424.723388671875,
        792.6475830078125,
        888.1414794921875,
        3.4028234663852886e+38
      ]
    },
    "HNIAAIOFEIA": {
      "data": [
        -3.4028234663852886e+38,
        -232.59278869628906,
        -12.392425537109375,
        51.50321960449219,
        327.4072265625,
        3.4028234663852886e+38
      ]
    },
    "KAMAFBLIMOI": {
      "data": [
        -3.4028234663852886e+38,
        404.2828369140625,
        581.87255859375,
        901.955078125,
        964.2828369140625,
        3.4028234663852886e+38
      ]
    },
    "FEKOOBKEBBC": {
      "length": 7,
      "data": [
        0,
        2,
        3,
        2,
        0,
        0,
        0
      ]
    },
    "DOBPCAMELPD": {
      "length": 7,
      "data": [
        0,
        2,
        3,
        2,
        0,
        0,
        0
      ]
    },
    "LLLAPHMDHKP": {
      "length": 7,
      "data": [
        0,
        2,
        3,
        2,
        0,
        0,
        0
      ]
    }
  }
}