{
  "KBAOKAGDAPB": {
    "EJGDHAMPMCN": {
      "data": [
        -3.4028234663852886e+38,
        1676.1739501953125,
        1878.4400634765625,
        3.4028234663852886e+38
      ]
    },
    "FFHGKKKPBME": {
      "data": [
        -3.4028234663852886e+38,
        182.960205078125,
        240.791015625,
        3.4028234663852886e+38
      ]
    },
    "LLCBPDLCCIF": {
      "data": [
        -3.4028234663852886e+38,
        -514.3407592773438,
        -312.07464599609375,
        3.4028234663852886e+38
      ]
    },
    "EKCLJLPIDNB": {
      "length": 5,
      "data": [
        0,
        1,
        0,
        0,
        0
      ]
    },
    "BCIGMHGDFPF": {
      "length": 5,
      "data": [
        0,
        1,
        0,
        0,
        0
      ]
    },
    "JPOPGOGCDHM": {
      "length": 5,
      "data": [
        0,
        1,
        0,
        0,
        0
      ]
    }
  }
}