{
  "FAHLEDEFPPE": {
    "GFBPKPKDNBC": {
      "data": [
        -3.4028234663852886e+38,
        197.18301391601562,
        467.2593688964844,
        3.4028234663852886e+38
      ]
    },
    "JKHEPNBECFO": {
      "data": [
        -3.4028234663852886e+38,
        182.8849639892578,
        262.47222900390625,
        3.4028234663852886e+38
      ]
    },
    "PBOODNAKNEI": {
      "data": [
        -3.4028234663852886e+38,
        86.09416198730469,
        356.1705322265625,
        3.4028234663852886e+38
      ]
    },
    "DKEFFFOAICD": {
      "length": 5,
      "data": [
        0,
        1,
        0,
        0,
        0
      ]
    },
    "OBKOGJCFCEG": {
      "length": 5,
      "data": [
        0,
        1,
        0,
        0,
        0
      ]
    },
    "HCOKGKANAEI": {
      "length": 5,
      "data": [
        0,
        1,
        0,
        0,
        0
      ]
    }
  }
}