{
  "HMOJLFCEPKE": {
    "GEDOOPPFCIK": {
      "data": [
        -3.4028234663852886e+38,
        -2280.7568359375,
        -2097.503173828125,
        -2036.484619140625,
        -1812.902099609375,
        -1714.970947265625,
        -1642.1734619140625,
        -1536.276611328125,
        -810.179443359375,
        3.4028234663852886e+38
      ]
    },
    "AJPLKFBKFCP": {
      "data": [
        -3.4028234663852886e+38,
        -1000.0,
        -838.5296630859375,
        -178.83761596679688,
        -55.28358459472656,
        5.201536178588867,
        25.61974334716797,
        632.0477294921875,
        1000.0,
        3.4028234663852886e+38
      ]
    },
    "EBAFEMIFJGC": {
      "data": [
        -3.4028234663852886e+38,
        7699.75244140625,
        8159.4072265625,
        8286.900390625,
        8318.984375,
        8418.423828125,
        8657.1259765625,
        8741.373046875,
        9170.330078125,
        3.4028234663852886e+38
      ]
    },
    "KCHGCNPMNON": {
      "length": 11,
      "data": [
        0,
        8,
        10,
        11,
        15,
        11,
        9,
        8,
        0,
        0,
        0
      ]
    },
    "OBLIAOBNNLL": {
      "length": 11,
      "data": [
        0,
        1,
        9,
        11,
        15,
        11,
        9,
        1,
        0,
        0,
        0
      ]
    },
    "CAIIDEGEPMK": {
      "length": 11,
      "data": [
        0,
        8,
        9,
        11,
        15,
        11,
        10,
        8,
        0,
        0,
        0
      ]
    }
  }
}