{
  "KBAOKAGDAPB": {
    "EJGDHAMPMCN": {
      "data": [
        -3.4028234663852886e+38,
        217.42478942871094,
        474.30767822265625,
        3.4028234663852886e+38
      ]
    },
    "FFHGKKKPBME": {
      "data": [
        -3.4028234663852886e+38,
        -69.09661102294922,
        214.30020141601562,
        3.4028234663852886e+38
      ]
    },
    "LLCBPDLCCIF": {
      "data": [
        -3.4028234663852886e+38,
        355.052734375,
        647.4476928710938,
        3.4028234663852886e+38
      ]
    },
    "EKCLJLPIDNB": {
      "length": 5,
      "data": [
        0,
        1,
        0,
        0,
        0
      ]
    },
    "BCIGMHGDFPF": {
      "length": 5,
      "data": [
        0,
        1,
        0,
        0,
        0
      ]
    },
    "JPOPGOGCDHM": {
      "length": 5,
      "data": [
        0,
        1,
        0,
        0,
        0
      ]
    }
  }
}