{
  "OEBBPJADPDL": {
    "LMJKMLPKOFF": {
      "data": [
        -3.4028234663852886e+38,
        -261.903076171875,
        -48.974395751953125,
        28.370834350585938,
        373.61566162109375,
        403.671630859375,
        437.1297607421875,
        452.06494140625,
        522.1561279296875,
        526.9410400390625,
        542.445068359375,
        548.0286254882812,
        563.5557861328125,
        570.2755126953125,
        583.1248779296875,
        649.50830078125,
        693.699951171875,
        786.8651123046875,
        794.8765869140625,
        1000.5821533203125,
        1210.99755859375,
        3.4028234663852886e+38
      ]
    },
    "HNIAAIOFEIA": {
      "data": [
        -3.4028234663852886e+38,
        -535.72216796875,
        -92.32923889160156,
        51.326446533203125,
        80.07913208007812,
        160.84664916992188,
        161.61703491210938,
        163.41671752929688,
        171.09475708007812,
        173.25894165039062,
        188.43763732910156,
        315.1081237792969,
        315.4517517089844,
        322.2344055175781,
        322.27618408203125,
        335.2215881347656,
        358.6071472167969,
        391.66094970703125,
        478.4421081542969,
        497.020263671875,
        937.178466796875,
        3.4028234663852886e+38
      ]
    },
    "KAMAFBLIMOI": {
      "data": [
        -3.4028234663852886e+38,
        -286.5079345703125,
        98.37728881835938,
        103.68658447265625,
        132.42437744140625,
        163.28094482421875,
        200.60397338867188,
        216.00315856933594,
        244.53341674804688,
        267.0899353027344,
        284.9747314453125,
        301.7806091308594,
        307.637939453125,
        315.0601501464844,
        322.3645324707031,
        323.0663757324219,
        704.8687133789062,
        707.53369140625,
        979.2342529296875,
        998.0499267578125,
        1186.3927001953125,
        3.4028234663852886e+38
      ]
    },
    "FEKOOBKEBBC": {
      "length": 23,
      "data": [
        0,
        512,
        640,
        704,
        705,
        961,
        993,
        929,
        933,
        941,
        943,
        687,
        686,
        682,
        554,
        552,
        568,
        560,
        544,
        512,
        0,
        0,
        0
      ]
    },
    "DOBPCAMELPD": {
      "length": 23,
      "data": [
        0,
        512,
        576,
        608,
        736,
        737,
        739,
        755,
        1011,
        1019,
        1023,
        1007,
        751,
        749,
        745,
        737,
        736,
        704,
        576,
        512,
        0,
        0,
        0
      ]
    },
    "LLLAPHMDHKP": {
      "length": 23,
      "data": [
        0,
        512,
        520,
        648,
        649,
        905,
        921,
        923,
        915,
        919,
        951,
        935,
        679,
        675,
        674,
        672,
        544,
        608,
        576,
        512,
        0,
        0,
        0
      ]
    }
  }
}