{
  "KBAOKAGDAPB": {
    "EJGDHAMPMCN": {
      "data": [
        -3.4028234663852886e+38,
        -4861.1669921875,
        -4329.1953125,
        -1092.563720703125,
        -576.100830078125,
        91.89300537109375,
        272.8885192871094,
        1935.89111328125,
        1993.575927734375,
        4228.86767578125,
        7588.34619140625,
        7625.65869140625,
        11177.162109375,
        3.4028234663852886e+38
      ]
    },
    "FFHGKKKPBME": {
      "data": [
        -3.4028234663852886e+38,
        -3188.814697265625,
        -1537.0325927734375,
        -1263.647216796875,
        -656.912109375,
        -124.94039916992188,
        310.5797119140625,
        339.5892333984375,
        376.90167236328125,
        386.25836181640625,
        1248.3447265625,
        1549.1070556640625,
        3759.480224609375,
        3.4028234663852886e+38
      ]
    },
    "LLCBPDLCCIF": {
      "data": [
        -3.4028234663852886e+38,
        -2994.852783203125,
        -899.5847778320312,
        -604.9073486328125,
        239.19088745117188,
        537.146240234375,
        574.4586181640625,
        580.92724609375,
        733.2120361328125,
        771.16259765625,
        1907.0845947265625,
        2186.554931640625,
        3953.442138671875,
        3.4028234663852886e+38
      ]
    },
    "EKCLJLPIDNB": {
      "length": 15,
      "data": [
        0,
        1,
        0,
        32,
        40,
        56,
        40,
        32,
        0,
        2,
        6,
        2,
        0,
        0,
        0
      ]
    },
    "BCIGMHGDFPF": {
      "length": 15,
      "data": [
        0,
        2,
        34,
        42,
        43,
        42,
        58,
        62,
        58,
        42,
        34,
        2,
        0,
        0,
        0
      ]
    },
    "JPOPGOGCDHM": {
      "length": 15,
      "data": [
        0,
        2,
        34,
        42,
        43,
        47,
        43,
        59,
        43,
        42,
        34,
        2,
        0,
        0,
        0
      ]
    }
  }
}