{
  "OEBBPJADPDL": {
    "LMJKMLPKOFF": {
      "data": [
        -3.4028234663852886e+38,
        -1203.006591796875,
        -1163.2939453125,
        -1024.8984375,
        -1009.345458984375,
        3.4028234663852886e+38
      ]
    },
    "HNIAAIOFEIA": {
      "data": [
        -3.4028234663852886e+38,
        239.39306640625,
        250.0,
        425.5,
        532.388671875,
        3.4028234663852886e+38
      ]
    },
    "KAMAFBLIMOI": {
      "data": [
        -3.4028234663852886e+38,
        3079.48828125,
        3120.09423828125,
        3261.68994140625,
        3318.5126953125,
        3.4028234663852886e+38
      ]
    },
    "FEKOOBKEBBC": {
      "length": 7,
      "data": [
        0,
        2,
        3,
        2,
        0,
        0,
        0
      ]
    },
    "DOBPCAMELPD": {
      "length": 7,
      "data": [
        0,
        2,
        3,
        2,
        0,
        0,
        0
      ]
    },
    "LLLAPHMDHKP": {
      "length": 7,
      "data": [
        0,
        2,
        3,
        2,
        0,
        0,
        0
      ]
    }
  }
}