{
  "NCNFLLFMNMA": {
    "GBCHCHACGGO": {
      "data": [
        -3.4028234663852886e+38,
        -2052.88720703125,
        -1907.0322265625,
        -1905.45849609375,
        -1904.295166015625,
        -1898.30322265625,
        -1880.08447265625,
        -1854.797607421875,
        -1853.397705078125,
        -1833.0361328125,
        -1795.1923828125,
        3.4028234663852886e+38
      ]
    },
    "ILMOAGLMAGF": {
      "data": [
        -3.4028234663852886e+38,
        38.12615966796875,
        51.23052215576172,
        52.15142059326172,
        62.61968231201172,
        62.98682403564453,
        65.0,
        69.69310760498047,
        75.0,
        76.49372100830078,
        205.390625,
        3.4028234663852886e+38
      ]
    },
    "BNODLEMHJDK": {
      "data": [
        -3.4028234663852886e+38,
        8927.3359375,
        9045.64453125,
        9048.427734375,
        9095.81640625,
        9099.10546875,
        9114.650390625,
        9115.43359375,
        9142.146484375,
        9142.828125,
        9171.85546875,
        3.4028234663852886e+38
      ]
    },
    "CMJMMDEOJIC": {
      "length": 13,
      "data": [
        0,
        16,
        20,
        28,
        29,
        31,
        23,
        22,
        18,
        16,
        0,
        0,
        0
      ]
    },
    "PNNHKIMNFEP": {
      "length": 13,
      "data": [
        0,
        16,
        20,
        21,
        29,
        25,
        27,
        19,
        17,
        16,
        0,
        0,
        0
      ]
    },
    "KNLCBEIIEEN": {
      "length": 13,
      "data": [
        0,
        16,
        18,
        22,
        23,
        31,
        27,
        19,
        17,
        16,
        0,
        0,
        0
      ]
    }
  }
}