{
  "KBAOKAGDAPB": {
    "EJGDHAMPMCN": {
      "data": [
        -3.4028234663852886e+38,
        -1992.720703125,
        -1967.44287109375,
        -1816.829345703125,
        -1814.916015625,
        -1602.0,
        -1202.0,
        3.4028234663852886e+38
      ]
    },
    "FFHGKKKPBME": {
      "data": [
        -3.4028234663852886e+38,
        -54.0,
        2.7765655517578125,
        87.107421875,
        117.17578887939453,
        128.73666381835938,
        346.0,
        3.4028234663852886e+38
      ]
    },
    "LLCBPDLCCIF": {
      "data": [
        -3.4028234663852886e+38,
        7378.0,
        7778.0,
        8622.376953125,
        8811.26953125,
        8979.1455078125,
        9155.0361328125,
        3.4028234663852886e+38
      ]
    },
    "EKCLJLPIDNB": {
      "length": 9,
      "data": [
        0,
        4,
        6,
        2,
        0,
        1,
        0,
        0,
        0
      ]
    },
    "BCIGMHGDFPF": {
      "length": 9,
      "data": [
        0,
        1,
        5,
        7,
        3,
        1,
        0,
        0,
        0
      ]
    },
    "JPOPGOGCDHM": {
      "length": 9,
      "data": [
        0,
        1,
        0,
        2,
        0,
        4,
        0,
        0,
        0
      ]
    }
  }
}