{
  "KBAOKAGDAPB": {
    "EJGDHAMPMCN": {
      "data": [
        -3.4028234663852886e+38,
        3039.33544921875,
        3806.23095703125,
        3.4028234663852886e+38
      ]
    },
    "FFHGKKKPBME": {
      "data": [
        -3.4028234663852886e+38,
        77.46163940429688,
        844.35693359375,
        3.4028234663852886e+38
      ]
    },
    "LLCBPDLCCIF": {
      "data": [
        -3.4028234663852886e+38,
        3327.927734375,
        4094.8232421875,
        3.4028234663852886e+38
      ]
    },
    "EKCLJLPIDNB": {
      "length": 5,
      "data": [
        0,
        1,
        0,
        0,
        0
      ]
    },
    "BCIGMHGDFPF": {
      "length": 5,
      "data": [
        0,
        1,
        0,
        0,
        0
      ]
    },
    "JPOPGOGCDHM": {
      "length": 5,
      "data": [
        0,
        1,
        0,
        0,
        0
      ]
    }
  }
}