{
  "EDEOKMAPGIL": {
    "CEGKNOONEOB": {
      "data": [
        -3.4028234663852886e+38,
        1104.498779296875,
        1440.1259765625,
        3.4028234663852886e+38
      ]
    },
    "ALMHNPHNBGJ": {
      "data": [
        -3.4028234663852886e+38,
        191.76116943359375,
        317.5188293457031,
        3.4028234663852886e+38
      ]
    },
    "FOIGJFKOCPN": {
      "data": [
        -3.4028234663852886e+38,
        -1657.326416015625,
        -1321.69921875,
        3.4028234663852886e+38
      ]
    },
    "ADJLOPEAKKG": {
      "length": 5,
      "data": [
        0,
        1,
        0,
        0,
        0
      ]
    },
    "MOMNLGNIMEN": {
      "length": 5,
      "data": [
        0,
        1,
        0,
        0,
        0
      ]
    },
    "OEJEHFMGIIK": {
      "length": 5,
      "data": [
        0,
        1,
        0,
        0,
        0
      ]
    }
  }
}