{
  "KBAOKAGDAPB": {
    "EJGDHAMPMCN": {
      "data": [
        -3.4028234663852886e+38,
        441.003662109375,
        444.54638671875,
        479.4063720703125,
        482.532958984375,
        610.9031982421875,
        892.8013916015625,
        3.4028234663852886e+38
      ]
    },
    "FFHGKKKPBME": {
      "data": [
        -3.4028234663852886e+38,
        -148.4056396484375,
        74.13607788085938,
        91.78790283203125,
        100.9325942993164,
        118.52852630615234,
        170.63150024414062,
        3.4028234663852886e+38
      ]
    },
    "LLCBPDLCCIF": {
      "data": [
        -3.4028234663852886e+38,
        180.9571533203125,
        363.57586669921875,
        367.9844665527344,
        402.8444519042969,
        403.02191162109375,
        407.5213623046875,
        3.4028234663852886e+38
      ]
    },
    "EKCLJLPIDNB": {
      "length": 9,
      "data": [
        0,
        2,
        6,
        2,
        0,
        1,
        0,
        0,
        0
      ]
    },
    "BCIGMHGDFPF": {
      "length": 9,
      "data": [
        0,
        1,
        3,
        1,
        5,
        1,
        0,
        0,
        0
      ]
    },
    "JPOPGOGCDHM": {
      "length": 9,
      "data": [
        0,
        1,
        3,
        7,
        3,
        2,
        0,
        0,
        0
      ]
    }
  }
}