{
  "OEBBPJADPDL": {
    "LMJKMLPKOFF": {
      "data": [
        -3.4028234663852886e+38,
        -2970.33251953125,
        -2594.97802734375,
        -2056.27685546875,
        -1982.95703125,
        -1977.324462890625,
        -1950.33251953125,
        -1907.0322265625,
        -1905.45849609375,
        -1904.295166015625,
        -1898.30322265625,
        -1880.08447265625,
        -1854.797607421875,
        -1853.397705078125,
        -1833.0361328125,
        -1824.3720703125,
        -1801.29150390625,
        -1530.14013671875,
        3.4028234663852886e+38
      ]
    },
    "HNIAAIOFEIA": {
      "data": [
        -3.4028234663852886e+38,
        -1000.0000610351562,
        -999.9999389648438,
        -46.832664489746094,
        51.23052215576172,
        52.15142059326172,
        62.61968231201172,
        62.98682403564453,
        65.0,
        69.69310760498047,
        75.0,
        76.49372100830078,
        200.00772094726562,
        999.9999389648438,
        1000.0000610351562,
        3.4028234663852886e+38
      ]
    },
    "KAMAFBLIMOI": {
      "data": [
        -3.4028234663852886e+38,
        8001.24609375,
        8877.830078125,
        8914.2734375,
        8959.21875,
        8986.04296875,
        9045.64453125,
        9048.427734375,
        9095.81640625,
        9099.10546875,
        9114.650390625,
        9115.43359375,
        9142.146484375,
        9142.828125,
        9145.56640625,
        9153.87109375,
        9169.5546875,
        9209.732421875,
        3.4028234663852886e+38
      ]
    },
    "FEKOOBKEBBC": {
      "length": 20,
      "data": [
        0,
        2,
        0,
        128,
        129,
        133,
        389,
        421,
        485,
        493,
        509,
        445,
        437,
        405,
        389,
        385,
        257,
        0,
        0,
        0
      ]
    },
    "DOBPCAMELPD": {
      "length": 17,
      "data": [
        0,
        6,
        263,
        391,
        423,
        431,
        495,
        463,
        479,
        415,
        399,
        391,
        263,
        257,
        0,
        0,
        0
      ]
    },
    "LLLAPHMDHKP": {
      "length": 20,
      "data": [
        0,
        257,
        259,
        387,
        131,
        135,
        151,
        183,
        191,
        255,
        223,
        159,
        143,
        135,
        131,
        130,
        2,
        0,
        0,
        0
      ]
    }
  }
}