{
  "HMOJLFCEPKE": {
    "GEDOOPPFCIK": {
      "data": [
        -3.4028234663852886e+38,
        899.810791015625,
        1129.53271484375,
        1201.09228515625,
        1239.3017578125,
        1277.269775390625,
        1284.5660400390625,
        1347.537109375,
        1365.618896484375,
        1368.80517578125,
        1373.4368896484375,
        1384.204345703125,
        1397.171630859375,
        1413.8797607421875,
        1424.987060546875,
        1427.3251953125,
        1472.3529052734375,
        1511.9442138671875,
        1513.6668701171875,
        1541.395751953125,
        1621.38330078125,
        1621.6513671875,
        1641.017822265625,
        1656.3388671875,
        1797.2509765625,
        1798.5009765625,
        2265.254150390625,
        3.4028234663852886e+38
      ]
    },
    "AJPLKFBKFCP": {
      "data": [
        -3.4028234663852886e+38,
        -511.7424011230469,
        -297.8730773925781,
        -102.54376220703125,
        97.56712341308594,
        115.01962280273438,
        143.005126953125,
        157.36593627929688,
        173.10379028320312,
        205.66741943359375,
        216.47720336914062,
        219.59072875976562,
        267.69122314453125,
        282.2308349609375,
        283.23504638671875,
        507.474365234375,
        534.2340698242188,
        542.278076171875,
        570.608154296875,
        613.7039794921875,
        625.4228515625,
        626.4066772460938,
        679.2838134765625,
        689.2171020507812,
        711.718505859375,
        756.157958984375,
        988.3515625,
        3.4028234663852886e+38
      ]
    },
    "EBAFEMIFJGC": {
      "data": [
        -3.4028234663852886e+38,
        2732.72265625,
        3466.933837890625,
        3477.36962890625,
        3660.65576171875,
        3676.189208984375,
        3858.96923828125,
        4025.958984375,
        4098.2919921875,
        4122.3603515625,
        4127.86669921875,
        4144.9521484375,
        4182.03125,
        4217.47607421875,
        4285.181640625,
        4313.2958984375,
        4508.0810546875,
        4519.6728515625,
        4534.3212890625,
        4618.9248046875,
        4624.0712890625,
        4632.607421875,
        4694.30859375,
        4695.6357421875,
        4798.671875,
        4851.1298828125,
        5006.3515625,
        3.4028234663852886e+38
      ]
    },
    "KCHGCNPMNON": {
      "length": 29,
      "data": [
        0,
        1536,
        1600,
        1728,
        1732,
        3780,
        3796,
        3668,
        3924,
        1876,
        1884,
        1885,
        10077,
        10079,
        10078,
        10014,
        9998,
        9996,
        9988,
        9732,
        9764,
        13860,
        5668,
        5664,
        5632,
        1536,
        0,
        0,
        0
      ]
    },
    "OBLIAOBNNLL": {
      "length": 29,
      "data": [
        0,
        8192,
        0,
        1536,
        1540,
        1668,
        1676,
        1678,
        1679,
        1935,
        1934,
        1806,
        1804,
        1548,
        1540,
        1572,
        5668,
        5664,
        5728,
        7776,
        7744,
        3648,
        1600,
        64,
        0,
        16,
        0,
        0,
        0
      ]
    },
    "CAIIDEGEPMK": {
      "length": 29,
      "data": [
        0,
        1536,
        9728,
        9984,
        9728,
        1536,
        1664,
        1536,
        0,
        2,
        3,
        11,
        15,
        14,
        6,
        4,
        36,
        4132,
        6180,
        4132,
        4196,
        4192,
        4160,
        64,
        0,
        16,
        0,
        0,
        0
      ]
    }
  }
}