{
  "KBAOKAGDAPB": {
    "EJGDHAMPMCN": {
      "data": [
        -3.4028234663852886e+38,
        -2002.885498046875,
        -1920.17138671875,
        -1915.9365234375,
        -1909.86962890625,
        -1909.034912109375,
        -1907.222900390625,
        -1903.0220947265625,
        -1902.9423828125,
        -1898.800048828125,
        -1896.48193359375,
        -1894.248291015625,
        -1893.1370849609375,
        -1893.0118408203125,
        -1893.0079345703125,
        -1891.351806640625,
        -1885.8280029296875,
        -1885.62744140625,
        -1883.01220703125,
        -1882.0267333984375,
        -1880.4044189453125,
        -1876.971435546875,
        -1876.865234375,
        -1873.148193359375,
        -1872.031005859375,
        -1870.606689453125,
        -1870.1866455078125,
        -1861.844482421875,
        -1861.35498046875,
        -1857.804931640625,
        -1855.871337890625,
        -1854.344482421875,
        -1851.07421875,
        -1811.324462890625,
        -1765.639892578125,
        3.4028234663852886e+38
      ]
    },
    "FFHGKKKPBME": {
      "data": [
        -3.4028234663852886e+38,
        -207.63214111328125,
        -54.70170974731445,
        49.82685089111328,
        51.815277099609375,
        51.915565490722656,
        52.700565338134766,
        53.354496002197266,
        53.5279426574707,
        56.70487594604492,
        57.87687683105469,
        58.109703063964844,
        59.18416213989258,
        61.70487594604492,
        62.87687683105469,
        63.03143310546875,
        63.681697845458984,
        70.9269027709961,
        299.977294921875,
        3.4028234663852886e+38
      ]
    },
    "LLCBPDLCCIF": {
      "data": [
        -3.4028234663852886e+38,
        8881.828125,
        8902.455078125,
        8970.021484375,
        8979.302734375,
        8980.712890625,
        8984.357421875,
        8985.578125,
        8989.6748046875,
        8990.037109375,
        8993.2373046875,
        9003.0390625,
        9005.45703125,
        9007.1357421875,
        9009.0458984375,
        9013.755859375,
        9014.3369140625,
        9020.0263671875,
        9024.736328125,
        9029.935546875,
        9032.5068359375,
        9036.962890625,
        9038.966796875,
        9041.4755859375,
        9048.529296875,
        9053.0146484375,
        9057.103515625,
        9063.0595703125,
        9063.134765625,
        9068.9384765625,
        9070.08984375,
        9076.544921875,
        9080.0146484375,
        9100.447265625,
        9180.0546875,
        3.4028234663852886e+38
      ]
    },
    "EKCLJLPIDNB": {
      "length": 37,
      "data": [
        0,
        131105,
        131361,
        131489,
        132001,
        131745,
        197281,
        197345,
        197217,
        199265,
        198753,
        198755,
        199779,
        199715,
        199723,
        197675,
        196651,
        204843,
        204859,
        204851,
        237619,
        237623,
        241719,
        241717,
        241701,
        233509,
        200741,
        196645,
        213029,
        475173,
        475169,
        409633,
        393249,
        262144,
        0,
        0,
        0
      ]
    },
    "BCIGMHGDFPF": {
      "length": 21,
      "data": [
        0,
        131105,
        393249,
        393255,
        458791,
        459751,
        459775,
        197631,
        200703,
        249855,
        262143,
        261183,
        258111,
        208959,
        196671,
        131135,
        131111,
        131105,
        0,
        0,
        0
      ]
    },
    "JPOPGOGCDHM": {
      "length": 37,
      "data": [
        0,
        131105,
        393249,
        426017,
        442401,
        409633,
        409635,
        417827,
        421923,
        405539,
        405543,
        397351,
        397349,
        393253,
        393261,
        393277,
        393273,
        393265,
        393249,
        395297,
        396321,
        134177,
        132129,
        131105,
        196641,
        196769,
        196833,
        196705,
        196961,
        197473,
        197409,
        197153,
        196641,
        131105,
        0,
        0,
        0
      ]
    }
  }
}