{
  "HMOJLFCEPKE": {
    "GEDOOPPFCIK": {
      "data": [
        -3.4028234663852886e+38,
        4660.7626953125,
        4722.1953125,
        4783.654296875,
        4847.71875,
        3.4028234663852886e+38
      ]
    },
    "AJPLKFBKFCP": {
      "data": [
        -3.4028234663852886e+38,
        388.70794677734375,
        480.0,
        598.47216796875,
        636.3379516601562,
        3.4028234663852886e+38
      ]
    },
    "EBAFEMIFJGC": {
      "data": [
        -3.4028234663852886e+38,
        4185.2529296875,
        4249.927734375,
        4311.43359375,
        4414.6552734375,
        3.4028234663852886e+38
      ]
    },
    "KCHGCNPMNON": {
      "length": 7,
      "data": [
        0,
        2,
        3,
        2,
        0,
        0,
        0
      ]
    },
    "OBLIAOBNNLL": {
      "length": 7,
      "data": [
        0,
        2,
        3,
        2,
        0,
        0,
        0
      ]
    },
    "CAIIDEGEPMK": {
      "length": 7,
      "data": [
        0,
        2,
        3,
        2,
        0,
        0,
        0
      ]
    }
  }
}