{
  "KBAOKAGDAPB": {
    "EJGDHAMPMCN": {
      "data": [
        -3.4028234663852886e+38,
        -47.5543212890625,
        -43.42350769042969,
        321.1335144042969,
        329.0828857421875,
        635.1431274414062,
        1314.6348876953125,
        3.4028234663852886e+38
      ]
    },
    "FFHGKKKPBME": {
      "data": [
        -3.4028234663852886e+38,
        -476.7494812011719,
        -111.76322937011719,
        38.89678955078125,
        260.7431640625,
        516.751953125,
        679.8272094726562,
        3.4028234663852886e+38
      ]
    },
    "LLCBPDLCCIF": {
      "data": [
        -3.4028234663852886e+38,
        -291.86328125,
        180.71505737304688,
        390.83416748046875,
        590.1103515625,
        962.61669921875,
        1174.2164306640625,
        3.4028234663852886e+38
      ]
    },
    "EKCLJLPIDNB": {
      "length": 9,
      "data": [
        0,
        2,
        6,
        7,
        3,
        1,
        0,
        0,
        0
      ]
    },
    "BCIGMHGDFPF": {
      "length": 9,
      "data": [
        0,
        1,
        5,
        7,
        3,
        2,
        0,
        0,
        0
      ]
    },
    "JPOPGOGCDHM": {
      "length": 9,
      "data": [
        0,
        2,
        3,
        1,
        5,
        1,
        0,
        0,
        0
      ]
    }
  }
}