{
  "KBEIBJEBIMD": {
    "GOEKNOEEPIM": {
      "data": [
        -3.4028234663852886e+38,
        -2659.93310546875,
        -2489.86767578125,
        3.4028234663852886e+38
      ]
    },
    "ALPLHCBDKKN": {
      "data": [
        -3.4028234663852886e+38,
        157.757568359375,
        242.6064453125,
        3.4028234663852886e+38
      ]
    },
    "AJNPBBCJCHK": {
      "data": [
        -3.4028234663852886e+38,
        -3875.050048828125,
        -3704.984619140625,
        3.4028234663852886e+38
      ]
    },
    "HHDLHBGNDCF": {
      "length": 5,
      "data": [
        0,
        1,
        0,
        0,
        0
      ]
    },
    "CDLJIGJJHOM": {
      "length": 5,
      "data": [
        0,
        1,
        0,
        0,
        0
      ]
    },
    "MOAHKHOEACJ": {
      "length": 5,
      "data": [
        0,
        1,
        0,
        0,
        0
      ]
    }
  }
}