{
  "OEBBPJADPDL": {
    "LMJKMLPKOFF": {
      "data": [
        -3.4028234663852886e+38,
        2775.3056640625,
        3570.8837890625,
        3.4028234663852886e+38
      ]
    },
    "HNIAAIOFEIA": {
      "data": [
        -3.4028234663852886e+38,
        89.82315063476562,
        885.4012451171875,
        3.4028234663852886e+38
      ]
    },
    "KAMAFBLIMOI": {
      "data": [
        -3.4028234663852886e+38,
        2499.644775390625,
        3295.222900390625,
        3.4028234663852886e+38
      ]
    },
    "FEKOOBKEBBC": {
      "length": 5,
      "data": [
        0,
        1,
        0,
        0,
        0
      ]
    },
    "DOBPCAMELPD": {
      "length": 5,
      "data": [
        0,
        1,
        0,
        0,
        0
      ]
    },
    "LLLAPHMDHKP": {
      "length": 5,
      "data": [
        0,
        1,
        0,
        0,
        0
      ]
    }
  }
}