{
  "HMOJLFCEPKE": {
    "GEDOOPPFCIK": {
      "data": [
        -3.4028234663852886e+38,
        -250.16824340820312,
        1083.7347412109375,
        3.4028234663852886e+38
      ]
    },
    "AJPLKFBKFCP": {
      "data": [
        -3.4028234663852886e+38,
        -397.64666748046875,
        936.2562866210938,
        3.4028234663852886e+38
      ]
    },
    "EBAFEMIFJGC": {
      "data": [
        -3.4028234663852886e+38,
        -84.907470703125,
        1248.9954833984375,
        3.4028234663852886e+38
      ]
    },
    "KCHGCNPMNON": {
      "length": 5,
      "data": [
        0,
        1,
        0,
        0,
        0
      ]
    },
    "OBLIAOBNNLL": {
      "length": 5,
      "data": [
        0,
        1,
        0,
        0,
        0
      ]
    },
    "CAIIDEGEPMK": {
      "length": 5,
      "data": [
        0,
        1,
        0,
        0,
        0
      ]
    }
  }
}