{
  "HMOJLFCEPKE": {
    "GEDOOPPFCIK": {
      "data": [
        -3.4028234663852886e+38,
        -323.48187255859375,
        53.376922607421875,
        3.4028234663852886e+38
      ]
    },
    "AJPLKFBKFCP": {
      "data": [
        -3.4028234663852886e+38,
        14.098442077636719,
        156.53726196289062,
        3.4028234663852886e+38
      ]
    },
    "EBAFEMIFJGC": {
      "data": [
        -3.4028234663852886e+38,
        3712.14111328125,
        4089.0,
        3.4028234663852886e+38
      ]
    },
    "KCHGCNPMNON": {
      "length": 5,
      "data": [
        0,
        1,
        0,
        0,
        0
      ]
    },
    "OBLIAOBNNLL": {
      "length": 5,
      "data": [
        0,
        1,
        0,
        0,
        0
      ]
    },
    "CAIIDEGEPMK": {
      "length": 5,
      "data": [
        0,
        1,
        0,
        0,
        0
      ]
    }
  }
}