{
  "EDEOKMAPGIL": {
    "CEGKNOONEOB": {
      "data": [
        -3.4028234663852886e+38,
        109.0131607055664,
        254.25445556640625,
        3.4028234663852886e+38
      ]
    },
    "ALMHNPHNBGJ": {
      "data": [
        -3.4028234663852886e+38,
        159.6388397216797,
        238.8178253173828,
        3.4028234663852886e+38
      ]
    },
    "FOIGJFKOCPN": {
      "data": [
        -3.4028234663852886e+38,
        886.59326171875,
        1031.8345947265625,
        3.4028234663852886e+38
      ]
    },
    "ADJLOPEAKKG": {
      "length": 5,
      "data": [
        0,
        1,
        0,
        0,
        0
      ]
    },
    "MOMNLGNIMEN": {
      "length": 5,
      "data": [
        0,
        1,
        0,
        0,
        0
      ]
    },
    "OEJEHFMGIIK": {
      "length": 5,
      "data": [
        0,
        1,
        0,
        0,
        0
      ]
    }
  }
}