{
  "KBAOKAGDAPB": {
    "EJGDHAMPMCN": {
      "data": [
        -3.4028234663852886e+38,
        -2875.3828125,
        -2822.716796875,
        -2687.56591796875,
        -2641.03662109375,
        3.4028234663852886e+38
      ]
    },
    "FFHGKKKPBME": {
      "data": [
        -3.4028234663852886e+38,
        -4340.71337890625,
        29.002227783203125,
        382.0947265625,
        627.357421875,
        3.4028234663852886e+38
      ]
    },
    "LLCBPDLCCIF": {
      "data": [
        -3.4028234663852886e+38,
        -4227.18310546875,
        -4190.0263671875,
        -4041.466796875,
        -3997.89697265625,
        3.4028234663852886e+38
      ]
    },
    "EKCLJLPIDNB": {
      "length": 7,
      "data": [
        0,
        1,
        3,
        1,
        0,
        0,
        0
      ]
    },
    "BCIGMHGDFPF": {
      "length": 7,
      "data": [
        0,
        1,
        3,
        1,
        0,
        0,
        0
      ]
    },
    "JPOPGOGCDHM": {
      "length": 7,
      "data": [
        0,
        1,
        3,
        1,
        0,
        0,
        0
      ]
    }
  }
}