{
  "OEBBPJADPDL": {
    "LMJKMLPKOFF": {
      "data": [
        -3.4028234663852886e+38,
        -2842.798828125,
        -2564.88525390625,
        3.4028234663852886e+38
      ]
    },
    "HNIAAIOFEIA": {
      "data": [
        -3.4028234663852886e+38,
        169.05242919921875,
        466.20123291015625,
        3.4028234663852886e+38
      ]
    },
    "KAMAFBLIMOI": {
      "data": [
        -3.4028234663852886e+38,
        -4586.201171875,
        -4323.408203125,
        3.4028234663852886e+38
      ]
    },
    "FEKOOBKEBBC": {
      "length": 5,
      "data": [
        0,
        1,
        0,
        0,
        0
      ]
    },
    "DOBPCAMELPD": {
      "length": 5,
      "data": [
        0,
        1,
        0,
        0,
        0
      ]
    },
    "LLLAPHMDHKP": {
      "length": 5,
      "data": [
        0,
        1,
        0,
        0,
        0
      ]
    }
  }
}