{
  "EKBHLDBNNCO": 1160001,
  "GIKAHCCKPOO": [
    {
      "FBEKEDCCHBJ": 116000101,
      "limitShapes": [
        {
          "pos": {
            "x": 1405.468505859375,
            "y": 765.9652099609375,
            "z": 4762.2080078125
          },
          "rot": {
            "y": 331.3788146972656
          },
          "shape": {
            "$type": "HOOINOFAEHH",
            "useHeight": true,
            "height": 71.11006927490234,
            "centerType": "Center",
            "width": 58.673667907714844,
            "length": 45.56730270385742
          }
        },
        {
          "pos": {
            "x": 1388.1068115234375,
            "y": 808.5675659179688,
            "z": 4793.42138671875
          },
          "rot": {
            "y": 23.23387908935547
          },
          "shape": {
            "$type": "HOOINOFAEHH",
            "useHeight": true,
            "height": 78.0,
            "centerType": "Center",
            "width": 40.0,
            "length": 76.3355484008789
          }
        },
        {
          "pos": {
            "x": 1399.47314453125,
            "y": 854.8492431640625,
            "z": 4847.4609375
          },
          "rot": {
            "y": 343.3155517578125
          },
          "shape": {
            "$type": "HOOINOFAEHH",
            "useHeight": true,
            "height": 145.8724822998047,
            "centerType": "Center",
            "width": 80.31781005859375,
            "length": 88.25291442871094
          }
        },
        {
          "pos": {
            "x": 1358.8717041015625,
            "y": 938.5066528320312,
            "z": 4921.54150390625
          },
          "rot": {
            "x": 0.015367472544312477,
            "y": 320.99041748046875,
            "z": 1.3287019729614258
          },
          "shape": {
            "$type": "PEIILPNMLPA",
            "useHeight": true,
            "height": 119.2861557006836,
            "width": 93.4241714477539,
            "length": 135.02015686035156
          }
        }
      ],
      "priority": 10
    }
  ],
  "minArea": {
    "x": 1279.005615234375,
    "y": 730.41015625,
    "z": 4728.1552734375
  },
  "maxArea": {
    "x": 1450.610107421875,
    "y": 999.2349853515625,
    "z": 5004.2529296875
  }
}