{
  "ANENDNOPFAM": 1160006,
  "ENOCNCFLOCC": [
    {
      "MCJMEHHMJFP": 116000601,
      "limitShapes": [
        {
          "pos": {
            "x": 1384.4813232421875,
            "y": 225.91925048828125,
            "z": 3557.467529296875
          },
          "rot": {
            "x": 5.494102478027344
          },
          "shape": {
            "$type": "OCPAPHFKCGJ",
            "useHeight": true,
            "height": 32.850196838378906,
            "width": 45.560516357421875,
            "length": 138.78294372558594
          }
        },
        {
          "pos": {
            "x": 1467.151123046875,
            "y": 236.56715393066406,
            "z": 3544.88330078125
          },
          "shape": {
            "$type": "BEJBBMBAOMP",
            "useHeight": true,
            "height": 69.25045776367188,
            "centerType": "Center",
            "width": 144.1949920654297,
            "length": 160.66064453125
          }
        },
        {
          "pos": {
            "x": 1453.17919921875,
            "y": 265.5879821777344,
            "z": 3633.049560546875
          },
          "rot": {
            "x": 350.4030456542969
          },
          "shape": {
            "$type": "OCPAPHFKCGJ",
            "useHeight": true,
            "height": 27.646682739257812,
            "width": 20.89932632446289,
            "length": 65.5835189819336
          }
        }
      ],
      "priority": 30
    }
  ],
  "minArea": {
    "x": 1361.7010498046875,
    "y": 201.94192504882812,
    "z": 3464.55322265625
  },
  "maxArea": {
    "x": 1539.2486572265625,
    "y": 284.6847839355469,
    "z": 3667.68701171875
  }
}