{
  "ANENDNOPFAM": 1160005,
  "ENOCNCFLOCC": [
    {
      "MCJMEHHMJFP": 116000501,
      "limitShapes": [
        {
          "pos": {
            "x": 1327.768310546875,
            "y": 127.81766510009766,
            "z": 3996.21923828125
          },
          "rot": {
            "y": 334.0025939941406
          },
          "shape": {
            "$type": "BEJBBMBAOMP",
            "useHeight": true,
            "height": 23.178264617919922,
            "centerType": "Center",
            "width": 45.00910949707031,
            "length": 23.178264617919922
          }
        },
        {
          "pos": {
            "x": 1272.510009765625,
            "y": 137.71717834472656,
            "z": 3949.80859375
          },
          "rot": {
            "y": 337.1326904296875
          },
          "shape": {
            "$type": "BEJBBMBAOMP",
            "useHeight": true,
            "height": 113.79324340820312,
            "centerType": "Center",
            "width": 105.84092712402344,
            "length": 94.90106964111328
          }
        },
        {
          "pos": {
            "x": 1277.8424072265625,
            "y": 178.62428283691406,
            "z": 3893.53076171875
          },
          "rot": {
            "x": 24.62483787536621,
            "y": 325.53009033203125,
            "z": 6.750260353088379
          },
          "shape": {
            "$type": "OCPAPHFKCGJ",
            "useHeight": true,
            "height": 40.025272369384766,
            "width": 46.152557373046875,
            "length": 38.34904861450195
          }
        },
        {
          "pos": {
            "x": 1286.1690673828125,
            "y": 191.0890350341797,
            "z": 3875.380615234375
          },
          "rot": {
            "x": 359.7878723144531,
            "y": 23.892715454101562,
            "z": 33.78681564331055
          },
          "shape": {
            "$type": "OCPAPHFKCGJ",
            "useHeight": true,
            "height": 15.634173393249512,
            "width": 34.87810134887695,
            "length": 30.897375106811523
          }
        }
      ],
      "priority": 30
    }
  ],
  "minArea": {
    "x": 1205.3095703125,
    "y": 80.82056427001953,
    "z": 3853.6142578125
  },
  "maxArea": {
    "x": 1353.07568359375,
    "y": 207.3409423828125,
    "z": 4016.5
  }
}