{
  "IHNCACBAGEH": 1160000,
  "NGGJDLACPDL": [
    {
      "PHNBMMHNELF": 116000001,
      "limitShapes": [
        {
          "pos": {
            "x": 1557.3603515625,
            "y": 744.59619140625,
            "z": 4482.4453125
          },
          "shape": {
            "$type": "HAIFNCHBCNL",
            "useHeight": true,
            "height": 3.136871814727783,
            "centerType": "Center",
            "width": 5.594538688659668,
            "length": 5.614205360412598
          }
        }
      ],
      "priority": 1
    }
  ],
  "minArea": {
    "x": 1554.5631103515625,
    "y": 743.0277709960938,
    "z": 4479.63818359375
  },
  "maxArea": {
    "x": 1560.1575927734375,
    "y": 746.1646118164062,
    "z": 4485.25244140625
  }
}