{
  "CCAGFHNCNMM": 33104,
  "IPLOHOEOAIM": [
    {
      "MNGPOKEHGHN": 3310401,
      "limitShapes": [
        {
          "pos": {
            "x": 583.1441650390625,
            "y": 255.2813262939453,
            "z": 5708.3203125
          },
          "shape": {
            "$type": "AOPKBFDHMLD",
            "useHeight": true,
            "height": 98.0428695678711,
            "radius": 85.0
          }
        },
        {
          "pos": {
            "x": 591.5595703125,
            "y": 318.181884765625,
            "z": 5707.78369140625
          },
          "shape": {
            "$type": "AOPKBFDHMLD",
            "useHeight": true,
            "height": 40.21717834472656,
            "radius": 28.0
          }
        }
      ]
    }
  ],
  "minArea": {
    "x": 498.1441650390625,
    "y": 206.2598876953125,
    "z": 5623.3203125
  },
  "maxArea": {
    "x": 668.1441650390625,
    "y": 338.29046630859375,
    "z": 5793.3203125
  }
}