{
  "NJDFNMNNBHD": 34301,
  "LBEFOHBACJD": [
    {
      "HIIPNFPCIMK": 3430101,
      "limitShapes": [
        {
          "pos": {
            "x": -1333.31201171875,
            "y": -190.96730041503906,
            "z": 8537.0634765625
          },
          "shape": {
            "$type": "EGMMFKMBFLE",
            "useHeight": true,
            "height": 250.0,
            "radius": 250.0
          }
        }
      ]
    }
  ],
  "minArea": {
    "x": -1583.31201171875,
    "y": -315.96728515625,
    "z": 8287.0634765625
  },
  "maxArea": {
    "x": -1083.31201171875,
    "y": -65.96730041503906,
    "z": 8787.0634765625
  }
}