{
  "IHNCACBAGEH": 34308,
  "NGGJDLACPDL": [
    {
      "PHNBMMHNELF": 3430801,
      "limitShapes": [
        {
          "pos": {
            "x": -2693.935791015625,
            "y": 107.9434814453125,
            "z": 8304.2568359375
          },
          "shape": {
            "$type": "HAIFNCHBCNL",
            "useHeight": true,
            "height": 83.18766784667969,
            "centerType": "Center",
            "width": 304.72320556640625,
            "length": 245.89642333984375
          }
        }
      ]
    }
  ],
  "minArea": {
    "x": -2846.29736328125,
    "y": 66.34964752197266,
    "z": 8181.30859375
  },
  "maxArea": {
    "x": -2541.57421875,
    "y": 149.53732299804688,
    "z": 8427.205078125
  }
}