{
  "HPOGNGFGLBD": 34307,
  "NLLMJGFGBBP": [
    {
      "AOPHCNCGNIA": 3430701,
      "limitShapes": [
        {
          "pos": {
            "x": -2845.88330078125,
            "y": 406.44573974609375,
            "z": 8483.568359375
          },
          "shape": {
            "$type": "DFOMFGGLHHN",
            "useHeight": true,
            "height": 112.36234283447266,
            "radius": 312.2567443847656
          }
        }
      ]
    },
    {
      "AOPHCNCGNIA": 3430702,
      "limitShapes": [
        {
          "pos": {
            "x": -2845.88330078125,
            "y": 406.44573974609375,
            "z": 8483.568359375
          },
          "shape": {
            "$type": "DFOMFGGLHHN",
            "useHeight": true,
            "height": 112.36234283447266,
            "radius": 312.2567443847656
          }
        }
      ]
    }
  ],
  "minArea": {
    "x": -3158.14013671875,
    "y": 350.2645568847656,
    "z": 8171.3115234375
  },
  "maxArea": {
    "x": -2533.62646484375,
    "y": 462.6269226074219,
    "z": 8795.8251953125
  }
}