{
  "CCAGFHNCNMM": 34303,
  "IPLOHOEOAIM": [
    {
      "MNGPOKEHGHN": 3430301,
      "limitShapes": [
        {
          "pos": {
            "x": -1779.4129638671875,
            "y": -58.125919342041016,
            "z": 8404.26171875
          },
          "shape": {
            "$type": "AOPKBFDHMLD",
            "useHeight": true,
            "height": 50.0,
            "radius": 50.0
          }
        },
        {
          "pos": {
            "x": -1867.0009765625,
            "y": -84.48570251464844,
            "z": 8507.7939453125
          },
          "shape": {
            "$type": "AOPKBFDHMLD",
            "useHeight": true,
            "height": 104.9088363647461,
            "radius": 150.0
          }
        }
      ]
    }
  ],
  "minArea": {
    "x": -2017.0009765625,
    "y": -136.94012451171875,
    "z": 8354.26171875
  },
  "maxArea": {
    "x": -1717.0009765625,
    "y": -32.031280517578125,
    "z": 8657.79296875
  }
}