{
  "IHNCACBAGEH": 34306,
  "NGGJDLACPDL": [
    {
      "PHNBMMHNELF": 3430601,
      "limitShapes": [
        {
          "pos": {
            "x": -2807.712158203125,
            "y": 128.92933654785156,
            "z": 8605.828125
          },
          "shape": {
            "$type": "HAIFNCHBCNL",
            "useHeight": true,
            "height": 71.93080139160156,
            "centerType": "Center",
            "width": 177.52455139160156,
            "length": 212.0914306640625
          }
        },
        {
          "pos": {
            "x": -2706.994384765625,
            "y": 139.34861755371094,
            "z": 8593.609375
          },
          "shape": {
            "$type": "MDPMIFIJHAP",
            "useHeight": true,
            "height": 45.04094314575195,
            "radius": 57.72618865966797
          }
        }
      ]
    },
    {
      "PHNBMMHNELF": 3430602,
      "limitShapes": [
        {
          "pos": {
            "x": -2797.627685546875,
            "y": 41.087059020996094,
            "z": 8604.9560546875
          },
          "shape": {
            "$type": "HAIFNCHBCNL",
            "useHeight": true,
            "height": 106.02847290039062,
            "centerType": "Center",
            "width": 229.28128051757812,
            "length": 279.8424072265625
          }
        }
      ]
    }
  ],
  "minArea": {
    "x": -2912.268310546875,
    "y": -11.927177429199219,
    "z": 8465.03515625
  },
  "maxArea": {
    "x": -2649.268310546875,
    "y": 164.89474487304688,
    "z": 8744.876953125
  }
}