{
  "IHNCACBAGEH": 34402,
  "NGGJDLACPDL": [
    {
      "PHNBMMHNELF": 3440201,
      "limitShapes": [
        {
          "pos": {
            "x": -1493.470947265625,
            "y": 146.31187438964844,
            "z": 9056.265625
          },
          "rot": {
            "y": 358.5508117675781
          },
          "shape": {
            "$type": "HAIFNCHBCNL",
            "useHeight": true,
            "height": 71.1493911743164,
            "centerType": "Center",
            "width": 80.43412017822266,
            "length": 37.177093505859375
          }
        },
        {
          "pos": {
            "x": -1440.8397216796875,
            "y": 104.45301818847656,
            "z": 8945.669921875
          },
          "shape": {
            "$type": "MDPMIFIJHAP",
            "useHeight": true,
            "height": 130.24981689453125,
            "radius": 95.39244842529297
          }
        },
        {
          "pos": {
            "x": -1437.014404296875,
            "y": 135.52952575683594,
            "z": 9053.0634765625
          },
          "shape": {
            "$type": "HAIFNCHBCNL",
            "useHeight": true,
            "height": 29.046588897705078,
            "centerType": "Center",
            "width": 37.686973571777344,
            "length": 39.74837875366211
          }
        },
        {
          "pos": {
            "x": -1428.3759765625,
            "y": 152.75631713867188,
            "z": 9062.638671875
          },
          "shape": {
            "$type": "HAIFNCHBCNL",
            "useHeight": true,
            "height": 10.818986892700195,
            "centerType": "Center",
            "width": 17.481842041015625,
            "length": 15.315242767333984
          }
        }
      ]
    }
  ],
  "minArea": {
    "x": -1536.232177734375,
    "y": 39.32810974121094,
    "z": 8850.27734375
  },
  "maxArea": {
    "x": -1345.447265625,
    "y": 181.88656616210938,
    "z": 9075.865234375
  }
}