{
  "NJDFNMNNBHD": 34606,
  "LBEFOHBACJD": [
    {
      "HIIPNFPCIMK": 3460601,
      "limitShapes": [
        {
          "pos": {
            "x": -2313.99755859375,
            "y": 275.55084228515625,
            "z": 8265.681640625
          },
          "rot": {
            "y": 18.28716468811035
          },
          "shape": {
            "$type": "OEPHFBMJJEJ",
            "useHeight": true,
            "height": 63.20294189453125,
            "centerType": "Center",
            "width": 124.97631072998047,
            "length": 107.5478286743164
          }
        },
        {
          "pos": {
            "x": -2359.94287109375,
            "y": 292.84747314453125,
            "z": 8307.9609375
          },
          "rot": {
            "y": 350.4374084472656
          },
          "shape": {
            "$type": "OEPHFBMJJEJ",
            "useHeight": true,
            "height": 56.1774787902832,
            "centerType": "Center",
            "width": 36.196632385253906,
            "length": 51.365028381347656
          }
        },
        {
          "pos": {
            "x": -2358.8994140625,
            "y": 294.7613830566406,
            "z": 8337.3701171875
          },
          "rot": {
            "y": 349.29840087890625
          },
          "shape": {
            "$type": "OEPHFBMJJEJ",
            "useHeight": true,
            "height": 54.94877624511719,
            "centerType": "Center",
            "width": 25.612815856933594,
            "length": 11.498811721801758
          }
        }
      ]
    }
  ],
  "minArea": {
    "x": -2390.202880859375,
    "y": 243.94940185546875,
    "z": 8195.015625
  },
  "maxArea": {
    "x": -2237.792236328125,
    "y": 322.23577880859375,
    "z": 8345.3984375
  }
}