{
  "IHNCACBAGEH": 34812,
  "NGGJDLACPDL": [
    {
      "PHNBMMHNELF": 3481201,
      "limitShapes": [
        {
          "pos": {
            "x": -1474.38671875,
            "y": 51.079673767089844,
            "z": 9407.3876953125
          },
          "rot": {
            "y": 301.2643127441406
          },
          "shape": {
            "$type": "HAIFNCHBCNL",
            "useHeight": true,
            "height": 66.0,
            "centerType": "Center",
            "width": 68.5,
            "length": 57.29999923706055
          }
        },
        {
          "pos": {
            "x": -1444.023681640625,
            "y": 35.218467712402344,
            "z": 9369.0595703125
          },
          "rot": {
            "y": 11.994915008544922
          },
          "shape": {
            "$type": "HAIFNCHBCNL",
            "useHeight": true,
            "height": 126.4187240600586,
            "centerType": "Center",
            "width": 42.86698913574219,
            "length": 50.54604721069336
          }
        },
        {
          "pos": {
            "x": -1412.126708984375,
            "y": 33.251773834228516,
            "z": 9355.0361328125
          },
          "shape": {
            "$type": "HAIFNCHBCNL",
            "useHeight": true,
            "height": 105.52635192871094,
            "centerType": "Center",
            "width": 158.84767150878906,
            "length": 52.71044158935547
          }
        },
        {
          "pos": {
            "x": -1278.3206787109375,
            "y": 13.954055786132812,
            "z": 9363.64453125
          },
          "shape": {
            "$type": "HAIFNCHBCNL",
            "useHeight": true,
            "height": 264.3733215332031,
            "centerType": "Center",
            "width": 321.4891357421875,
            "length": 229.07688903808594
          }
        }
      ]
    }
  ],
  "minArea": {
    "x": -1516.651611328125,
    "y": -118.23260498046875,
    "z": 9249.107421875
  },
  "maxArea": {
    "x": -1117.576171875,
    "y": 146.14071655273438,
    "z": 9478.181640625
  }
}