{
  "IHNCACBAGEH": 34813,
  "NGGJDLACPDL": [
    {
      "PHNBMMHNELF": 3481301,
      "limitShapes": [
        {
          "pos": {
            "x": -1825.215576171875,
            "y": 103.23591613769531,
            "z": 9653.912109375
          },
          "rot": {
            "y": 307.5755615234375
          },
          "shape": {
            "$type": "HAIFNCHBCNL",
            "useHeight": true,
            "height": 18.767431259155273,
            "centerType": "Center",
            "width": 36.26028060913086,
            "length": 30.835590362548828
          }
        },
        {
          "pos": {
            "x": -1851.9600830078125,
            "y": 83.0989761352539,
            "z": 9644.1904296875
          },
          "shape": {
            "$type": "HAIFNCHBCNL",
            "useHeight": true,
            "height": 46.281742095947266,
            "centerType": "Center",
            "width": 43.027225494384766,
            "length": 66.36738586425781
          }
        },
        {
          "pos": {
            "x": -1898.55078125,
            "y": 75.22905731201172,
            "z": 9653.544921875
          },
          "shape": {
            "$type": "MDPMIFIJHAP",
            "useHeight": true,
            "height": 70.04525756835938,
            "radius": 86.8659896850586
          }
        },
        {
          "pos": {
            "x": -1903.7039794921875,
            "y": 50.2044677734375,
            "z": 9532.2998046875
          },
          "shape": {
            "$type": "MDPMIFIJHAP",
            "useHeight": true,
            "height": 72.46945190429688,
            "radius": 101.99234771728516
          }
        }
      ]
    }
  ],
  "minArea": {
    "x": -2005.6962890625,
    "y": 13.969741821289062,
    "z": 9430.3076171875
  },
  "maxArea": {
    "x": -1801.711669921875,
    "y": 112.61962890625,
    "z": 9740.4111328125
  }
}