{
  "NJDFNMNNBHD": 37701,
  "LBEFOHBACJD": [
    {
      "HIIPNFPCIMK": 3770101,
      "limitShapes": [
        {
          "pos": {
            "x": -1647.5838623046875,
            "y": 49.85548400878906,
            "z": 9710.294921875
          },
          "shape": {
            "$type": "EGMMFKMBFLE",
            "useHeight": true,
            "height": 78.31414794921875,
            "radius": 48.73991394042969
          }
        },
        {
          "pos": {
            "x": -1600.904296875,
            "y": 38.63358688354492,
            "z": 9742.1494140625
          },
          "rot": {
            "x": -4.0750009588919056e-07,
            "y": 342.6662902832031,
            "z": 1.2718510333797894e-07
          },
          "shape": {
            "$type": "NBBPEINDJKM",
            "useHeight": true,
            "height": 69.32450103759766,
            "width": 99.65599060058594,
            "length": 47.97130584716797
          }
        },
        {
          "pos": {
            "x": -1540.6583251953125,
            "y": 41.19565963745117,
            "z": 9763.87890625
          },
          "rot": {
            "y": 348.7503356933594
          },
          "shape": {
            "$type": "OEPHFBMJJEJ",
            "useHeight": true,
            "height": 48.06871032714844,
            "centerType": "Center",
            "width": 39.02045822143555,
            "length": 27.507678985595703
          }
        },
        {
          "pos": {
            "x": -1530.9786376953125,
            "y": 49.275089263916016,
            "z": 9744.052734375
          },
          "rot": {
            "y": 56.83710861206055
          },
          "shape": {
            "$type": "OEPHFBMJJEJ",
            "useHeight": true,
            "height": 41.54842758178711,
            "centerType": "Center",
            "width": 41.955780029296875,
            "length": 43.9733772277832
          }
        }
      ]
    }
  ],
  "minArea": {
    "x": -1696.32373046875,
    "y": 3.9713363647460938,
    "z": 9661.5546875
  },
  "maxArea": {
    "x": -1501.09765625,
    "y": 89.01255798339844,
    "z": 9781.17578125
  }
}