{
  "NJDFNMNNBHD": 34904,
  "LBEFOHBACJD": [
    {
      "HIIPNFPCIMK": 3490401,
      "limitShapes": [
        {
          "pos": {
            "x": -437.2462158203125,
            "y": 140.38668823242188,
            "z": 10288.1767578125
          },
          "shape": {
            "$type": "OEPHFBMJJEJ",
            "useHeight": true,
            "height": 30.0,
            "centerType": "Center",
            "width": 120.0,
            "length": 60.0
          }
        },
        {
          "pos": {
            "x": -475.8814392089844,
            "y": 109.6756820678711,
            "z": 10285.5166015625
          },
          "shape": {
            "$type": "OEPHFBMJJEJ",
            "useHeight": true,
            "height": 40.0,
            "centerType": "Center",
            "width": 20.0,
            "length": 20.0
          }
        }
      ]
    },
    {
      "HIIPNFPCIMK": 3490402,
      "limitShapes": [
        {
          "pos": {
            "x": -475.6908264160156,
            "y": 75.56513977050781,
            "z": 10285.48828125
          },
          "shape": {
            "$type": "OEPHFBMJJEJ",
            "useHeight": true,
            "height": 30.0,
            "centerType": "Center",
            "width": 20.0,
            "length": 20.0
          }
        },
        {
          "pos": {
            "x": -420.40411376953125,
            "y": 100.52743530273438,
            "z": 10285.48828125
          },
          "shape": {
            "$type": "OEPHFBMJJEJ",
            "useHeight": true,
            "height": 50.0,
            "centerType": "Center",
            "width": 92.51058959960938,
            "length": 80.0
          }
        }
      ]
    }
  ],
  "minArea": {
    "x": -497.2462158203125,
    "y": 60.56513977050781,
    "z": 10245.48828125
  },
  "maxArea": {
    "x": -374.1488037109375,
    "y": 155.38668823242188,
    "z": 10325.48828125
  }
}