{
  "NJDFNMNNBHD": 34901,
  "LBEFOHBACJD": [
    {
      "HIIPNFPCIMK": 3490101,
      "limitShapes": [
        {
          "pos": {
            "x": -156.3673858642578,
            "y": 1253.8402099609375,
            "z": 9997.0771484375
          },
          "shape": {
            "$type": "EGMMFKMBFLE",
            "useHeight": true,
            "height": 300.0,
            "radius": 300.0
          }
        }
      ]
    }
  ],
  "minArea": {
    "x": -456.36737060546875,
    "y": 1103.8402099609375,
    "z": 9697.0771484375
  },
  "maxArea": {
    "x": 143.6326141357422,
    "y": 1403.8402099609375,
    "z": 10297.0771484375
  }
}