{
  "-16514": {
    "IINNGCIPKNL": 2.326226841559128e+23
  },
  "51": {
    "FJJGHOBFPKH": -50,
    "IDFMEPADLIG": 1.8167219796917852e+31,
    "PFDLFNEBJLO": -208.0015869140625,
    "GONMCMOLMJE": true
  },
  "-1": {
    "IINNGCIPKNL": 6.310887241768095e-30,
    "NNOJFGKOMPL": 55338841669632.0
  },
  "16": {
    "FJJGHOBFPKH": 6,
    "HLOHOIACFAF": 1.8759303344111245e+28
  },
  "24": {
    "FJJGHOBFPKH": -1,
    "HLOHOIACFAF": 4.4328441365748316e+21,
    "PFDLFNEBJLO": 1.8168741834524747e+31
  },
  "57": {
    "IINNGCIPKNL": 0.00021285261027514935,
    "IDFMEPADLIG": 830206902272.0,
    "NNOJFGKOMPL": 4.859227765982398e+30,
    "PFDLFNEBJLO": 1.2767825889874412e+19,
    "GONMCMOLMJE": true
  },
  "-48": {
    "HLOHOIACFAF": 2.4830682747218847e+20,
    "PFDLFNEBJLO": 3.853570776893247e-41
  },
  "-58": {
    "IDFMEPADLIG": 829753917440.0,
    "HLOHOIACFAF": 4.8528877431138567e+33,
    "PFDLFNEBJLO": 1.7857108563521947e+31,
    "GONMCMOLMJE": true
  },
  "-54": {
    "IDFMEPADLIG": 4.628027472493453e+27,
    "HLOHOIACFAF": 1.7032524439298609e+25,
    "GONMCMOLMJE": true
  },
  "6": {
    "IINNGCIPKNL": 7.557058646123995e+31,
    "IDFMEPADLIG": 15999534080.0,
    "GONMCMOLMJE": true
  },
  "-49": {
    "IDFMEPADLIG": 10.875346183776855,
    "NNOJFGKOMPL": 7.223145238721336e+28,
    "PFDLFNEBJLO": 1.8515113315056918e+28,
    "GONMCMOLMJE": true
  },
  "5": {
    "HLOHOIACFAF": 9.072411710775441e-10,
    "GONMCMOLMJE": true
  },
  "38": {
    "FJJGHOBFPKH": -56,
    "IINNGCIPKNL": 1.0059856617881683e+27,
    "IDFMEPADLIG": 2.5680366722014014e-09,
    "NNOJFGKOMPL": 7.645498434340845e-40,
    "PFDLFNEBJLO": 9.93858844524189e-32,
    "GONMCMOLMJE": true
  },
  "-56": {
    "FJJGHOBFPKH": 33,
    "IINNGCIPKNL": 1.0903108441060263e+21,
    "IDFMEPADLIG": 1.7884531584727222e+22,
    "NNOJFGKOMPL": 2.8183640817293853e+20
  },
  "56": {
    "FJJGHOBFPKH": -48,
    "IINNGCIPKNL": 7.183775532571747e+22,
    "PFDLFNEBJLO": 7.150701997628264e+22,
    "GONMCMOLMJE": true
  },
  "-51": {
    "FJJGHOBFPKH": 58,
    "IINNGCIPKNL": 2.697225920681935e-36,
    "HLOHOIACFAF": 1.51643363030883e-36,
    "GONMCMOLMJE": true
  },
  "55": {
    "IDFMEPADLIG": 1.51643363030883e-36
  },
  "33": {
    "FJJGHOBFPKH": 57,
    "IINNGCIPKNL": 612391808.0,
    "IDFMEPADLIG": 239861497856.0,
    "NNOJFGKOMPL": 7.271584837361508e+31,
    "PFDLFNEBJLO": 6.772061858957089e+22,
    "GONMCMOLMJE": true
  },
  "58": {
    "FJJGHOBFPKH": 57,
    "IDFMEPADLIG": 4.156092591448357e+21,
    "PFDLFNEBJLO": 2.748700256446521e+20,
    "GONMCMOLMJE": true
  },
  "0": {
    "FJJGHOBFPKH": -134285894
  },
  "-5": {},
  "35": {
    "IINNGCIPKNL": 6.699408951203805e+31,
    "HLOHOIACFAF": 246341844992.0,
    "PFDLFNEBJLO": 7.271584837361508e+31,
    "GONMCMOLMJE": true
  },
  "9": {
    "FJJGHOBFPKH": 2
  },
  "52": {
    "IDFMEPADLIG": 2.7488544808646804e+26,
    "HLOHOIACFAF": 6.94721045134523e+22,
    "PFDLFNEBJLO": 4.076585098405352e-28,
    "GONMCMOLMJE": true
  },
  "-42": {
    "IDFMEPADLIG": 7.23933617898089e-28,
    "HLOHOIACFAF": 64070944.0,
    "PFDLFNEBJLO": 7.365175038612794e+31,
    "GONMCMOLMJE": true
  },
  "41": {
    "FJJGHOBFPKH": -58,
    "IDFMEPADLIG": 3.930799635117849e+30,
    "PFDLFNEBJLO": 6.699408951203805e+31,
    "GONMCMOLMJE": true
  },
  "54": {
    "FJJGHOBFPKH": 4,
    "IDFMEPADLIG": 2.7946751476894165e+20,
    "PFDLFNEBJLO": 830613291008.0,
    "GONMCMOLMJE": true
  },
  "39": {
    "HLOHOIACFAF": 6.209103348696485e+22,
    "PFDLFNEBJLO": 15641.3623046875,
    "GONMCMOLMJE": true
  },
  "-55": {
    "FJJGHOBFPKH": 54,
    "PFDLFNEBJLO": 1.8083828595410913e+25,
    "GONMCMOLMJE": true
  },
  "-59": {
    "FJJGHOBFPKH": 58,
    "IINNGCIPKNL": 2.69154975309705e+20,
    "HLOHOIACFAF": 1.1584992667885409e+24,
    "PFDLFNEBJLO": 4.5439674152892987e+30,
    "GONMCMOLMJE": true
  },
  "-50": {
    "NNOJFGKOMPL": -5.004928607377224e-05,
    "PFDLFNEBJLO": 2.3314894547446162e-17,
    "GONMCMOLMJE": true
  },
  "1": {
    "IDFMEPADLIG": 1.063354775841413e-31
  },
  "50": {
    "FJJGHOBFPKH": -49,
    "IDFMEPADLIG": -3.6641831741046986e-23,
    "PFDLFNEBJLO": -3.9415154294885596e-23,
    "GONMCMOLMJE": true
  },
  "-13": {
    "FJJGHOBFPKH": -1,
    "IINNGCIPKNL": -1.1801219988708738e-38,
    "IDFMEPADLIG": 2.3509898226833465e-38,
    "NNOJFGKOMPL": 2.387794646589145e-38,
    "HLOHOIACFAF": 2.3694359551483326e-38,
    "PFDLFNEBJLO": 7.524972753424268e-43
  },
  "7": {
    "HLOHOIACFAF": 4.01568603515625
  },
  "4": {
    "IINNGCIPKNL": 1025235904.0,
    "HLOHOIACFAF": 9.311413896773368e-39,
    "GONMCMOLMJE": true
  },
  "32": {},
  "-33": {
    "IDFMEPADLIG": 6.150060256861733e+22,
    "HLOHOIACFAF": 1.7438884813019305e+28,
    "GONMCMOLMJE": true
  }
}