{
  "-16514": {
    "IKHBHFNPNOC": 2.326226841559128e+23
  },
  "51": {
    "DPFBMBMHOLN": -50,
    "AAEFOEOOBPB": 1.8167219796917852e+31
  },
  "52": {
    "DPFBMBMHOLN": 5238,
    "IKHBHFNPNOC": -152547440459776.0
  },
  "40": {
    "DPFBMBMHOLN": 55,
    "AAEFOEOOBPB": 7.554577446771818e+31
  },
  "0": {
    "DPFBMBMHOLN": -1
  },
  "24": {
    "DPFBMBMHOLN": 38,
    "cd": 1.8966999852506493e-28
  },
  "-42": {
    "AAEFOEOOBPB": 9.314297769012948e-39,
    "cd": 1.8481217726823819e+31
  },
  "-25": {
    "DPFBMBMHOLN": -29,
    "IKHBHFNPNOC": 834602532864.0,
    "AAEFOEOOBPB": 4.859227765982398e+30,
    "JMCFKOINDOK": 1.2767825889874412e+19,
    "cd": 13.136773109436035
  },
  "-60": {
    "IKHBHFNPNOC": 7.7130332882300185e+31,
    "AAEFOEOOBPB": 829753917440.0,
    "JMCFKOINDOK": 4.8528877431138567e+33
  },
  "55": {
    "cd": 7.684634451268993e-31
  },
  "38": {
    "DPFBMBMHOLN": -56,
    "IKHBHFNPNOC": 3.883374381908732e+30,
    "AAEFOEOOBPB": 4044678758400.0,
    "JMCFKOINDOK": 4.628027472493453e+27
  },
  "56": {
    "JMCFKOINDOK": 6.742092655236752e+22
  },
  "58": {
    "DPFBMBMHOLN": -50
  },
  "35": {
    "DPFBMBMHOLN": -59,
    "IKHBHFNPNOC": 1.7034883316697034e+25,
    "AAEFOEOOBPB": 7.034138931352735e+22,
    "JMCFKOINDOK": 9289171968.0
  },
  "57": {
    "DPFBMBMHOLN": -61
  },
  "-37": {
    "IKHBHFNPNOC": 7.713537652081962e+31,
    "AAEFOEOOBPB": 7.143336183572854e+31,
    "JMCFKOINDOK": 46449044.0
  },
  "-56": {
    "DPFBMBMHOLN": 57
  },
  "-49": {
    "AAEFOEOOBPB": -1.594309346468287e-23
  },
  "6": {
    "AAEFOEOOBPB": 2.8572841821150455e+32
  },
  "54": {
    "AAEFOEOOBPB": 7.36040040491774e+22,
    "cd": 5.5153145737974745e-40
  },
  "2": {
    "IKHBHFNPNOC": 1.7261162172898292e-30,
    "AAEFOEOOBPB": -1.18008836770773e-38
  },
  "9": {
    "IKHBHFNPNOC": 239861497856.0,
    "AAEFOEOOBPB": 7.271584837361508e+31,
    "JMCFKOINDOK": 6.772061858957089e+22
  },
  "-1": {
    "DPFBMBMHOLN": 1,
    "JMCFKOINDOK": 2.6815964878133434e-38,
    "cd": 9.40654216406283e-38
  },
  "34": {
    "DPFBMBMHOLN": -58,
    "JMCFKOINDOK": 7.09650613007245e+22
  },
  "50": {
    "DPFBMBMHOLN": 58
  },
  "8": {
    "IKHBHFNPNOC": 1.0900996419243032e+27,
    "AAEFOEOOBPB": 1.8083828595410913e+25
  },
  "-50": {
    "DPFBMBMHOLN": -42,
    "AAEFOEOOBPB": 7.212844466726573e+22
  },
  "-44": {
    "DPFBMBMHOLN": -49,
    "AAEFOEOOBPB": 6.88483424542626e+22
  },
  "-48": {
    "IKHBHFNPNOC": 10.187823295593262
  },
  "-59": {
    "DPFBMBMHOLN": -48,
    "IKHBHFNPNOC": 1.852354155863722e+28,
    "cd": 3.8898714514947957e+30
  },
  "-8": {
    "IKHBHFNPNOC": 1.0903108441060263e+21
  },
  "-18": {
    "AAEFOEOOBPB": 7.462921194712625e-36,
    "JMCFKOINDOK": -1.0842101857976885e-19,
    "cd": 1.1921021325633774e-07
  },
  "33": {
    "DPFBMBMHOLN": -5,
    "IKHBHFNPNOC": 0.0,
    "JMCFKOINDOK": -1.020399718010291e-33,
    "cd": 9.477853682392934e-38
  },
  "-3981": {
    "IKHBHFNPNOC": 3.5099524950026084e-38,
    "JMCFKOINDOK": 2.3510604481259484e-38,
    "cd": 2.387794646589145e-38
  },
  "-16": {
    "DPFBMBMHOLN": -1
  },
  "32": {
    "JMCFKOINDOK": 7.587993123566622e+31
  },
  "39": {
    "DPFBMBMHOLN": 50,
    "IKHBHFNPNOC": 4.0000481605529785,
    "AAEFOEOOBPB": 9.187136939867793e-40,
    "JMCFKOINDOK": 9596567552.0
  },
  "41": {
    "DPFBMBMHOLN": 43,
    "JMCFKOINDOK": 1.4219061391771304e+19
  }
}