{
  "enable": true,
  "condition": {},
  "platformMap": {
    "NJPCDMEHALD": 1.2347425951404665e-37
  },
  "levelMap": {
    "500": {
      "LLEHFKGJAEK": 5.078781313884643e-36,
      "AMOIPHOPKLB": 2.0224541936370695e-33
    },
    "0": {},
    "1": {
      "LLEHFKGJAEK": 4.032417657770698e-34
    },
    "4": {},
    "6": {},
    "5": {
      "LLEHFKGJAEK": 4.333348803356012e-34
    }
  }
}