{
    "priority": 2.472781997151981e-38,
    "exitRadius": -6.707836527248971e-24,
    "LFJKLAMGFEJ": 1.9355190783443277e-09,
    "ADHJKNPLELB": 2.5785418245050096e-09,
    "NDJKFJIOCND": -1.9285652186340485e-08,
    "HKLMPKOFLNF": 4.203895392974451e-45,
    "DJPJPFLMPCJ": 0.0
}