{
  "0": {},
  "8480": {},
  "65": {
    "y": 4.049444647110014e-25
  },
  "5": {},
  "127": {
    "x": -2.0679675551197065e-25,
    "y": -4.335896277610203e+35
  },
  "22": {
    "x": -9.082122802734375,
    "z": -0.0902099609375
  }
}