{
  "radius": 50.0,
  "height": 30.0,
  "groupUnits": [
    {
      "furnitureID": 376152,
      "BOIJMPNEPFO": {
        "x": 0.22332763671875,
        "z": 27.2000732421875
      }
    },
    {
      "furnitureID": 376153,
      "BOIJMPNEPFO": {
        "x": 0.22332763671875,
        "z": 3.2000732421875
      }
    },
    {
      "furnitureID": 376154,
      "BOIJMPNEPFO": {
        "x": 0.22332763671875,
        "y": 12.0,
        "z": 3.2000732421875
      }
    }
  ]
}