{
    "token": {
        "channelId": -1
    },
    "HLAJFOGLNFO": [
        {
            "pos": {
                "x": 1.790328736193708e+19,
                "z": 223.3020477294922
            }
        },
        {
            "pos": {
                "y": 4.088541374011373e+27,
                "z": 1.7036098143063638e+19
            },
            "LADPHAPJNCN": 1.8019403801269085e-28
        },
        {
            "pos": {
                "x": 1.6508930432196958e+28,
                "z": 4.916376116998627e+33
            }
        },
        {
            "pos": {
                "z": 61420603441152.0
            },
            "LADPHAPJNCN": 1.0177671883905352e-28
        }
    ],
    "rot": {
        "x": 15356778250240.0
    },
    "globalValueKey": "derwater_Vo"
}