{
    "defaultDistanceBetweenAvatarAndCamera": true,
    "DFCBLCOPJFI": {
        "x": 1.0433475565048267e-25,
        "y": 2.6073433720852793e-26,
        "z": 2.667738254840209e-23
    },
    "AJCJIOPIEPO": "lay_UI_Activity_Mark_Test"
}