{
    "JHMLDFAIEPD": {
        "EAPIOELIBIH": {
            "MCAINGCBJCO": [
                -3.4028234663852886e+38,
                4248.2333984375,
                4347.513671875,
                3.4028234663852886e+38
            ]
        },
        "KBBFJPNBIPE": {
            "MCAINGCBJCO": [
                -3.4028234663852886e+38,
                81.19880676269531,
                177.79881286621094,
                3.4028234663852886e+38
            ]
        },
        "JGMIPJOICAH": {
            "MCAINGCBJCO": [
                -3.4028234663852886e+38,
                4681.388671875,
                4780.6689453125,
                3.4028234663852886e+38
            ]
        },
        "DCJBAKIPIFA": {
            "length": 5,
            "MCAINGCBJCO": [
                0,
                1,
                0,
                0,
                0
            ]
        },
        "KCJHHGLKABP": {
            "length": 5,
            "MCAINGCBJCO": [
                0,
                1,
                0,
                0,
                0
            ]
        },
        "CMJPBHCHJOL": {
            "length": 5,
            "MCAINGCBJCO": [
                0,
                1,
                0,
                0,
                0
            ]
        }
    }
}