{
    "JHMLDFAIEPD": {
        "EAPIOELIBIH": {
            "MCAINGCBJCO": [
                -3.4028234663852886e+38,
                3039.33544921875,
                3806.23095703125,
                3.4028234663852886e+38
            ]
        },
        "KBBFJPNBIPE": {
            "MCAINGCBJCO": [
                -3.4028234663852886e+38,
                77.46163940429688,
                844.35693359375,
                3.4028234663852886e+38
            ]
        },
        "JGMIPJOICAH": {
            "MCAINGCBJCO": [
                -3.4028234663852886e+38,
                3327.927734375,
                4094.8232421875,
                3.4028234663852886e+38
            ]
        },
        "DCJBAKIPIFA": {
            "length": 5,
            "MCAINGCBJCO": [
                0,
                1,
                0,
                0,
                0
            ]
        },
        "KCJHHGLKABP": {
            "length": 5,
            "MCAINGCBJCO": [
                0,
                1,
                0,
                0,
                0
            ]
        },
        "CMJPBHCHJOL": {
            "length": 5,
            "MCAINGCBJCO": [
                0,
                1,
                0,
                0,
                0
            ]
        }
    }
}