{
    "EGDOPNOOACF": {
        "GADDKOJCNJD": {
            "GFHLIPPHNMO": [
                -3.4028234663852886e+38,
                -60.31956481933594,
                105.46397399902344,
                3.4028234663852886e+38
            ]
        },
        "PNAEEBHMAGM": {
            "GFHLIPPHNMO": [
                -3.4028234663852886e+38,
                -114.5606689453125,
                71.8602294921875,
                3.4028234663852886e+38
            ]
        },
        "CNHIOEIAILE": {
            "GFHLIPPHNMO": [
                -3.4028234663852886e+38,
                -45.48870849609375,
                209.9417724609375,
                3.4028234663852886e+38
            ]
        },
        "AKBJEIMAHME": {
            "length": 5,
            "GFHLIPPHNMO": [
                0,
                1,
                0,
                0,
                0
            ]
        },
        "IBHBFJFNEKD": {
            "length": 5,
            "GFHLIPPHNMO": [
                0,
                1,
                0,
                0,
                0
            ]
        },
        "IHGEBMPIDIJ": {
            "length": 5,
            "GFHLIPPHNMO": [
                0,
                1,
                0,
                0,
                0
            ]
        }
    }
}