{
    "JHMLDFAIEPD": {
        "EAPIOELIBIH": {
            "MCAINGCBJCO": [
                -3.4028234663852886e+38,
                522.957763671875,
                1058.868408203125,
                3.4028234663852886e+38
            ]
        },
        "KBBFJPNBIPE": {
            "MCAINGCBJCO": [
                -3.4028234663852886e+38,
                -135.575439453125,
                136.43399047851562,
                3.4028234663852886e+38
            ]
        },
        "JGMIPJOICAH": {
            "MCAINGCBJCO": [
                -3.4028234663852886e+38,
                211.29312133789062,
                728.367919921875,
                3.4028234663852886e+38
            ]
        },
        "DCJBAKIPIFA": {
            "length": 5,
            "MCAINGCBJCO": [
                0,
                1,
                0,
                0,
                0
            ]
        },
        "KCJHHGLKABP": {
            "length": 5,
            "MCAINGCBJCO": [
                0,
                1,
                0,
                0,
                0
            ]
        },
        "CMJPBHCHJOL": {
            "length": 5,
            "MCAINGCBJCO": [
                0,
                1,
                0,
                0,
                0
            ]
        }
    }
}