{
    "EGDOPNOOACF": {
        "GADDKOJCNJD": {
            "GFHLIPPHNMO": [
                -3.4028234663852886e+38,
                522.957763671875,
                1058.868408203125,
                3.4028234663852886e+38
            ]
        },
        "PNAEEBHMAGM": {
            "GFHLIPPHNMO": [
                -3.4028234663852886e+38,
                -135.575439453125,
                136.43399047851562,
                3.4028234663852886e+38
            ]
        },
        "CNHIOEIAILE": {
            "GFHLIPPHNMO": [
                -3.4028234663852886e+38,
                211.29312133789062,
                728.367919921875,
                3.4028234663852886e+38
            ]
        },
        "AKBJEIMAHME": {
            "length": 5,
            "GFHLIPPHNMO": [
                0,
                1,
                0,
                0,
                0
            ]
        },
        "IBHBFJFNEKD": {
            "length": 5,
            "GFHLIPPHNMO": [
                0,
                1,
                0,
                0,
                0
            ]
        },
        "IHGEBMPIDIJ": {
            "length": 5,
            "GFHLIPPHNMO": [
                0,
                1,
                0,
                0,
                0
            ]
        }
    }
}