{
    "HPJKDLKACCL": {
        "NPDDBLMOJIK": {
            "DOFAHLOHBPH": [
                -3.4028234663852886e+38,
                70.72146606445312,
                166.82083129882812,
                170.44534301757812,
                183.26519775390625,
                229.42633056640625,
                246.98712158203125,
                269.9565734863281,
                273.68231201171875,
                288.6839599609375,
                319.91790771484375,
                334.4649658203125,
                391.7803649902344,
                3.4028234663852886e+38
            ]
        },
        "NHIKJIFHLGM": {
            "DOFAHLOHBPH": [
                -3.4028234663852886e+38,
                -19.964481353759766,
                3.8982391357421875,
                18.903762817382812,
                45.40300750732422,
                59.954017639160156,
                75.14625549316406,
                90.65838623046875,
                91.68321228027344,
                98.89501953125,
                108.38671875,
                115.66278839111328,
                159.60787963867188,
                3.4028234663852886e+38
            ]
        },
        "DCFELOPFNOI": {
            "DOFAHLOHBPH": [
                -3.4028234663852886e+38,
                115.173095703125,
                118.86819458007812,
                141.82321166992188,
                143.42108154296875,
                190.33523559570312,
                196.58856201171875,
                229.84475708007812,
                236.01980590820312,
                246.82501220703125,
                273.5509338378906,
                288.1021728515625,
                376.8011474609375,
                3.4028234663852886e+38
            ]
        },
        "CGHOFAGPFGB": {
            "length": 15,
            "DOFAHLOHBPH": [
                0,
                1024,
                5256,
                5290,
                7851,
                7817,
                7885,
                3653,
                3925,
                3857,
                3585,
                1024,
                0,
                0,
                0
            ]
        },
        "KINFHFPJDJI": {
            "length": 15,
            "DOFAHLOHBPH": [
                0,
                1024,
                5256,
                5528,
                5256,
                5324,
                4300,
                4334,
                102,
                2663,
                2629,
                2561,
                0,
                0,
                0
            ]
        },
        "EAAEMJLCMOG": {
            "length": 15,
            "DOFAHLOHBPH": [
                0,
                1024,
                3585,
                7817,
                8089,
                8157,
                7885,
                3653,
                3585,
                3619,
                1058,
                1024,
                0,
                0,
                0
            ]
        }
    }
}