{
    "JHMLDFAIEPD": {
        "EAPIOELIBIH": {
            "MCAINGCBJCO": [
                -3.4028234663852886e+38,
                1041.923583984375,
                2048.990478515625,
                3.4028234663852886e+38
            ]
        },
        "KBBFJPNBIPE": {
            "MCAINGCBJCO": [
                -3.4028234663852886e+38,
                184.9547576904297,
                354.10894775390625,
                3.4028234663852886e+38
            ]
        },
        "JGMIPJOICAH": {
            "MCAINGCBJCO": [
                -3.4028234663852886e+38,
                -1986.427734375,
                -979.3606567382812,
                3.4028234663852886e+38
            ]
        },
        "DCJBAKIPIFA": {
            "length": 5,
            "MCAINGCBJCO": [
                0,
                1,
                0,
                0,
                0
            ]
        },
        "KCJHHGLKABP": {
            "length": 5,
            "MCAINGCBJCO": [
                0,
                1,
                0,
                0,
                0
            ]
        },
        "CMJPBHCHJOL": {
            "length": 5,
            "MCAINGCBJCO": [
                0,
                1,
                0,
                0,
                0
            ]
        }
    }
}