{
    "FNOEIBCJBLB": {
        "KONDBAIAKNG": {
            "JEOMPEHJFNL": [
                -3.4028234663852886e+38,
                2233.638427734375,
                2728.464111328125,
                3.4028234663852886e+38
            ]
        },
        "KLMJIJMGMKN": {
            "JEOMPEHJFNL": [
                -3.4028234663852886e+38,
                250.5877685546875,
                745.4133911132812,
                3.4028234663852886e+38
            ]
        },
        "EMEBJGKMPJA": {
            "JEOMPEHJFNL": [
                -3.4028234663852886e+38,
                4003.892333984375,
                4498.7177734375,
                3.4028234663852886e+38
            ]
        },
        "MLHPJPPLGEA": {
            "length": 5,
            "JEOMPEHJFNL": [
                0,
                1,
                0,
                0,
                0
            ]
        },
        "PCAAPECCLND": {
            "length": 5,
            "JEOMPEHJFNL": [
                0,
                1,
                0,
                0,
                0
            ]
        },
        "KLFKCFJPCKF": {
            "length": 5,
            "JEOMPEHJFNL": [
                0,
                1,
                0,
                0,
                0
            ]
        }
    }
}