{
    "HPJKDLKACCL": {
        "NPDDBLMOJIK": {
            "DOFAHLOHBPH": [
                -3.4028234663852886e+38,
                2233.638427734375,
                2728.464111328125,
                3.4028234663852886e+38
            ]
        },
        "NHIKJIFHLGM": {
            "DOFAHLOHBPH": [
                -3.4028234663852886e+38,
                250.5877685546875,
                745.4133911132812,
                3.4028234663852886e+38
            ]
        },
        "DCFELOPFNOI": {
            "DOFAHLOHBPH": [
                -3.4028234663852886e+38,
                4003.892333984375,
                4498.7177734375,
                3.4028234663852886e+38
            ]
        },
        "CGHOFAGPFGB": {
            "length": 5,
            "DOFAHLOHBPH": [
                0,
                1,
                0,
                0,
                0
            ]
        },
        "KINFHFPJDJI": {
            "length": 5,
            "DOFAHLOHBPH": [
                0,
                1,
                0,
                0,
                0
            ]
        },
        "EAAEMJLCMOG": {
            "length": 5,
            "DOFAHLOHBPH": [
                0,
                1,
                0,
                0,
                0
            ]
        }
    }
}