{
    "HPJKDLKACCL": {
        "NPDDBLMOJIK": {
            "DOFAHLOHBPH": [
                -3.4028234663852886e+38,
                4053.6689453125,
                4277.9580078125,
                4326.955078125,
                4337.08203125,
                4348.06640625,
                4362.3828125,
                4367.1064453125,
                4420.7705078125,
                4434.2392578125,
                4459.8720703125,
                4488.10546875,
                4514.0859375,
                4558.236328125,
                4795.37890625,
                4948.4052734375,
                4957.5205078125,
                5031.3818359375,
                5051.716796875,
                5060.1435546875,
                5132.2861328125,
                3.4028234663852886e+38
            ]
        },
        "NHIKJIFHLGM": {
            "DOFAHLOHBPH": [
                -3.4028234663852886e+38,
                -97.96099853515625,
                0.1249237060546875,
                81.958251953125,
                107.8789291381836,
                115.83929443359375,
                123.6933364868164,
                128.06317138671875,
                137.68887329101562,
                155.48211669921875,
                228.24127197265625,
                250.2761688232422,
                254.8470458984375,
                260.34027099609375,
                272.13671875,
                376.033203125,
                391.24835205078125,
                435.77471923828125,
                444.650634765625,
                504.3321533203125,
                508.24359130859375,
                3.4028234663852886e+38
            ]
        },
        "DCFELOPFNOI": {
            "DOFAHLOHBPH": [
                -3.4028234663852886e+38,
                4101.4833984375,
                4344.642578125,
                4357.232421875,
                4374.6376953125,
                4410.6513671875,
                4448.498046875,
                4451.8271484375,
                4486.048828125,
                4517.05859375,
                4557.4609375,
                4586.6435546875,
                4604.19287109375,
                4618.50927734375,
                4714.134765625,
                4714.5087890625,
                4715.7509765625,
                4727.146484375,
                4731.90234375,
                4853.5654296875,
                5209.76171875,
                3.4028234663852886e+38
            ]
        },
        "CGHOFAGPFGB": {
            "length": 23,
            "DOFAHLOHBPH": [
                0,
                32,
                288,
                292,
                293,
                301,
                293,
                295,
                311,
                295,
                39,
                35,
                34,
                32,
                96,
                224,
                736,
                224,
                160,
                32,
                0,
                0,
                0
            ]
        },
        "KINFHFPJDJI": {
            "length": 23,
            "DOFAHLOHBPH": [
                0,
                32,
                34,
                32,
                48,
                49,
                33,
                41,
                45,
                37,
                36,
                292,
                288,
                352,
                320,
                832,
                576,
                512,
                640,
                512,
                0,
                0,
                0
            ]
        },
        "EAAEMJLCMOG": {
            "length": 23,
            "DOFAHLOHBPH": [
                0,
                32,
                160,
                224,
                736,
                992,
                480,
                352,
                353,
                355,
                99,
                35,
                43,
                35,
                51,
                49,
                53,
                37,
                36,
                32,
                0,
                0,
                0
            ]
        }
    }
}