{
    "FNOEIBCJBLB": {
        "KONDBAIAKNG": {
            "JEOMPEHJFNL": [
                -3.4028234663852886e+38,
                3217.109375,
                3871.755859375,
                3.4028234663852886e+38
            ]
        },
        "KLMJIJMGMKN": {
            "JEOMPEHJFNL": [
                -3.4028234663852886e+38,
                186.62744140625,
                841.274169921875,
                3.4028234663852886e+38
            ]
        },
        "EMEBJGKMPJA": {
            "JEOMPEHJFNL": [
                -3.4028234663852886e+38,
                4218.1962890625,
                4872.8427734375,
                3.4028234663852886e+38
            ]
        },
        "MLHPJPPLGEA": {
            "length": 5,
            "JEOMPEHJFNL": [
                0,
                1,
                0,
                0,
                0
            ]
        },
        "PCAAPECCLND": {
            "length": 5,
            "JEOMPEHJFNL": [
                0,
                1,
                0,
                0,
                0
            ]
        },
        "KLFKCFJPCKF": {
            "length": 5,
            "JEOMPEHJFNL": [
                0,
                1,
                0,
                0,
                0
            ]
        }
    }
}