{
    "HPJKDLKACCL": {
        "NPDDBLMOJIK": {
            "DOFAHLOHBPH": [
                -3.4028234663852886e+38,
                411.09661865234375,
                425.9730224609375,
                441.003662109375,
                444.54638671875,
                456.9309997558594,
                461.91973876953125,
                479.4063720703125,
                481.9582214355469,
                482.532958984375,
                501.83642578125,
                506.15802001953125,
                610.9031982421875,
                892.8013916015625,
                3.4028234663852886e+38
            ]
        },
        "NHIKJIFHLGM": {
            "DOFAHLOHBPH": [
                -3.4028234663852886e+38,
                -148.4056396484375,
                74.13607788085938,
                78.28553009033203,
                78.47607421875,
                89.61587524414062,
                91.6220474243164,
                91.78790283203125,
                93.25384521484375,
                99.76078796386719,
                100.9325942993164,
                110.67877197265625,
                118.52852630615234,
                123.02165222167969,
                170.63150024414062,
                3.4028234663852886e+38
            ]
        },
        "DCFELOPFNOI": {
            "DOFAHLOHBPH": [
                -3.4028234663852886e+38,
                180.9571533203125,
                342.3531494140625,
                343.470947265625,
                351.0076599121094,
                363.57586669921875,
                367.8188171386719,
                367.9844665527344,
                374.215087890625,
                402.8444519042969,
                403.02191162109375,
                405.413818359375,
                407.5213623046875,
                427.04461669921875,
                3.4028234663852886e+38
            ]
        },
        "CGHOFAGPFGB": {
            "length": 16,
            "DOFAHLOHBPH": [
                0,
                40,
                56,
                58,
                62,
                126,
                94,
                90,
                26,
                24,
                8,
                0,
                1,
                0,
                0,
                0
            ]
        },
        "KINFHFPJDJI": {
            "length": 17,
            "DOFAHLOHBPH": [
                0,
                1,
                3,
                67,
                99,
                107,
                43,
                41,
                9,
                25,
                29,
                21,
                17,
                1,
                0,
                0,
                0
            ]
        },
        "EAAEMJLCMOG": {
            "length": 16,
            "DOFAHLOHBPH": [
                0,
                1,
                33,
                41,
                105,
                107,
                43,
                47,
                63,
                59,
                58,
                18,
                16,
                0,
                0,
                0
            ]
        }
    }
}