{
    "HPJKDLKACCL": {
        "NPDDBLMOJIK": {
            "DOFAHLOHBPH": [
                -3.4028234663852886e+38,
                -12.857669830322266,
                10.350000381469727,
                12.342330932617188,
                35.650001525878906,
                3.4028234663852886e+38
            ]
        },
        "NHIKJIFHLGM": {
            "DOFAHLOHBPH": [
                -3.4028234663852886e+38,
                -0.49499988555908203,
                -0.12957000732421875,
                8.835000038146973,
                40.470428466796875,
                3.4028234663852886e+38
            ]
        },
        "DCFELOPFNOI": {
            "DOFAHLOHBPH": [
                -3.4028234663852886e+38,
                -12.47071647644043,
                -7.395522117614746,
                6.904478073120117,
                12.729284286499023,
                3.4028234663852886e+38
            ]
        },
        "CGHOFAGPFGB": {
            "length": 7,
            "DOFAHLOHBPH": [
                0,
                1,
                3,
                2,
                0,
                0,
                0
            ]
        },
        "KINFHFPJDJI": {
            "length": 7,
            "DOFAHLOHBPH": [
                0,
                2,
                3,
                1,
                0,
                0,
                0
            ]
        },
        "EAAEMJLCMOG": {
            "length": 7,
            "DOFAHLOHBPH": [
                0,
                1,
                3,
                1,
                0,
                0,
                0
            ]
        }
    }
}