{
    "FNOEIBCJBLB": {
        "KONDBAIAKNG": {
            "JEOMPEHJFNL": [
                -3.4028234663852886e+38,
                3272.0712890625,
                3848.02880859375,
                3.4028234663852886e+38
            ]
        },
        "KLMJIJMGMKN": {
            "JEOMPEHJFNL": [
                -3.4028234663852886e+38,
                333.23529052734375,
                680.6248168945312,
                3.4028234663852886e+38
            ]
        },
        "EMEBJGKMPJA": {
            "JEOMPEHJFNL": [
                -3.4028234663852886e+38,
                3455.3828125,
                3862.11279296875,
                3.4028234663852886e+38
            ]
        },
        "MLHPJPPLGEA": {
            "length": 5,
            "JEOMPEHJFNL": [
                0,
                1,
                0,
                0,
                0
            ]
        },
        "PCAAPECCLND": {
            "length": 5,
            "JEOMPEHJFNL": [
                0,
                1,
                0,
                0,
                0
            ]
        },
        "KLFKCFJPCKF": {
            "length": 5,
            "JEOMPEHJFNL": [
                0,
                1,
                0,
                0,
                0
            ]
        }
    }
}