{
    "JHMLDFAIEPD": {
        "EAPIOELIBIH": {
            "MCAINGCBJCO": [
                -3.4028234663852886e+38,
                3272.0712890625,
                3848.02880859375,
                3.4028234663852886e+38
            ]
        },
        "KBBFJPNBIPE": {
            "MCAINGCBJCO": [
                -3.4028234663852886e+38,
                333.23529052734375,
                680.6248168945312,
                3.4028234663852886e+38
            ]
        },
        "JGMIPJOICAH": {
            "MCAINGCBJCO": [
                -3.4028234663852886e+38,
                3455.3828125,
                3862.11279296875,
                3.4028234663852886e+38
            ]
        },
        "DCJBAKIPIFA": {
            "length": 5,
            "MCAINGCBJCO": [
                0,
                1,
                0,
                0,
                0
            ]
        },
        "KCJHHGLKABP": {
            "length": 5,
            "MCAINGCBJCO": [
                0,
                1,
                0,
                0,
                0
            ]
        },
        "CMJPBHCHJOL": {
            "length": 5,
            "MCAINGCBJCO": [
                0,
                1,
                0,
                0,
                0
            ]
        }
    }
}