{
    "HPJKDLKACCL": {
        "NPDDBLMOJIK": {
            "DOFAHLOHBPH": [
                -3.4028234663852886e+38,
                -4.843250274658203,
                24.577465057373047,
                3.4028234663852886e+38
            ]
        },
        "NHIKJIFHLGM": {
            "DOFAHLOHBPH": [
                -3.4028234663852886e+38,
                -6.24249267578125,
                3.9846839904785156,
                3.4028234663852886e+38
            ]
        },
        "DCFELOPFNOI": {
            "DOFAHLOHBPH": [
                -3.4028234663852886e+38,
                3.285367965698242,
                15.505146026611328,
                3.4028234663852886e+38
            ]
        },
        "CGHOFAGPFGB": {
            "length": 5,
            "DOFAHLOHBPH": [
                0,
                1,
                0,
                0,
                0
            ]
        },
        "KINFHFPJDJI": {
            "length": 5,
            "DOFAHLOHBPH": [
                0,
                1,
                0,
                0,
                0
            ]
        },
        "EAAEMJLCMOG": {
            "length": 5,
            "DOFAHLOHBPH": [
                0,
                1,
                0,
                0,
                0
            ]
        }
    }
}