{
    "HPJKDLKACCL": {
        "NPDDBLMOJIK": {
            "DOFAHLOHBPH": [
                -3.4028234663852886e+38,
                296.00146484375,
                380.4781494140625,
                413.6640625,
                443.898681640625,
                454.825927734375,
                497.67730712890625,
                640.257568359375,
                701.953369140625,
                3.4028234663852886e+38
            ]
        },
        "NHIKJIFHLGM": {
            "DOFAHLOHBPH": [
                -3.4028234663852886e+38,
                57.5350341796875,
                115.41860961914062,
                126.94972229003906,
                131.1276397705078,
                150.89724731445312,
                151.1998748779297,
                166.68617248535156,
                526.0646362304688,
                3.4028234663852886e+38
            ]
        },
        "DCFELOPFNOI": {
            "DOFAHLOHBPH": [
                -3.4028234663852886e+38,
                446.67578125,
                472.62200927734375,
                513.6046752929688,
                589.84423828125,
                619.3739013671875,
                688.118896484375,
                696.71435546875,
                699.7265625,
                3.4028234663852886e+38
            ]
        },
        "CGHOFAGPFGB": {
            "length": 11,
            "DOFAHLOHBPH": [
                0,
                1,
                3,
                7,
                5,
                1,
                0,
                8,
                0,
                0,
                0
            ]
        },
        "KINFHFPJDJI": {
            "length": 11,
            "DOFAHLOHBPH": [
                0,
                1,
                5,
                7,
                15,
                11,
                9,
                1,
                0,
                0,
                0
            ]
        },
        "EAAEMJLCMOG": {
            "length": 11,
            "DOFAHLOHBPH": [
                0,
                1,
                5,
                1,
                9,
                11,
                9,
                1,
                0,
                0,
                0
            ]
        }
    }
}