{
    "HPJKDLKACCL": {
        "NPDDBLMOJIK": {
            "DOFAHLOHBPH": [
                -3.4028234663852886e+38,
                2635.986328125,
                2846.4638671875,
                3.4028234663852886e+38
            ]
        },
        "NHIKJIFHLGM": {
            "DOFAHLOHBPH": [
                -3.4028234663852886e+38,
                299.9441833496094,
                461.8299255371094,
                3.4028234663852886e+38
            ]
        },
        "DCFELOPFNOI": {
            "DOFAHLOHBPH": [
                -3.4028234663852886e+38,
                4075.3935546875,
                4359.03515625,
                3.4028234663852886e+38
            ]
        },
        "CGHOFAGPFGB": {
            "length": 5,
            "DOFAHLOHBPH": [
                0,
                1,
                0,
                0,
                0
            ]
        },
        "KINFHFPJDJI": {
            "length": 5,
            "DOFAHLOHBPH": [
                0,
                1,
                0,
                0,
                0
            ]
        },
        "EAAEMJLCMOG": {
            "length": 5,
            "DOFAHLOHBPH": [
                0,
                1,
                0,
                0,
                0
            ]
        }
    }
}