{
    "ONOPKLCBDDD": [
        {
            "MBEJMNDICKM": 1,
            "BOJGBEEOGDL": [
                {
                    "DLMKPMODIJN": 3750102,
                    "KBBNGLMMGAB": {
                        "x": 800.5,
                        "y": 318.1564025878906,
                        "z": 124.0
                    },
                    "OCDHADHDHEJ": {
                        "y": 188.15536499023438
                    },
                    "KBPOKKLBPCB": 0
                }
            ],
            "LPGFBFHPJOI": [
                {
                    "musicSubStates": {
                        "x": 792.0,
                        "y": 316.70001220703125,
                        "z": 192.0
                    },
                    "rot": {
                        "y": 176.0
                    }
                }
            ]
        },
        {
            "MBEJMNDICKM": 2,
            "LPGFBFHPJOI": [
                {
                    "musicSubStates": {
                        "x": 740.0,
                        "y": 341.0,
                        "z": 311.0
                    },
                    "rot": {
                        "y": 31.0
                    }
                }
            ]
        },
        {
            "MBEJMNDICKM": 3,
            "LPGFBFHPJOI": [
                {
                    "musicSubStates": {
                        "x": 673.0,
                        "y": 411.6000061035156,
                        "z": 551.0
                    },
                    "rot": {
                        "y": 36.0
                    }
                }
            ]
        },
        {
            "MBEJMNDICKM": 4,
            "LPGFBFHPJOI": [
                {
                    "musicSubStates": {
                        "x": 256.0,
                        "y": 524.2000122070312,
                        "z": 766.0
                    },
                    "rot": {
                        "y": -55.0
                    }
                }
            ]
        }
    ],
    "PPIIJENMIFD": true,
    "MCLHBIKEFPC": {
        "x": 798.4270629882812,
        "y": 319.326416015625,
        "z": 108.68922424316406
    },
    "NKCEJEIPFNF": {
        "y": 188.15536499023438
    },
    "JEALJEMKDIC": {
        "DLMKPMODIJN": 3750102,
        "KBBNGLMMGAB": {
            "x": 800.5,
            "y": 318.1564025878906,
            "z": 124.0
        },
        "OCDHADHDHEJ": {
            "y": 188.15536499023438
        },
        "KBPOKKLBPCB": 1
    },
    "ANGMHKDOAPE": {
        "x": 795.6785278320312,
        "y": 319.6763916015625,
        "z": 110.16404724121094
    },
    "JDPDICNHAHD": 2
}