{
    "ONOPKLCBDDD": [
        {
            "MBEJMNDICKM": 1,
            "BOJGBEEOGDL": [
                {
                    "DLMKPMODIJN": 375105,
                    "KBBNGLMMGAB": {
                        "x": 763.3200073242188,
                        "y": 327.9599914550781,
                        "z": 495.1199951171875
                    },
                    "OCDHADHDHEJ": {
                        "y": -56.0
                    },
                    "KBPOKKLBPCB": 0
                }
            ],
            "LPGFBFHPJOI": [
                {
                    "musicSubStates": {
                        "x": 757.02001953125,
                        "y": 330.9200134277344,
                        "z": 569.0700073242188
                    },
                    "rot": {
                        "y": -292.20001220703125
                    }
                }
            ]
        },
        {
            "MBEJMNDICKM": 2,
            "LPGFBFHPJOI": [
                {
                    "musicSubStates": {
                        "x": 799.9099731445312,
                        "y": 316.3299865722656,
                        "z": 617.7100219726562
                    },
                    "rot": {
                        "y": -30.049999237060547
                    }
                }
            ]
        },
        {
            "MBEJMNDICKM": 3,
            "LPGFBFHPJOI": [
                {
                    "musicSubStates": {
                        "x": 550.0999755859375,
                        "y": 377.25,
                        "z": 763.8300170898438
                    },
                    "rot": {
                        "y": -2.200000047683716
                    }
                }
            ]
        },
        {
            "MBEJMNDICKM": 4,
            "LPGFBFHPJOI": [
                {
                    "musicSubStates": {
                        "x": 249.0,
                        "y": 475.7300109863281,
                        "z": 555.8400268554688
                    },
                    "rot": {
                        "y": -265.30999755859375
                    }
                }
            ]
        }
    ],
    "PPIIJENMIFD": true,
    "MCLHBIKEFPC": {
        "x": 752.030029296875,
        "y": 330.9800109863281,
        "z": 502.7900085449219
    },
    "NKCEJEIPFNF": {
        "y": -56.0
    },
    "JEALJEMKDIC": {
        "DLMKPMODIJN": 375105,
        "KBBNGLMMGAB": {
            "x": 763.3200073242188,
            "y": 327.9599914550781,
            "z": 495.1199951171875
        },
        "OCDHADHDHEJ": {
            "y": -56.0
        },
        "KBPOKKLBPCB": 1
    },
    "ANGMHKDOAPE": {
        "x": 756.5999755859375,
        "y": 331.0899963378906,
        "z": 494.7300109863281
    },
    "JDPDICNHAHD": 3
}