{
    "sceneId": 35936,
    "actionPoints": [
        {
            "localId": 1,
            "type": "SurroundPoint",
            "pos": {
                "x": 94.56820678710938,
                "y": 10.063420295715332,
                "z": 105.47879791259766
            }
        },
        {
            "localId": 2,
            "type": "SurroundPoint",
            "pos": {
                "x": 105.47200012207031,
                "y": 10.063420295715332,
                "z": 105.61119842529297
            }
        },
        {
            "localId": 3,
            "type": "SurroundPoint",
            "pos": {
                "x": 94.55877685546875,
                "y": 10.063409805297852,
                "z": 94.50322723388672
            }
        },
        {
            "localId": 4,
            "type": "SurroundPoint",
            "pos": {
                "x": 105.48919677734375,
                "y": 10.063409805297852,
                "z": 94.53121948242188
            }
        }
    ]
}