{
    "sceneId": 1084,
    "actionPoints": [
        {
            "localId": 1,
            "type": "MultiTalkPrimPoint",
            "pos": {
                "x": -11.058159828186035,
                "y": 7.5204291343688965,
                "z": 11.052989959716797
            },
            "rot": {
                "y": 180.3948974609375
            },
            "freestyle": 8010
        },
        {
            "localId": 2,
            "type": "MultiTalkPoint",
            "pos": {
                "x": -10.814359664916992,
                "y": 7.520430088043213,
                "z": 7.586067199707031
            },
            "freestyle": 8010
        }
    ]
}