{
  "sceneId": 34788,
  "actionPoints": [
    {
      "localId": 1,
      "damageRatio": "OceanidMovePoint",
      "pos": {
        "x": -6.9857258796691895,
        "y": -0.10173379629850388,
        "z": -0.04978692904114723
      }
    },
    {
      "localId": 2,
      "damageRatio": "OceanidMovePoint",
      "pos": {
        "x": 7.042390823364258,
        "y": -0.1017272025346756,
        "z": 0.003817819058895111
      }
    }
  ]
}