{
  "sceneId": 47750,
  "actionPoints": [
    {
      "localId": 1,
      "damageRatio": "OceanidMovePoint",
      "pos": {
        "x": -2746.93994140625,
        "y": 200.88729858398438,
        "z": 8464.0498046875
      }
    },
    {
      "localId": 2,
      "damageRatio": "OceanidMovePoint",
      "pos": {
        "x": -2732.98193359375,
        "y": 200.81129455566406,
        "z": 8464.482421875
      }
    }
  ]
}