{
    "sceneId": 35942,
    "actionPoints": [
        {
            "localId": 3,
            "type": "LostSamachurl_Dance",
            "pos": {
                "x": 1536.7220458984375,
                "y": 240.78109741210938,
                "z": -1603.9200439453125
            },
            "rot": {
                "y": 266.44769287109375
            },
            "capacity": 1
        },
        {
            "localId": 6,
            "type": "LostSamachurl_Dance",
            "pos": {
                "x": 1535.7559814453125,
                "y": 240.881103515625,
                "z": -1601.5159912109375
            },
            "rot": {
                "y": 215.8446044921875
            },
            "capacity": 1
        },
        {
            "localId": 9,
            "type": "LostSamachurl_Sit",
            "pos": {
                "x": 1591.9580078125,
                "y": 246.75970458984375,
                "z": -1615.1639404296875
            },
            "rot": {
                "y": 137.90679931640625
            },
            "capacity": 1
        },
        {
            "localId": 10,
            "type": "LostSamachurl_Sit",
            "pos": {
                "x": 1571.41796875,
                "y": 245.54649353027344,
                "z": -1602.6719970703125
            },
            "rot": {
                "y": 276.1319885253906
            },
            "capacity": 1
        }
    ]
}