{
    "sceneId": 4,
    "actionPoints": [
        {
            "localId": 400400001,
            "type": "LandingPoint",
            "musicSubStates": {
                "x": -634.2158203125,
                "y": 120.0,
                "z": -197.08580017089844
            }
        }
    ]
}