{
  "sceneId": 36035,
  "actionPoints": [
    {
      "localId": 1,
      "pos": {
        "x": 34.57176971435547,
        "y": -2.6265220642089844,
        "z": -45.44419860839844
      }
    }
  ]
}