{
  "sceneId": 35792,
  "actionPoints": [
    {
      "localId": 1,
      "damageRatio": "OceanidMovePoint",
      "pos": {
        "x": -7.042766094207764,
        "y": -0.10173080116510391,
        "z": 0.023173000663518906
      }
    },
    {
      "localId": 2,
      "damageRatio": "OceanidMovePoint",
      "pos": {
        "x": 7.040475845336914,
        "y": -0.10173570364713669,
        "z": -0.03567278012633324
      }
    }
  ]
}