{
    "sceneId": 35760,
    "actionPoints": [
        {
            "localId": 1,
            "type": "NutcrackerPoint",
            "pos": {
                "x": -0.017653929069638252,
                "y": -0.10173939913511276,
                "z": -0.06624262034893036
            }
        }
    ]
}