{
    "sceneId": 35766,
    "actionPoints": [
        {
            "localId": 1,
            "type": "NutcrackerPoint",
            "pos": {
                "x": -0.005231881979852915,
                "y": -0.101739302277565,
                "z": 0.0023577508982270956
            }
        }
    ]
}