{
  "sceneId": 36031,
  "actionPoints": [
    {
      "localId": 1,
      "pos": {
        "x": 40.047691345214844,
        "y": -5.0569891929626465,
        "z": -69.32144165039062
      }
    }
  ]
}