{
  "sceneId": 51066,
  "actionPoints": [
    {
      "localId": 1,
      "damageRatio": "OceanidMovePoint",
      "pos": {
        "x": -6.028948783874512,
        "y": -0.10172980278730392,
        "z": 0.03384023904800415
      }
    },
    {
      "localId": 2,
      "damageRatio": "SleepPoint",
      "pos": {
        "x": 5.992304801940918,
        "y": -0.10172960162162781,
        "z": -0.01577671989798546
      }
    }
  ]
}