{
    "sceneId": 3,
    "actionPoints": [
        {
            "localId": 340500001,
            "type": "MultiTalkPrimPoint",
            "pos": {
                "x": 1675.406005859375,
                "y": 482.5635070800781,
                "z": 5004.05615234375
            },
            "rot": {
                "y": 266.9530944824219
            },
            "freestyle": 1190
        },
        {
            "localId": 340500002,
            "type": "MultiTalkPoint",
            "pos": {
                "x": 1673.779052734375,
                "y": 482.5635070800781,
                "z": 5003.9580078125
            },
            "rot": {
                "y": 86.95069885253906
            },
            "freestyle": 1030
        }
    ]
}