{
  "sceneId": 34772,
  "actionPoints": [
    {
      "localId": 1,
      "damageRatio": "NutcrackerPoint",
      "pos": {
        "x": -0.01610342040657997,
        "y": -0.10173270106315613,
        "z": -0.01920147053897381
      }
    }
  ]
}