{
  "sceneId": 3,
  "actionPoints": [
    {
      "localId": 341300001,
      "KPGKDHAFHFE": "SurroundPoint",
      "pos": {
        "x": 1137.1400146484375,
        "y": 37.31719970703125,
        "z": 3783.287109375
      }
    }
  ]
}