{
  "sceneId": 48002,
  "actionPoints": [
    {
      "localId": 1,
      "damageRatio": "NutcrackerPoint",
      "pos": {
        "x": 0.01869497075676918,
        "y": 56.7027702331543,
        "z": -0.08657073974609375
      }
    }
  ]
}