{
  "sceneId": 1080,
  "bornPosList": [
    {
      "_id": 1,
      "_configId": 21373,
      "roomId": 1,
      "_pos": {
        "x": 200.701904296875,
        "y": -20.430179595947266,
        "z": 222.2635955810547
      },
      "_rot": {
        "y": 134.57789611816406
      },
      "_groupId": 201080006,
      "suiteIdList": [
        2
      ],
      "_platformInfo": {}
    },
    {
      "_id": 2,
      "_configId": 21377,
      "roomId": 1,
      "_pos": {
        "x": 222.4741973876953,
        "y": -21.18600082397461,
        "z": 199.2803955078125
      },
      "_rot": {
        "y": 293.6216125488281
      },
      "_groupId": 201080006,
      "suiteIdList": [
        2
      ],
      "_platformInfo": {}
    }
  ]
}