{
  "sceneId": 20180,
  "bornPosList": [
    {
      "_id": 1,
      "_configId": 13124,
      "_pos": {
        "x": -825.4326782226562,
        "y": 160.26010131835938,
        "z": 2266.87890625
      },
      "_rot": {
        "y": 207.42520141601562
      },
      "_groupId": 220180001,
      "suiteIdList": [
        1
      ],
      "_platformInfo": {}
    },
    {
      "_id": 2,
      "_configId": 13125,
      "_pos": {
        "x": -824.8212280273438,
        "y": 161.79409790039062,
        "z": 2260.804931640625
      },
      "_rot": {
        "y": 299.1080017089844
      },
      "_groupId": 220180001,
      "suiteIdList": [
        1
      ],
      "_platformInfo": {}
    },
    {
      "_id": 3,
      "_configId": 13122,
      "_pos": {
        "x": -826.9310302734375,
        "y": 202.44979858398438,
        "z": 2293.985107421875
      },
      "_rot": {
        "y": 199.59950256347656
      },
      "_groupId": 220180001,
      "suiteIdList": [
        1
      ],
      "_platformInfo": {}
    },
    {
      "_id": 4,
      "_configId": 13121,
      "_pos": {
        "x": -724.6796875,
        "y": 225.98289489746094,
        "z": 2234.18994140625
      },
      "_rot": {
        "y": 50.21894073486328
      },
      "_groupId": 220180014,
      "suiteIdList": [
        1
      ],
      "_platformInfo": {}
    }
  ]
}