{
  "sceneId": 20101,
  "bornPosList": [
    {
      "_id": 1,
      "_configId": 10335,
      "_pos": {
        "x": 14.400010108947754,
        "y": -15.302729606628418,
        "z": 39.046260833740234
      },
      "_rot": {
        "y": 206.97999572753906
      },
      "_groupId": 220101002,
      "suiteIdList": [
        1
      ],
      "_platformInfo": {}
    },
    {
      "_id": 2,
      "_configId": 10336,
      "_pos": {
        "x": -18.65266990661621,
        "y": -15.302729606628418,
        "z": 34.133121490478516
      },
      "_rot": {
        "y": 239.38999938964844
      },
      "_groupId": 220101002,
      "suiteIdList": [
        1
      ],
      "_platformInfo": {}
    },
    {
      "_id": 3,
      "_configId": 10337,
      "_pos": {
        "x": 8.915005683898926,
        "y": -15.368109703063965,
        "z": -42.09934997558594
      },
      "_groupId": 220101002,
      "suiteIdList": [
        1
      ],
      "_platformInfo": {}
    },
    {
      "_id": 4,
      "_configId": 10338,
      "_pos": {
        "x": -24.718780517578125,
        "y": -17.37074089050293,
        "z": 0.3834873139858246
      },
      "_groupId": 220101002,
      "suiteIdList": [
        1
      ],
      "_platformInfo": {}
    }
  ]
}