{
  "sceneId": 47303,
  "bornPosList": [
    {
      "_id": 1,
      "_configId": 30309,
      "_pos": {
        "x": 32.33115005493164,
        "y": 3.149998903274536,
        "z": 111.3749008178711
      },
      "_rot": {
        "y": 180.81019592285156
      },
      "_groupId": 247303002,
      "suiteIdList": [
        1
      ],
      "_platformInfo": {}
    }
  ]
}