{
  "sceneId": 1009,
  "bornPosList": [
    {
      "_id": 1,
      "_configId": 1248,
      "roomId": 1,
      "_pos": {
        "x": -4.021286964416504,
        "y": 2.4084930419921875,
        "z": -8.86637020111084
      },
      "_groupId": 201009003,
      "suiteIdList": [
        1
      ],
      "_platformInfo": {}
    }
  ]
}