{
  "sceneId": 50015,
  "bornPosList": [
    {
      "_id": 1,
      "_configId": 20032,
      "_pos": {
        "x": -30.499969482421875,
        "y": 4.799999237060547,
        "z": -109.88567352294922
      },
      "_rot": {
        "y": 258.86260986328125
      },
      "_groupId": 250015016,
      "suiteIdList": [
        1
      ],
      "_platformInfo": {}
    }
  ]
}