{
  "sceneId": 47302,
  "bornPosList": [
    {
      "_id": 1,
      "_configId": 30309,
      "_pos": {
        "x": 32.383338928222656,
        "y": 3.149998903274536,
        "z": 111.40879821777344
      },
      "_rot": {
        "y": 183.7530975341797
      },
      "_groupId": 247302002,
      "suiteIdList": [
        1
      ],
      "_platformInfo": {}
    }
  ]
}