{
  "sceneId": 20245,
  "bornPosList": [
    {
      "_id": 1,
      "_configId": 21774,
      "_pos": {
        "x": -1566.6490478515625,
        "y": 103.08180236816406,
        "z": 7964.744140625
      },
      "_rot": {
        "y": 94.50245666503906
      },
      "_groupId": 220245008,
      "suiteIdList": [
        1
      ],
      "_platformInfo": {}
    },
    {
      "_id": 2,
      "_configId": 21776,
      "_pos": {
        "x": -1565.1259765625,
        "y": 102.89939880371094,
        "z": 7967.63720703125
      },
      "_rot": {
        "y": 142.0836944580078
      },
      "_groupId": 220245008,
      "suiteIdList": [
        1
      ],
      "_platformInfo": {}
    }
  ]
}