{
  "sceneId": 1,
  "bornPosList": [
    {
      "_id": 1,
      "_configId": 20036,
      "_pos": {
        "x": 2382.718994140625,
        "y": 256.43231201171875,
        "z": -1346.967041015625
      },
      "_rot": {
        "y": 184.8000030517578
      },
      "_groupId": 111101038,
      "_platformInfo": {}
    },
    {
      "_id": 2,
      "_configId": 9002,
      "_pos": {
        "x": 2629.034912109375,
        "y": 251.05780029296875,
        "z": -1255.3399658203125
      },
      "_groupId": 111101114,
      "suiteIdList": [
        1
      ],
      "_platformInfo": {}
    },
    {
      "_id": 3,
      "_configId": 20284,
      "_pos": {
        "x": 2561.347900390625,
        "y": 228.77149963378906,
        "z": -1150.656005859375
      },
      "_rot": {
        "y": 155.52059936523438
      },
      "_groupId": 111101122,
      "suiteIdList": [
        2
      ],
      "_platformInfo": {}
    }
  ]
}