{
  "sceneId": 20023,
  "bornPosList": [
    {
      "_id": 1,
      "_configId": 10209,
      "_pos": {
        "x": 232.5695037841797,
        "y": 26.888450622558594,
        "z": 53.93220901489258
      },
      "_rot": {
        "y": 185.16290283203125
      },
      "_groupId": 220023016,
      "suiteIdList": [
        1
      ],
      "_platformInfo": {}
    }
  ]
}