{
  "sceneId": 47306,
  "bornPosList": [
    {
      "_id": 1,
      "_configId": 30309,
      "_pos": {
        "x": 32.337379455566406,
        "y": 3.149998903274536,
        "z": 111.49829864501953
      },
      "_rot": {
        "y": 185.14019775390625
      },
      "_groupId": 247306002,
      "suiteIdList": [
        1
      ],
      "_platformInfo": {}
    }
  ]
}