{
  "sceneId": 47301,
  "bornPosList": [
    {
      "_id": 1,
      "_configId": 30309,
      "_pos": {
        "x": 32.20901107788086,
        "y": 3.149998903274536,
        "z": 111.4531021118164
      },
      "_rot": {
        "y": 184.3762969970703
      },
      "_groupId": 247301003,
      "suiteIdList": [
        1
      ],
      "_platformInfo": {}
    }
  ]
}