{
  "sceneId": 20151,
  "bornPosList": [
    {
      "_id": 1,
      "_configId": 12986,
      "_pos": {
        "x": -146.1667938232422,
        "y": -9.86791706085205,
        "z": 85.01302337646484
      },
      "_rot": {
        "y": 171.25680541992188
      },
      "_groupId": 220151017,
      "suiteIdList": [
        1
      ],
      "_platformInfo": {}
    },
    {
      "_id": 2,
      "_configId": 12985,
      "_pos": {
        "x": -26.443349838256836,
        "y": 1.000100016593933,
        "z": 51.77463912963867
      },
      "_groupId": 220151017,
      "suiteIdList": [
        1
      ],
      "_platformInfo": {}
    }
  ]
}