{
  "sceneId": 1011,
  "bornPosList": [
    {
      "_id": 1,
      "_configId": 20024,
      "_pos": {
        "x": -175.6925048828125,
        "y": 0.7999999523162842,
        "z": -159.484619140625
      },
      "_groupId": 201011056,
      "suiteIdList": [
        1
      ],
      "_platformInfo": {}
    }
  ]
}