{
  "sceneId": 51013,
  "bornPosList": [
    {
      "_id": 1,
      "_configId": 20315,
      "_pos": {
        "x": -98.82839965820312,
        "y": 42.56583023071289,
        "z": -15.825420379638672
      },
      "_rot": {
        "y": 89.18038177490234
      },
      "_groupId": 251013001,
      "suiteIdList": [
        1
      ],
      "_platformInfo": {}
    },
    {
      "_id": 2,
      "_configId": 12897,
      "_pos": {
        "x": -98.82839965820312,
        "y": 50.57093048095703,
        "z": -10.292409896850586
      },
      "_rot": {
        "y": 103.70449829101562
      },
      "_groupId": 251013001,
      "suiteIdList": [
        1
      ],
      "_platformInfo": {}
    }
  ]
}