{
  "sceneId": 47304,
  "bornPosList": [
    {
      "_id": 1,
      "_configId": 30309,
      "_pos": {
        "x": 32.29951858520508,
        "y": 3.149998903274536,
        "z": 111.48639678955078
      },
      "_rot": {
        "y": 180.61239624023438
      },
      "_groupId": 247304002,
      "suiteIdList": [
        1
      ],
      "_platformInfo": {}
    }
  ]
}