{
  "sceneId": 30001,
  "bornPosList": [
    {
      "_id": 1,
      "_configId": 86,
      "_pos": {
        "x": -5.656796932220459,
        "y": 0.016539189964532852,
        "z": -9.214149475097656
      },
      "_groupId": 230001019,
      "suiteIdList": [
        1
      ],
      "_platformInfo": {}
    }
  ]
}