{
    "sceneId": 1080,
    "bornPosList": [
        {
            "id": 1,
            "configId": 21373,
            "roomId": 1,
            "pos": {
                "x": 200.701904296875,
                "y": -20.430179595947266,
                "z": 222.2635955810547
            },
            "rot": {
                "y": 134.57789611816406
            },
            "groupId": 201080006,
            "suiteIdList": [
                2
            ],
            "platformInfo": {}
        },
        {
            "id": 2,
            "configId": 21377,
            "roomId": 1,
            "pos": {
                "x": 222.4741973876953,
                "y": -21.18600082397461,
                "z": 199.2803955078125
            },
            "rot": {
                "y": 293.6216125488281
            },
            "groupId": 201080006,
            "suiteIdList": [
                2
            ],
            "platformInfo": {}
        }
    ]
}