{
  "sceneId": 1068,
  "bornPosList": [
    {
      "_id": 1,
      "_configId": 30114,
      "roomId": 1,
      "_pos": {
        "x": 0.43791449069976807,
        "y": -1.3452220173348906e-06,
        "z": 8.256913185119629
      },
      "_rot": {
        "y": 180.0
      },
      "_groupId": 201068002,
      "suiteIdList": [
        2
      ],
      "_platformInfo": {}
    }
  ]
}