{
  "enable": true,
  "OMNLPGKJNDC": {
    "JKFBLJFOEIN": -1,
    "GGPDFPICHNB": 2.755148121868517e-38,
    "HNLDPBCCIJF": 2.3881208688716397e-39
  },
  "OODFMJHKHOP": {
    "-1": {
      "GGPDFPICHNB": 7.315397697878323e+34,
      "LBLDGGNKLNK": 1.450760622824856e+19,
      "FGEALOCDJBC": "ctivity_Mark_Test"
    }
  }
}