{
  "enable": true,
  "IINAPJMBPCK": {
    "DPFBMBMHOLN": -1,
    "HMANIPKOFIH": 2.755148121868517e-38,
    "EAPOPDDGFIF": 2.2962853727136485e-39
  },
  "KANFCOALFMG": {
    "-1": {
      "HMANIPKOFIH": 7.315397697878323e+34,
      "EFKDCMGOMGF": "UI_Activity_Mark_Test"
    }
  }
}