{
  "enable": true,
  "DIMLNGPNNEF": {
    "JBGIGAHNNOD": -1,
    "KJJNLHDIINI": 2.755148121868517e-38,
    "KJLGNHMIJEJ": 2.3881208688716397e-39
  },
  "NEGNHIOEBHM": {
    "-1": {
      "KJJNLHDIINI": 7.315397697878323e+34,
      "FFCJLICDNKG": 1.450760622824856e+19,
      "MDLPKJHIIAI": "ctivity_Mark_Test"
    }
  }
}