{
  "forceTriggerWhenChangeAuthority": true,
  "selfRotateOffSet": {
    "x": 1.0433475565048267e-25,
    "y": 6.674799032538315e-24,
    "z": 2.667738254840209e-23
  },
  "deactiveOnCutsecneName": "lay_UI_Activity_Mark_Test"
}