{
  "HKIPILMNLHB": 2.479773915969576e-38,
  "LMDGEHIIJOH": [
    {
      "y": 6.674799032538315e-24,
      "z": 2.667738254840209e-23
    }
  ],
  "isStatic": true,
  "MHHBPFCINDP": "ay_UI_Activity_Mark_Test"
}