{
  "enable": true,
  "JMCOBEPDIGM": {
    "ANLAAGAMIKF": -1,
    "DMGAHPPFMPK": 2.755148121868517e-38,
    "FLENLLDBFGP": 2.3881208688716397e-39
  },
  "PIOCBHLFLJP": {
    "-1": {
      "DMGAHPPFMPK": 7.315397697878323e+34,
      "JJCOMPLOOPG": 1.450760622824856e+19,
      "MNPDDAKDHGK": "ctivity_Mark_Test"
    }
  }
}