{
    "-4": {
        "ACEEFPBODHC": -6611948032.0,
        "HNJFJDKGJBF": 5.5293647265031165e-12
    },
    "0": {
        "HNJFJDKGJBF": -0.00017658903379924595
    },
    "-35": {
        "ACEEFPBODHC": -2180.821044921875,
        "KBBJILAKPDO": -50.345367431640625,
        "HNJFJDKGJBF": 5959.3203125
    },
    "-5": {
        "ACEEFPBODHC": -2339.904541015625,
        "KBBJILAKPDO": -83.59612274169922,
        "HNJFJDKGJBF": 5997.0908203125
    },
    "568953": {
        "ACEEFPBODHC": -2271.59521484375,
        "KBBJILAKPDO": -78.54305267333984,
        "HNJFJDKGJBF": 5927.1455078125
    },
    "50": {
        "ACEEFPBODHC": -0.0001825420476961881
    },
    "13": {
        "KBBJILAKPDO": -3.117843985786317e-23
    },
    "18": {
        "KBBJILAKPDO": 6030.91845703125
    },
    "569145": {
        "ACEEFPBODHC": -2327.813232421875,
        "KBBJILAKPDO": -60.74310302734375,
        "HNJFJDKGJBF": 6030.27294921875
    }
}