{
    "minArea": {
        "x": 2708.607421875,
        "z": -581.079345703125
    },
    "maxArea": {
        "x": 2719.698974609375,
        "z": -571.5927734375
    },
    "roadPoints": [
        {
            "x": 2719.365234375,
            "y": 202.39999389648438,
            "z": -581.079345703125
        },
        {
            "x": 2719.698974609375,
            "y": 203.78941345214844,
            "z": -573.93798828125
        },
        {
            "x": 2710.480224609375,
            "y": 203.39889526367188,
            "z": -571.5927734375
        },
        {
            "x": 2708.607421875,
            "y": 202.39999389648438,
            "z": -577.5823974609375
        }
    ]
}