{
    "-3": {
        "OFEADLIEFIM": 52881920000.0
    },
    "-4871": {},
    "30": {
        "OFEADLIEFIM": -36243783680.0
    },
    "-9": {},
    "-35": {},
    "51": {},
    "-34": {
        "OFEADLIEFIM": 2.9532670076127977e-34
    },
    "2317": {
        "OFEADLIEFIM": 57946384.0
    },
    "-72341804": {
        "OFEADLIEFIM": -1.4693453240369305e-34
    },
    "-43": {
        "OFEADLIEFIM": 9.285536645729326e-19
    },
    "0": {
        "OFEADLIEFIM": 202.39999389648438
    },
    "623434": {}
}