{
    "minArea": {
        "x": 2506.270751953125,
        "z": -463.323974609375
    },
    "maxArea": {
        "x": 2519.029296875,
        "z": -448.79046630859375
    },
    "roadPoints": [
        {
            "x": 2514.266357421875,
            "y": 202.39999389648438,
            "z": -463.323974609375
        },
        {
            "x": 2519.029296875,
            "y": 202.96827697753906,
            "z": -458.613037109375
        },
        {
            "x": 2511.594482421875,
            "y": 204.5777587890625,
            "z": -448.79046630859375
        },
        {
            "x": 2506.270751953125,
            "y": 203.71218872070312,
            "z": -453.284912109375
        }
    ]
}