{
    "-4": {
        "CAMKPFMPAGK": 6.17092186942109e-39,
        "DBGDKKPIJCB": -3.0458984375
    },
    "13": {
        "KCGOFCINDBA": -0.8985559344291687
    },
    "-33": {
        "CAMKPFMPAGK": 300.0,
        "KCGOFCINDBA": 477.615234375
    },
    "4": {
        "CAMKPFMPAGK": -439.6224060058594,
        "KCGOFCINDBA": 120.0,
        "DBGDKKPIJCB": 172.56072998046875
    },
    "-42": {
        "CAMKPFMPAGK": -3.2348078235148425e-28
    },
    "11": {
        "DBGDKKPIJCB": 120.0
    },
    "41": {
        "DBGDKKPIJCB": 1.1278870509506662e+37
    },
    "-551650": {},
    "4280": {
        "DBGDKKPIJCB": 2.946382559643314e-34
    },
    "-5163": {
        "KCGOFCINDBA": -1.584600084743853e+29,
        "DBGDKKPIJCB": 353896512.0
    },
    "32": {
        "CAMKPFMPAGK": 193.74765014648438,
        "KCGOFCINDBA": 120.53844451904297,
        "DBGDKKPIJCB": 283.2440490722656
    },
    "555943": {
        "CAMKPFMPAGK": -138.7935333251953,
        "KCGOFCINDBA": 120.0,
        "DBGDKKPIJCB": 443.74700927734375
    }
}