{
    "-4": {
        "ACEEFPBODHC": 6.17092186942109e-39,
        "HNJFJDKGJBF": -3.0458984375
    },
    "13": {
        "KBBJILAKPDO": -0.8985559344291687
    },
    "-33": {
        "ACEEFPBODHC": 300.0,
        "KBBJILAKPDO": 477.615234375
    },
    "4": {
        "ACEEFPBODHC": -439.6224060058594,
        "KBBJILAKPDO": 120.0,
        "HNJFJDKGJBF": 172.56072998046875
    },
    "-42": {
        "ACEEFPBODHC": -3.2348078235148425e-28
    },
    "11": {
        "HNJFJDKGJBF": 120.0
    },
    "41": {
        "HNJFJDKGJBF": 1.1278870509506662e+37
    },
    "-551650": {},
    "4280": {
        "HNJFJDKGJBF": 2.946382559643314e-34
    },
    "-5163": {
        "KBBJILAKPDO": -1.584600084743853e+29,
        "HNJFJDKGJBF": 353896512.0
    },
    "32": {
        "ACEEFPBODHC": 193.74765014648438,
        "KBBJILAKPDO": 120.53844451904297,
        "HNJFJDKGJBF": 283.2440490722656
    },
    "555943": {
        "ACEEFPBODHC": -138.7935333251953,
        "KBBJILAKPDO": 120.0,
        "HNJFJDKGJBF": 443.74700927734375
    }
}