{
    "-3": {},
    "-565210": {
        "KIHPEPHJMOG": 4056,
        "GEAICNICJAJ": -2.646445344618936e+28
    },
    "0": {
        "KIHPEPHJMOG": -38
    },
    "49": {
        "GEAICNICJAJ": -6.334406066343945e-08
    },
    "55": {
        "KIHPEPHJMOG": 51
    },
    "51": {
        "GEAICNICJAJ": 0.0043847872875630856
    },
    "482": {},
    "-35": {
        "GEAICNICJAJ": 214724306272256.0
    },
    "-4416": {
        "KIHPEPHJMOG": -4875,
        "GEAICNICJAJ": 0.24451546370983124
    },
    "44": {},
    "4056": {}
}