{
    "AOOGPAEJDFN": {
        "x": 2068.254150390625,
        "z": -740.943603515625
    },
    "ELJHMKDBOIJ": {
        "x": 2085.82861328125,
        "z": -715.5486450195312
    },
    "DELPMEEHPHO": [
        {
            "x": 2085.82861328125,
            "y": 202.39999389648438,
            "z": -718.4986572265625
        },
        {
            "x": 2078.99267578125,
            "y": 203.64141845703125,
            "z": -715.5486450195312
        },
        {
            "x": 2068.254150390625,
            "y": 203.14865112304688,
            "z": -735.1571044921875
        },
        {
            "x": 2074.635986328125,
            "y": 202.39999389648438,
            "z": -740.943603515625
        }
    ]
}