{
    "-4": {
        "MONCHHKIDKL": 1.3677245346013713e-15
    },
    "-3": {
        "BCDAGPNCLKO": 6.9127509640450665e-19
    },
    "14": {
        "IAGKJOFBGMB": -13.384856224060059,
        "MONCHHKIDKL": 5464.50048828125
    },
    "4": {
        "IAGKJOFBGMB": -2508.67431640625,
        "BCDAGPNCLKO": -18.59078598022461,
        "MONCHHKIDKL": 5443.173828125
    },
    "58": {
        "MONCHHKIDKL": -1.2005935796314399e-13
    },
    "-35": {
        "IAGKJOFBGMB": -2581.780029296875,
        "BCDAGPNCLKO": -9.573701858520508,
        "MONCHHKIDKL": 5440.6728515625
    },
    "568025": {
        "IAGKJOFBGMB": -2520.764892578125,
        "BCDAGPNCLKO": -11.647087097167969,
        "MONCHHKIDKL": 5496.4560546875
    },
    "-4432": {
        "IAGKJOFBGMB": 5497.22802734375
    },
    "-49": {
        "IAGKJOFBGMB": -6.729721489275031e-13,
        "BCDAGPNCLKO": 1.0505132774853276e-18
    }
}