{
    "-4": {
        "DBGDKKPIJCB": 1.3677245346013713e-15
    },
    "-3": {
        "KCGOFCINDBA": 6.9127509640450665e-19
    },
    "14": {
        "CAMKPFMPAGK": -13.384856224060059,
        "DBGDKKPIJCB": 5464.50048828125
    },
    "4": {
        "CAMKPFMPAGK": -2508.67431640625,
        "KCGOFCINDBA": -18.59078598022461,
        "DBGDKKPIJCB": 5443.173828125
    },
    "58": {
        "DBGDKKPIJCB": -1.2005935796314399e-13
    },
    "-35": {
        "CAMKPFMPAGK": -2581.780029296875,
        "KCGOFCINDBA": -9.573701858520508,
        "DBGDKKPIJCB": 5440.6728515625
    },
    "568025": {
        "CAMKPFMPAGK": -2520.764892578125,
        "KCGOFCINDBA": -11.647087097167969,
        "DBGDKKPIJCB": 5496.4560546875
    },
    "-4432": {
        "CAMKPFMPAGK": 5497.22802734375
    },
    "-49": {
        "CAMKPFMPAGK": -6.729721489275031e-13,
        "KCGOFCINDBA": 1.0505132774853276e-18
    }
}