{
    "minArea": {
        "x": 3536.109619140625,
        "z": 3912.280517578125
    },
    "maxArea": {
        "x": 3545.014404296875,
        "z": 3918.458984375
    },
    "roadPoints": [
        {
            "x": 3543.651123046875,
            "y": 440.0,
            "z": 3912.280517578125
        },
        {
            "x": 3545.014404296875,
            "y": 440.0,
            "z": 3916.396240234375
        },
        {
            "x": 3537.2255859375,
            "y": 440.0,
            "z": 3918.458984375
        },
        {
            "x": 3536.109619140625,
            "y": 440.410888671875,
            "z": 3914.07470703125
        }
    ]
}