{
    "-3": {
        "MEGHPNJEKJN": 1638
    },
    "-35": {
        "DBGDKKPIJCB": -1.734529132737389e-13
    },
    "213107": {
        "MEGHPNJEKJN": 62
    },
    "-8": {
        "MEGHPNJEKJN": 290
    },
    "-4": {
        "MEGHPNJEKJN": 1638
    },
    "-9": {
        "MEGHPNJEKJN": 482
    },
    "-29": {
        "DBGDKKPIJCB": -2.279703203690803e-15
    },
    "-38": {
        "MEGHPNJEKJN": 1,
        "DBGDKKPIJCB": 2.949860829060298e-34
    },
    "4774": {
        "MEGHPNJEKJN": 34,
        "DBGDKKPIJCB": 2.9496583317912695e-34
    },
    "-113": {
        "DBGDKKPIJCB": 3774865.25
    },
    "-34": {
        "MEGHPNJEKJN": -8
    },
    "-5": {}
}