{
    "minArea": {
        "x": 2692.20751953125,
        "z": -577.5213012695312
    },
    "maxArea": {
        "x": 2703.52294921875,
        "z": -567.0347900390625
    },
    "roadPoints": [
        {
            "x": 2699.08642578125,
            "y": 202.39999389648438,
            "z": -577.5213012695312
        },
        {
            "x": 2703.52294921875,
            "y": 202.90904235839844,
            "z": -573.9862670898438
        },
        {
            "x": 2696.782958984375,
            "y": 202.8725128173828,
            "z": -567.0347900390625
        },
        {
            "x": 2692.20751953125,
            "y": 202.39999389648438,
            "z": -570.8240356445312
        }
    ]
}