{
    "5": {
        "position": {
            "y": -4.294752892189261e+28,
            "z": 0.0001275734102819115
        }
    },
    "11742": {
        "position": {
            "y": 3.038707204714621e-31
        }
    },
    "7": {
        "position": {
            "y": 7.136476767174855e-40,
            "z": -36309336064.0
        }
    },
    "58": {
        "position": {
            "x": -3519.7646484375,
            "y": 200.00010681152344,
            "z": -2983.93994140625
        }
    },
    "57": {
        "position": {
            "x": -3544.01318359375,
            "y": 200.00010681152344,
            "z": -2969.93994140625
        }
    }
}