{
    "minArea": {
        "x": 2732.669921875,
        "z": 4613.0615234375
    },
    "maxArea": {
        "x": 2745.5625,
        "z": 4627.65771484375
    },
    "roadPoints": [
        {
            "x": 2739.85986328125,
            "y": 440.0,
            "z": 4613.0615234375
        },
        {
            "x": 2745.5625,
            "y": 440.77374267578125,
            "z": 4623.78857421875
        },
        {
            "x": 2739.86328125,
            "y": 441.16168212890625,
            "z": 4627.65771484375
        },
        {
            "x": 2732.669921875,
            "y": 440.0,
            "z": 4619.87939453125
        }
    ]
}