{
    "-4": {
        "radius": 1.4686219174109283e-06
    },
    "463012": {
        "NHPKGHAHIFA": -4438
    },
    "14": {
        "NHPKGHAHIFA": 0,
        "LBDMDAKLDGK": false
    },
    "16": {
        "NHPKGHAHIFA": -4341
    },
    "4438": {
        "NHPKGHAHIFA": 232090,
        "radius": 4.167046221970061e-11,
        "LBDMDAKLDGK": true
    },
    "-18": {
        "NHPKGHAHIFA": -15,
        "radius": 5.875266730486251e+23
    },
    "-4449": {
        "NHPKGHAHIFA": 4438,
        "radius": 9.523957845976133e-22
    },
    "-6691": {},
    "31": {
        "NHPKGHAHIFA": -4341
    },
    "28": {
        "NHPKGHAHIFA": -4438
    },
    "4": {
        "radius": -1.3516897020074414e-12,
        "LBDMDAKLDGK": true
    }
}