{
    "minArea": {
        "x": 2645.727294921875,
        "z": -572.6885375976562
    },
    "maxArea": {
        "x": 2665.00048828125,
        "z": -549.8875122070312
    },
    "roadPoints": [
        {
            "x": 2665.00048828125,
            "y": 202.39999389648438,
            "z": -554.1611938476562
        },
        {
            "x": 2658.366943359375,
            "y": 204.330810546875,
            "z": -549.8875122070312
        },
        {
            "x": 2645.727294921875,
            "y": 202.93585205078125,
            "z": -565.2973022460938
        },
        {
            "x": 2651.773193359375,
            "y": 202.39999389648438,
            "z": -572.6885375976562
        }
    ]
}