{
    "minArea": {
        "x": 2621.725341796875,
        "z": -577.9204711914062
    },
    "maxArea": {
        "x": 2642.4375,
        "z": -559.423828125
    },
    "roadPoints": [
        {
            "x": 2638.7041015625,
            "y": 202.39999389648438,
            "z": -577.9204711914062
        },
        {
            "x": 2642.4375,
            "y": 202.4908447265625,
            "z": -570.2843017578125
        },
        {
            "x": 2626.824462890625,
            "y": 203.14222717285156,
            "z": -559.423828125
        },
        {
            "x": 2621.725341796875,
            "y": 202.39999389648438,
            "z": -566.346923828125
        }
    ]
}