{
  "-4": {
    "JBGIGAHNNOD": 32
  },
  "-34": {
    "JBGIGAHNNOD": 31
  },
  "4436": {
    "JBGIGAHNNOD": -4149,
    "NDLPJPOOMJJ": 7.06941062267227e-41
  },
  "41": {
    "JBGIGAHNNOD": -39,
    "NDLPJPOOMJJ": 2.323527556532691e-36
  },
  "10": {
    "JBGIGAHNNOD": 63
  },
  "-21": {
    "NDLPJPOOMJJ": -1.0583821518576463e-14
  },
  "-35": {
    "JBGIGAHNNOD": 57,
    "NDLPJPOOMJJ": 1692806414336.0
  },
  "-52": {
    "JBGIGAHNNOD": -34,
    "NDLPJPOOMJJ": 5384.931640625
  },
  "-9": {
    "JBGIGAHNNOD": -5155
  },
  "25": {
    "JBGIGAHNNOD": -39,
    "NDLPJPOOMJJ": 1.4870576361809222e-34
  },
  "-165250": {
    "JBGIGAHNNOD": -38
  },
  "-45": {
    "JBGIGAHNNOD": -34,
    "NDLPJPOOMJJ": 5437.78857421875
  }
}