{
  "-4": {
    "autoChangeStep": 32
  },
  "-34": {
    "autoChangeStep": 31
  },
  "4436": {
    "autoChangeStep": -4149,
    "maxFileNum": 7.06941062267227e-41
  },
  "41": {
    "autoChangeStep": -39,
    "maxFileNum": 2.323527556532691e-36
  },
  "10": {
    "autoChangeStep": 63
  },
  "-21": {
    "maxFileNum": -1.0583821518576463e-14
  },
  "-35": {
    "autoChangeStep": 57,
    "maxFileNum": 1692806414336.0
  },
  "-52": {
    "autoChangeStep": -34,
    "maxFileNum": 5384.931640625
  },
  "-9": {
    "autoChangeStep": -5155
  },
  "25": {
    "autoChangeStep": -39,
    "maxFileNum": 1.4870576361809222e-34
  },
  "-165250": {
    "autoChangeStep": -38
  },
  "-45": {
    "autoChangeStep": -34,
    "maxFileNum": 5437.78857421875
  }
}