{
  "-4": {
    "HJNKKHHPLDO": 32
  },
  "-34": {
    "HJNKKHHPLDO": 31
  },
  "4436": {
    "HJNKKHHPLDO": -4149,
    "PHKGONKNFMN": 7.06941062267227e-41
  },
  "41": {
    "HJNKKHHPLDO": -39,
    "PHKGONKNFMN": 2.323527556532691e-36
  },
  "10": {
    "HJNKKHHPLDO": 63
  },
  "-21": {
    "PHKGONKNFMN": -1.0583821518576463e-14
  },
  "-35": {
    "HJNKKHHPLDO": 57,
    "PHKGONKNFMN": 1692806414336.0
  },
  "-52": {
    "HJNKKHHPLDO": -34,
    "PHKGONKNFMN": 5384.931640625
  },
  "-9": {
    "HJNKKHHPLDO": -5155
  },
  "25": {
    "HJNKKHHPLDO": -39,
    "PHKGONKNFMN": 1.4870576361809222e-34
  },
  "-165250": {
    "HJNKKHHPLDO": -38
  },
  "-45": {
    "HJNKKHHPLDO": -34,
    "PHKGONKNFMN": 5437.78857421875
  }
}