{
  "-4": {
    "x": -6611948032.0,
    "z": 5.5293647265031165e-12
  },
  "0": {
    "z": -0.00017658903379924595
  },
  "-35": {
    "x": -2180.821044921875,
    "y": -50.345367431640625,
    "z": 5959.3203125
  },
  "-5": {
    "x": -2339.904541015625,
    "y": -83.59612274169922,
    "z": 5997.0908203125
  },
  "568953": {
    "x": -2271.59521484375,
    "y": -78.54305267333984,
    "z": 5927.1455078125
  },
  "50": {
    "x": -0.0001825420476961881
  },
  "13": {
    "y": -3.117843985786317e-23
  },
  "18": {
    "y": 6030.91845703125
  },
  "569145": {
    "x": -2327.813232421875,
    "y": -60.74310302734375,
    "z": 6030.27294921875
  }
}