{
  "-4": {
    "LLNKCBOKLAP": -7.623123186566481e+27,
    "cd": -24888.72265625,
    "KAJGJILALIK": 1.4873697620734892e-34
  },
  "0": {
    "KAJGJILALIK": -1.1364274143943476e-07
  },
  "-35": {
    "LLNKCBOKLAP": -2265.573486328125,
    "AIKOOLCFFFI": -30.0,
    "cd": 5817.83544921875
  },
  "-5": {
    "LLNKCBOKLAP": -2325.330078125,
    "AIKOOLCFFFI": -50.209129333496094,
    "cd": 5758.50537109375
  },
  "52": {
    "AIKOOLCFFFI": -1.4481250332210038e-07,
    "KAJGJILALIK": -2.0602920043464507e-17
  },
  "-9": {
    "LLNKCBOKLAP": -51.3681755065918,
    "cd": 5788.3994140625
  },
  "7204": {
    "AIKOOLCFFFI": 5812.5458984375
  },
  "568679": {
    "LLNKCBOKLAP": -2287.383544921875,
    "AIKOOLCFFFI": -63.079345703125,
    "cd": 5810.14794921875
  },
  "-6041": {
    "AIKOOLCFFFI": 4.346014902385712e+36,
    "cd": -1.2328294474173163e-07,
    "KAJGJILALIK": -2.3061703997959805e+20
  },
  "-8": {
    "LLNKCBOKLAP": -61.69224166870117,
    "cd": 5767.81494140625
  }
}