{
  "-4": {
    "radius": 1.4686219174109283e-06
  },
  "463012": {
    "FEHLGBBFKMP": -4438
  },
  "14": {
    "FEHLGBBFKMP": 0,
    "HBPKNCEKKAC": false
  },
  "16": {
    "FEHLGBBFKMP": -4341
  },
  "4438": {
    "FEHLGBBFKMP": 232090,
    "radius": 4.167046221970061e-11,
    "HBPKNCEKKAC": true
  },
  "-18": {
    "FEHLGBBFKMP": -15,
    "radius": 5.875266730486251e+23
  },
  "-4449": {
    "FEHLGBBFKMP": 4438,
    "radius": 9.523957845976133e-22
  },
  "-6691": {},
  "31": {
    "FEHLGBBFKMP": -4341
  },
  "28": {
    "FEHLGBBFKMP": -4438
  },
  "4": {
    "radius": -1.3516897020074414e-12,
    "HBPKNCEKKAC": true
  }
}