{
  "-4": {
    "EHHLKOFMEGA": 6.17092186942109e-39,
    "NBENNEKDIIA": -3.0458984375
  },
  "13": {
    "HHDBEKAMBGC": -0.8985559344291687
  },
  "-33": {
    "EHHLKOFMEGA": 300.0,
    "HHDBEKAMBGC": 477.615234375
  },
  "4": {
    "EHHLKOFMEGA": -439.6224060058594,
    "HHDBEKAMBGC": 120.0,
    "NBENNEKDIIA": 172.56072998046875
  },
  "-42": {
    "EHHLKOFMEGA": -3.2348078235148425e-28
  },
  "11": {
    "NBENNEKDIIA": 120.0
  },
  "41": {
    "NBENNEKDIIA": 1.1278870509506662e+37
  },
  "-551650": {},
  "4280": {
    "NBENNEKDIIA": 2.946382559643314e-34
  },
  "-5163": {
    "HHDBEKAMBGC": -1.584600084743853e+29,
    "NBENNEKDIIA": 353896512.0
  },
  "32": {
    "EHHLKOFMEGA": 193.74765014648438,
    "HHDBEKAMBGC": 120.53844451904297,
    "NBENNEKDIIA": 283.2440490722656
  },
  "555943": {
    "EHHLKOFMEGA": -138.7935333251953,
    "HHDBEKAMBGC": 120.0,
    "NBENNEKDIIA": 443.74700927734375
  }
}