{
  "-4": {
    "BOJLFGLLKEG": -6611948032.0,
    "FFAMKAMEGDC": 5.5293647265031165e-12
  },
  "0": {
    "FFAMKAMEGDC": -0.00017658903379924595
  },
  "-35": {
    "BOJLFGLLKEG": -2180.821044921875,
    "JEJBACNIMOE": -50.345367431640625,
    "FFAMKAMEGDC": 5959.3203125
  },
  "-5": {
    "BOJLFGLLKEG": -2339.904541015625,
    "JEJBACNIMOE": -83.59612274169922,
    "FFAMKAMEGDC": 5997.0908203125
  },
  "568953": {
    "BOJLFGLLKEG": -2271.59521484375,
    "JEJBACNIMOE": -78.54305267333984,
    "FFAMKAMEGDC": 5927.1455078125
  },
  "50": {
    "BOJLFGLLKEG": -0.0001825420476961881
  },
  "13": {
    "JEJBACNIMOE": -3.117843985786317e-23
  },
  "18": {
    "JEJBACNIMOE": 6030.91845703125
  },
  "569145": {
    "BOJLFGLLKEG": -2327.813232421875,
    "JEJBACNIMOE": -60.74310302734375,
    "FFAMKAMEGDC": 6030.27294921875
  }
}