{
  "-4": {
    "ANLAAGAMIKF": 32
  },
  "-34": {
    "ANLAAGAMIKF": 31
  },
  "4436": {
    "ANLAAGAMIKF": -4149,
    "NBENNEKDIIA": 7.06941062267227e-41
  },
  "41": {
    "ANLAAGAMIKF": -39,
    "NBENNEKDIIA": 2.323527556532691e-36
  },
  "10": {
    "ANLAAGAMIKF": 63
  },
  "-21": {
    "NBENNEKDIIA": -1.0583821518576463e-14
  },
  "-35": {
    "ANLAAGAMIKF": 57,
    "NBENNEKDIIA": 1692806414336.0
  },
  "-52": {
    "ANLAAGAMIKF": -34,
    "NBENNEKDIIA": 5384.931640625
  },
  "-9": {
    "ANLAAGAMIKF": -5155
  },
  "25": {
    "ANLAAGAMIKF": -39,
    "NBENNEKDIIA": 1.4870576361809222e-34
  },
  "-165250": {
    "ANLAAGAMIKF": -38
  },
  "-45": {
    "ANLAAGAMIKF": -34,
    "NBENNEKDIIA": 5437.78857421875
  }
}