{
  "-4": {
    "x": 3.1223529188245196e+31
  },
  "61": {
    "x": 18833039425536.0
  },
  "6": {
    "x": 60.0,
    "z": 5764.56591796875
  },
  "4": {
    "x": -2325.236083984375,
    "y": 17.408140182495117,
    "z": 5760.99072265625
  },
  "-6977": {
    "x": 5764.56591796875
  },
  "568565": {
    "x": -2247.830078125,
    "y": 15.827920913696289,
    "z": 5734.04443359375
  },
  "45": {},
  "-33": {
    "y": 1.4873120205052799e-34,
    "z": -2309.606689453125
  },
  "12": {
    "x": 1.9634166758664022e+35,
    "y": -1.0420993694404094e-31,
    "z": 394.13751220703125
  },
  "28": {
    "y": -1.4838009043671718e-08,
    "z": 1.3024634867862955e-20
  },
  "9": {
    "x": 21.422883987426758,
    "z": 5745.43994140625
  }
}