{
  "-4": {
    "JKFBLJFOEIN": 32
  },
  "-34": {
    "JKFBLJFOEIN": 31
  },
  "4436": {
    "JKFBLJFOEIN": -4149,
    "FFAMKAMEGDC": 7.06941062267227e-41
  },
  "41": {
    "JKFBLJFOEIN": -39,
    "FFAMKAMEGDC": 2.323527556532691e-36
  },
  "10": {
    "JKFBLJFOEIN": 63
  },
  "-21": {
    "FFAMKAMEGDC": -1.0583821518576463e-14
  },
  "-35": {
    "JKFBLJFOEIN": 57,
    "FFAMKAMEGDC": 1692806414336.0
  },
  "-52": {
    "JKFBLJFOEIN": -34,
    "FFAMKAMEGDC": 5384.931640625
  },
  "-9": {
    "JKFBLJFOEIN": -5155
  },
  "25": {
    "JKFBLJFOEIN": -39,
    "FFAMKAMEGDC": 1.4870576361809222e-34
  },
  "-165250": {
    "JKFBLJFOEIN": -38
  },
  "-45": {
    "JKFBLJFOEIN": -34,
    "FFAMKAMEGDC": 5437.78857421875
  }
}