{
  "-4": {
    "FEHLGBBFKMP": 32
  },
  "-34": {
    "FEHLGBBFKMP": 31
  },
  "4436": {
    "FEHLGBBFKMP": -4149,
    "FKCFFGAKGMG": 7.06941062267227e-41
  },
  "41": {
    "FEHLGBBFKMP": -39,
    "FKCFFGAKGMG": 2.323527556532691e-36
  },
  "10": {
    "FEHLGBBFKMP": 63
  },
  "-21": {
    "FKCFFGAKGMG": -1.0583821518576463e-14
  },
  "-35": {
    "FEHLGBBFKMP": 57,
    "FKCFFGAKGMG": 1692806414336.0
  },
  "-52": {
    "FEHLGBBFKMP": -34,
    "FKCFFGAKGMG": 5384.931640625
  },
  "-9": {
    "FEHLGBBFKMP": -5155
  },
  "25": {
    "FEHLGBBFKMP": -39,
    "FKCFFGAKGMG": 1.4870576361809222e-34
  },
  "-165250": {
    "FEHLGBBFKMP": -38
  },
  "-45": {
    "FEHLGBBFKMP": -34,
    "FKCFFGAKGMG": 5437.78857421875
  }
}