{
    "-4": {
        "MEGHPNJEKJN": 32
    },
    "-34": {
        "MEGHPNJEKJN": 31
    },
    "4436": {
        "MEGHPNJEKJN": -4149,
        "DBGDKKPIJCB": 7.06941062267227e-41
    },
    "41": {
        "MEGHPNJEKJN": -39,
        "DBGDKKPIJCB": 2.323527556532691e-36
    },
    "10": {
        "MEGHPNJEKJN": 63
    },
    "-21": {
        "DBGDKKPIJCB": -1.0583821518576463e-14
    },
    "-35": {
        "MEGHPNJEKJN": 57,
        "DBGDKKPIJCB": 1692806414336.0
    },
    "-52": {
        "MEGHPNJEKJN": -34,
        "DBGDKKPIJCB": 5384.931640625
    },
    "-9": {
        "MEGHPNJEKJN": -5155
    },
    "25": {
        "MEGHPNJEKJN": -39,
        "DBGDKKPIJCB": 1.4870576361809222e-34
    },
    "-165250": {
        "MEGHPNJEKJN": -38
    },
    "-45": {
        "MEGHPNJEKJN": -34,
        "DBGDKKPIJCB": 5437.78857421875
    }
}