{
    "-4": {
        "NHPKGHAHIFA": 32
    },
    "-34": {
        "NHPKGHAHIFA": 31
    },
    "4436": {
        "NHPKGHAHIFA": -4149,
        "MONCHHKIDKL": 7.06941062267227e-41
    },
    "41": {
        "NHPKGHAHIFA": -39,
        "MONCHHKIDKL": 2.323527556532691e-36
    },
    "10": {
        "NHPKGHAHIFA": 63
    },
    "-21": {
        "MONCHHKIDKL": -1.0583821518576463e-14
    },
    "-35": {
        "NHPKGHAHIFA": 57,
        "MONCHHKIDKL": 1692806414336.0
    },
    "-52": {
        "NHPKGHAHIFA": -34,
        "MONCHHKIDKL": 5384.931640625
    },
    "-9": {
        "NHPKGHAHIFA": -5155
    },
    "25": {
        "NHPKGHAHIFA": -39,
        "MONCHHKIDKL": 1.4870576361809222e-34
    },
    "-165250": {
        "NHPKGHAHIFA": -38
    },
    "-45": {
        "NHPKGHAHIFA": -34,
        "MONCHHKIDKL": 5437.78857421875
    }
}