{
    "-4": {
        "KIHPEPHJMOG": 32
    },
    "-34": {
        "KIHPEPHJMOG": 31
    },
    "4436": {
        "KIHPEPHJMOG": -4149,
        "GEAICNICJAJ": 7.06941062267227e-41
    },
    "41": {
        "KIHPEPHJMOG": -39,
        "GEAICNICJAJ": 2.323527556532691e-36
    },
    "10": {
        "KIHPEPHJMOG": 63
    },
    "-21": {
        "GEAICNICJAJ": -1.0583821518576463e-14
    },
    "-35": {
        "KIHPEPHJMOG": 57,
        "GEAICNICJAJ": 1692806414336.0
    },
    "-52": {
        "KIHPEPHJMOG": -34,
        "GEAICNICJAJ": 5384.931640625
    },
    "-9": {
        "KIHPEPHJMOG": -5155
    },
    "25": {
        "KIHPEPHJMOG": -39,
        "GEAICNICJAJ": 1.4870576361809222e-34
    },
    "-165250": {
        "KIHPEPHJMOG": -38
    },
    "-45": {
        "KIHPEPHJMOG": -34,
        "GEAICNICJAJ": 5437.78857421875
    }
}