{
    "-4": {
        "ACEEFPBODHC": 3.1223529188245196e+31
    },
    "61": {
        "ACEEFPBODHC": 18833039425536.0
    },
    "6": {
        "ACEEFPBODHC": 60.0,
        "HNJFJDKGJBF": 5764.56591796875
    },
    "4": {
        "ACEEFPBODHC": -2325.236083984375,
        "KBBJILAKPDO": 17.408140182495117,
        "HNJFJDKGJBF": 5760.99072265625
    },
    "-6977": {
        "ACEEFPBODHC": 5764.56591796875
    },
    "568565": {
        "ACEEFPBODHC": -2247.830078125,
        "KBBJILAKPDO": 15.827920913696289,
        "HNJFJDKGJBF": 5734.04443359375
    },
    "45": {},
    "-33": {
        "KBBJILAKPDO": 1.4873120205052799e-34,
        "HNJFJDKGJBF": -2309.606689453125
    },
    "12": {
        "ACEEFPBODHC": 1.9634166758664022e+35,
        "KBBJILAKPDO": -1.0420993694404094e-31,
        "HNJFJDKGJBF": 394.13751220703125
    },
    "28": {
        "KBBJILAKPDO": -1.4838009043671718e-08,
        "HNJFJDKGJBF": 1.3024634867862955e-20
    },
    "9": {
        "ACEEFPBODHC": 21.422883987426758,
        "HNJFJDKGJBF": 5745.43994140625
    }
}