{
    "-4": {
        "IAGKJOFBGMB": 3.1223529188245196e+31
    },
    "61": {
        "IAGKJOFBGMB": 18833039425536.0
    },
    "6": {
        "IAGKJOFBGMB": 60.0,
        "MONCHHKIDKL": 5764.56591796875
    },
    "4": {
        "IAGKJOFBGMB": -2325.236083984375,
        "BCDAGPNCLKO": 17.408140182495117,
        "MONCHHKIDKL": 5760.99072265625
    },
    "-6977": {
        "IAGKJOFBGMB": 5764.56591796875
    },
    "568565": {
        "IAGKJOFBGMB": -2247.830078125,
        "BCDAGPNCLKO": 15.827920913696289,
        "MONCHHKIDKL": 5734.04443359375
    },
    "45": {},
    "-33": {
        "BCDAGPNCLKO": 1.4873120205052799e-34,
        "MONCHHKIDKL": -2309.606689453125
    },
    "12": {
        "IAGKJOFBGMB": 1.9634166758664022e+35,
        "BCDAGPNCLKO": -1.0420993694404094e-31,
        "MONCHHKIDKL": 394.13751220703125
    },
    "28": {
        "BCDAGPNCLKO": -1.4838009043671718e-08,
        "MONCHHKIDKL": 1.3024634867862955e-20
    },
    "9": {
        "IAGKJOFBGMB": 21.422883987426758,
        "MONCHHKIDKL": 5745.43994140625
    }
}