{
    "minArea": {
        "x": 4391.82275390625,
        "z": 4865.04296875
    },
    "maxArea": {
        "x": 4398.6083984375,
        "z": 4872.8583984375
    },
    "roadPoints": [
        {
            "x": 4398.6083984375,
            "y": 440.2323913574219,
            "z": 4870.65478515625
        },
        {
            "x": 4394.6943359375,
            "y": 440.12841796875,
            "z": 4865.04296875
        },
        {
            "x": 4391.82275390625,
            "y": 440.0,
            "z": 4865.50927734375
        },
        {
            "x": 4396.74072265625,
            "y": 440.620361328125,
            "z": 4872.8583984375
        }
    ]
}