{
    "crowdSpawnInfos": [
        {
            "crowdTypeID": 344,
            "spawnPosition": {
                "x": 3430.27197265625,
                "y": 449.58599853515625,
                "z": 4452.51416015625
            },
            "spawnFaceFwd": {
                "x": -0.914855420589447,
                "z": -0.4037814140319824
            },
            "hairColor": {
                "r": 0.5215686559677124,
                "g": 0.40392157435417175,
                "b": 0.2549019753932953,
                "a": 1.0
            },
            "bodyColors": [
                {
                    "r": 0.9843137264251709,
                    "g": 0.8941176533699036,
                    "b": 0.8549019694328308,
                    "a": 1.0
                },
                {
                    "r": 0.3137255012989044,
                    "g": 0.42352941632270813,
                    "b": 0.4627451002597809,
                    "a": 1.0
                },
                {
                    "r": 0.20392157137393951,
                    "g": 0.16470588743686676,
                    "b": 0.27450981736183167,
                    "a": 1.0
                },
                {
                    "r": 0.7647058963775635,
                    "g": 0.7568627595901489,
                    "b": 0.6784313917160034,
                    "a": 1.0
                }
            ],
            "instanceId": 290001
        }
    ]
}