{
    "crowdSpawnInfos": [
        {
            "crowdTypeID": 328,
            "spawnPosition": {
                "x": 3419.22802734375,
                "y": 446.1673889160156,
                "z": 4563.86279296875
            },
            "spawnFaceFwd": {
                "x": -0.19019034504890442,
                "z": -0.9817472696304321
            },
            "hairColor": {
                "r": 0.8392156958580017,
                "g": 0.8392156958580017,
                "b": 0.8392156958580017,
                "a": 1.0
            },
            "bodyColors": [
                {
                    "r": 0.9843137264251709,
                    "g": 0.8941176533699036,
                    "b": 0.8549019694328308,
                    "a": 1.0
                },
                {
                    "r": 0.6352941393852234,
                    "g": 0.6039215922355652,
                    "b": 0.4901960790157318,
                    "a": 1.0
                },
                {
                    "r": 0.11764705926179886,
                    "g": 0.29019609093666077,
                    "b": 0.2823529541492462,
                    "a": 1.0
                },
                {
                    "r": 0.8980392217636108,
                    "g": 0.8980392217636108,
                    "b": 0.8313725590705872,
                    "a": 1.0
                }
            ],
            "instanceId": 190001
        }
    ]
}