{
  "crowdSpawnInfos": [
    {
      "crowdTypeID": 416,
      "animConfigID": 5,
      "spawnPosition": {
        "x": -1323.5899658203125,
        "y": 141.00799560546875,
        "z": 7601.658203125
      },
      "spawnFaceFwd": {
        "x": 0.7332027554512024,
        "z": 0.6800100803375244
      },
      "hairColor": {
        "r": 0.5215686559677124,
        "g": 0.40392157435417175,
        "b": 0.2549019753932953,
        "a": 1.0
      },
      "bodyColors": [
        {
          "r": 0.7921568751335144,
          "g": 0.6549019813537598,
          "b": 0.5843137502670288,
          "a": 1.0
        },
        {
          "r": 0.3450980484485626,
          "g": 0.2980392277240753,
          "b": 0.23529411852359772,
          "a": 1.0
        },
        {
          "r": 0.47843137383461,
          "g": 0.32156863808631897,
          "b": 0.2078431397676468,
          "a": 1.0
        },
        {
          "r": 0.7333333492279053,
          "g": 0.5882353186607361,
          "b": 0.3803921639919281,
          "a": 1.0
        }
      ],
      "instanceId": 40001
    }
  ]
}