{
  "crowdSpawnInfos": [
    {
      "crowdTypeID": 415,
      "animConfigID": 5,
      "spawnPosition": {
        "x": -1637.3909912109375,
        "y": 101.34220123291016,
        "z": 8356.978515625
      },
      "spawnFaceFwd": {
        "x": 0.9987475275993347,
        "z": 0.05003321170806885
      },
      "hairColor": {
        "r": 0.32156863808631897,
        "g": 0.21568627655506134,
        "b": 0.18039216101169586,
        "a": 1.0
      },
      "bodyColors": [
        {
          "r": 0.7921568751335144,
          "g": 0.6549019813537598,
          "b": 0.5843137502670288,
          "a": 1.0
        },
        {
          "r": 0.2862745225429535,
          "g": 0.19607843458652496,
          "b": 0.30980393290519714,
          "a": 1.0
        },
        {
          "r": 0.5176470875740051,
          "g": 0.4000000059604645,
          "b": 0.5960784554481506,
          "a": 1.0
        },
        {
          "r": 0.8196078538894653,
          "g": 0.6392157077789307,
          "b": 0.7411764860153198,
          "a": 1.0
        }
      ],
      "instanceId": 20001
    }
  ]
}