{
    "crowdSpawnInfos": [
        {
            "crowdTypeID": 338,
            "animConfigID": 1,
            "spawnPosition": {
                "x": 3486.885009765625,
                "y": 291.7807922363281,
                "z": 4517.56494140625
            },
            "spawnFaceFwd": {
                "x": 0.26496732234954834,
                "z": -0.9642574787139893
            },
            "hairColor": {
                "r": 0.3960784375667572,
                "g": 0.27843138575553894,
                "b": 0.1882352977991104,
                "a": 1.0
            },
            "bodyColors": [
                {
                    "r": 0.9843137264251709,
                    "g": 0.8941176533699036,
                    "b": 0.8549019694328308,
                    "a": 1.0
                },
                {
                    "r": 0.8980392217636108,
                    "g": 0.8980392217636108,
                    "b": 0.8313725590705872,
                    "a": 1.0
                },
                {
                    "r": 0.11764705926179886,
                    "g": 0.29019609093666077,
                    "b": 0.2823529541492462,
                    "a": 1.0
                },
                {
                    "r": 0.6352941393852234,
                    "g": 0.6039215922355652,
                    "b": 0.4901960790157318,
                    "a": 1.0
                }
            ],
            "instanceId": 300001
        }
    ]
}