{
  "polygons": [
    {
      "levelTagID": 52,
      "cityDeltaOffset": {
        "x": 171.1999969482422,
        "y": 186.83999633789062,
        "z": 282.625
      }
    },
    {
      "levelTagID": 53,
      "cityDeltaOffset": {
        "x": 171.1999969482422,
        "y": 186.83999633789062,
        "z": 282.625
      },
      "cityDeltaRotation": {
        "y": 180.0,
        "z": 180.0
      }
    },
    {
      "levelTagID": 54,
      "cityDeltaOffset": {
        "x": 171.1999969482422,
        "y": 186.83999633789062,
        "z": 282.625
      }
    }
  ]
}