{
  "polygons": [
    {
      "levelTagID": 48,
      "cityDeltaOffset": {
        "x": 243.5749969482422,
        "y": 187.8300018310547,
        "z": 250.41000366210938
      }
    },
    {
      "levelTagID": 49,
      "cityDeltaOffset": {
        "x": 243.5749969482422,
        "y": 187.8300018310547,
        "z": 250.41000366210938
      },
      "cityDeltaRotation": {
        "y": 180.0,
        "z": 180.0
      }
    }
  ]
}