{
  "polygons": [
    {
      "levelTagID": 50,
      "cityDeltaOffset": {
        "x": 237.76400756835938,
        "y": 184.1300048828125,
        "z": 282.625
      }
    },
    {
      "levelTagID": 51,
      "cityDeltaOffset": {
        "x": 237.76400756835938,
        "y": 184.1300048828125,
        "z": 282.625
      },
      "cityDeltaRotation": {
        "y": 180.0,
        "z": 180.0
      }
    }
  ]
}