{
  "reApplyModifierOnStateChange": true,
  "FDAAMLIPKAK": {
    "$type": "OIIGKGHJIPI",
    "COKBNPLACLL": {
      "x": 2.369564314087665e-38,
      "y": -6.823849052805913e-29,
      "z": 2.398748316425079e-38
    },
    "FDCMEIPFJIB": {
      "x": -4.005956853816986e-31,
      "y": -6.485955964308232e-06,
      "z": 2.0091236480638575e-29
    }
  }
}