{
  "velocityForce": {},
  "speed": 3.4171855837813498e-37,
  "maxSpeed": 3.8204286669135007e-38,
  "anglerVelocity": -1.784333474533726e-23,
  "AIPBEHPJBDL": {
    "$type": "OLJMJMCGBMD",
    "angularVelocity": {
      "x": -1.720545367633101e-21,
      "y": -18803.267578125,
      "z": -461.8713073730469
    }
  },
  "syncToRemote": true
}