{
  "IJCJOBFNJKP": 3.4171876016511384e-37,
  "HDKJCEFLNLE": 3.8204286669135007e-38,
  "KNALCPIMJOF": -1.7846168333708815e-23,
  "LFJLALGECIM": 1.4188403785198034e-09,
  "PIGAJKDPNGF": -3.438032081248821e-10,
  "IFHLCCHJIDB": -1.6424721252406016e-05,
  "POMIDFDMEPA": 1.2658153236000365e-39
}