{
  "CNHAHGIFHFJ": 3.4171876016511384e-37,
  "GHELMLGCCFD": 3.8204286669135007e-38,
  "ONOBDKKIFEB": -1.7846168333708815e-23,
  "KNDKPFBCILC": 1.4188403785198034e-09,
  "CLEEHOPHMLJ": -3.438032081248821e-10,
  "JBGDCHJPIIC": -1.6424721252406016e-05,
  "EEAKEDPDCJG": 1.2658153236000365e-39
}