{
  "velocityForce": {},
  "speed": 3.4170826724221297e-37,
  "maxSpeed": 3.8204286669135007e-38,
  "anglerVelocity": -1.767600157012178e-23,
  "BEDFAMLDJHL": {
    "$type": "GPPPKGINKKB",
    "angularVelocity": {
      "x": -4.729385771895522e-10
    }
  },
  "syncToRemote": true,
  "correction": {
    "$type": "AJNNFJBGPHP"
  }
}