{
  "IJCJOBFNJKP": 3.4171223571946394e-37,
  "HDKJCEFLNLE": 3.8204286669135007e-38,
  "KNALCPIMJOF": -1.77431052341635e-23,
  "LFJLALGECIM": 2.473402897419444e-19,
  "PIGAJKDPNGF": -1.2998853982824339e+29,
  "IFHLCCHJIDB": -4.19656760243213e+32,
  "POMIDFDMEPA": 8.31505425487835e-39
}