{
  "velocityForce": {},
  "speed": 3.4170786366825525e-37,
  "maxSpeed": 3.8204286669135007e-38,
  "anglerVelocity": -1.7670334393378672e-23,
  "DPAAFHNMHHN": {
    "$type": "GNJNGGEPACE",
    "angularVelocity": {
      "x": -2.56380516420558e-29,
      "y": -9.945268431010845e-08,
      "z": -6.41769147478044e-05
    }
  },
  "syncToRemote": true
}