{
  "velocityForce": {},
  "speed": 3.4171737007703723e-37,
  "maxSpeed": 3.8204286669135007e-38,
  "anglerVelocity": -1.7774994147396155e-23,
  "GLMOEEENGIL": {
    "$type": "GBIFIMOKFDD",
    "angularVelocity": {
      "x": -1.101148001309419e-19,
      "y": -7.228942311229225e-32
    }
  },
  "syncToRemote": true,
  "destroyWhenTargetDie": true,
  "traceOnYAxis": true,
  "initClockwise": false
}