{
  "velocityForce": {},
  "speed": 3.4171775123021952e-37,
  "maxSpeed": 3.8204286669135007e-38,
  "anglerVelocity": -1.7780301603566481e-23,
  "AFNAKLCPGNF": {
    "$type": "EIIKGAHLKAH",
    "angularVelocity": {
      "x": -2080.011474609375
    }
  },
  "syncToRemote": true,
  "gravity": -6.578683376312256,
  "initSpeed": 1.6450122932401893e-40
}