{
  "CNHAHGIFHFJ": 3.41713805173744e-37,
  "GHELMLGCCFD": 3.8204286669135007e-38,
  "ONOBDKKIFEB": -1.7765256448382106e-23,
  "KNDKPFBCILC": 1.5210492506365428e-14,
  "CLEEHOPHMLJ": -2.6173773746508995e-25,
  "JBGDCHJPIIC": -4.0348210230214116e+23,
  "EEAKEDPDCJG": 6.501214923954771e-39
}