{
  "DLGHEDFAPFM": 3.4171279623884967e-37,
  "PMBELMMHLLB": 3.8204286669135007e-38,
  "ADNDDHNGBFD": -1.7751088506524337e-23,
  "LAEIMMCMNOB": 3.767709255686147e-18,
  "JDMCGIEPPMA": -30.0009765625,
  "IBIGJHDOMFN": -9.228014713403247e+27,
  "NBKJDFEFKOO": 9.340214784110636e-39
}