{
  "velocityForce": {},
  "speed": 3.417131101297057e-37,
  "maxSpeed": 3.8204286669135007e-38,
  "anglerVelocity": -1.7755518749368058e-23,
  "BEDFAMLDJHL": {
    "$type": "GPPPKGINKKB",
    "angularVelocity": {
      "x": -3.83693807957032e+22,
      "z": -1.0308268683090205e-09
    }
  },
  "syncToRemote": true,
  "airResistance": 1.6714688082466418e-40
}