{
  "DLGHEDFAPFM": 3.417083569253147e-37,
  "PMBELMMHLLB": 3.8204286669135007e-38,
  "ADNDDHNGBFD": -1.7677238504021167e-23,
  "LAEIMMCMNOB": 4.368649373102451e-24,
  "JDMCGIEPPMA": -7.242809325382071e-17,
  "IBIGJHDOMFN": -9.882169738052897e-23,
  "NBKJDFEFKOO": 1.5556851213333395e-39
}