{
  "LLICGJHIGME": 3.4171378275296856e-37,
  "OJLPFPNFMDJ": 3.8204286669135007e-38,
  "JFBDDDBIHDE": -1.7764896727809326e-23,
  "DFHLPPNLGIE": 1.5210492506365428e-14,
  "GNJEAKAKLHD": -0.00010300055146217346,
  "EHAGCHIFFHA": -76.29242706298828,
  "PIJHGEOHOOO": 8.059357922794537e-40
}