{
  "CEONGBKFEOF": 3.417083569253147e-37,
  "PFABOKGLDKN": 3.8204286669135007e-38,
  "HFGMPCFBENB": -1.7677238504021167e-23,
  "LNOCFLGCEJI": 4.368649373102451e-24,
  "NLIDJNDEGKJ": -7.242809325382071e-17,
  "DDHKPAIHJBA": -9.882169738052897e-23,
  "EGDMGEKJLGM": 1.5556851213333395e-39
}