{
  "CNHAHGIFHFJ": 3.41713648228316e-37,
  "GHELMLGCCFD": 3.8204286669135007e-38,
  "ONOBDKKIFEB": -1.7762940352764377e-23,
  "KNDKPFBCILC": 1.4322314086665303e-14,
  "CLEEHOPHMLJ": -5.633099971486118e-20,
  "JBGDCHJPIIC": -1.2818566064512088e+21,
  "EEAKEDPDCJG": 4.0958847086427586e-39
}