{
  "IJCJOBFNJKP": 3.4171295318427768e-37,
  "HDKJCEFLNLE": 3.8204286669135007e-38,
  "KNALCPIMJOF": -1.775320265375033e-23,
  "LFJLALGECIM": 3.767709255686147e-18,
  "PIGAJKDPNGF": -1.0408882956947085e-15,
  "IFHLCCHJIDB": -0.00768170366063714,
  "POMIDFDMEPA": 1.0629908233542767e-38
}