{
  "LLICGJHIGME": 3.417174149185881e-37,
  "OJLPFPNFMDJ": 3.8204286669135007e-38,
  "JFBDDDBIHDE": -1.7775713588541716e-23,
  "DFHLPPNLGIE": 2.1649786049191336e-14,
  "GNJEAKAKLHD": -98570240.0,
  "EHAGCHIFFHA": -8.530504258995713e+24,
  "PIJHGEOHOOO": 1.0280491658866445e-38
}