{
  "CEONGBKFEOF": 3.417078412474798e-37,
  "PFABOKGLDKN": 3.8204286669135007e-38,
  "HFGMPCFBENB": -1.7669974672805892e-23,
  "LNOCFLGCEJI": 3.489769972264859e-24,
  "NLIDJNDEGKJ": -1.3684206392354425e-38,
  "DDHKPAIHJBA": -4.212879693895737e-27,
  "EGDMGEKJLGM": 5.961622529491071e-39
}