{
  "IJCJOBFNJKP": 3.417134240205617e-37,
  "HDKJCEFLNLE": 3.8204286669135007e-38,
  "KNALCPIMJOF": -1.775994899221178e-23,
  "LFJLALGECIM": 4.107934458363275e-15,
  "PIGAJKDPNGF": -2.285699164685203e+24,
  "IFHLCCHJIDB": -0.02375928871333599,
  "POMIDFDMEPA": 6.293196370821145e-39
}