{
  "velocityForce": {},
  "speed": 3.4170808787600954e-37,
  "maxSpeed": 3.8204286669135007e-38,
  "anglerVelocity": -1.7673527702323007e-23,
  "BEDFAMLDJHL": {
    "$type": "GPPPKGINKKB",
    "angularVelocity": {
      "x": -34896707584.0,
      "y": -4.1318957225885117e+37,
      "z": -1.0300884246826172
    }
  },
  "syncToRemote": true
}