{
  "DLGHEDFAPFM": 3.4170824482143754e-37,
  "PMBELMMHLLB": 3.8204286669135007e-38,
  "ADNDDHNGBFD": -1.7675641849549e-23,
  "LAEIMMCMNOB": 4.368649373102451e-24,
  "JDMCGIEPPMA": -31005343744.0,
  "IBIGJHDOMFN": -7.908447939255599e+18,
  "NBKJDFEFKOO": 1.9101295548996587e-39
}