{
  "CNHAHGIFHFJ": 3.4171302044660396e-37,
  "GHELMLGCCFD": 3.8204286669135007e-38,
  "ONOBDKKIFEB": -1.7754079867076935e-23,
  "KNDKPFBCILC": 5.122961971293028e-18,
  "CLEEHOPHMLJ": -0.015625953674316406,
  "JBGDCHJPIIC": -9.562168270349503e-05,
  "EEAKEDPDCJG": 5.0181899305936024e-39
}