{
  "IJCJOBFNJKP": 3.4170831208376383e-37,
  "HDKJCEFLNLE": 3.8204286669135007e-38,
  "KNALCPIMJOF": -1.7676519062875605e-23,
  "LFJLALGECIM": 4.368649373102451e-24,
  "PIGAJKDPNGF": -2.2851672215344336e-23,
  "IFHLCCHJIDB": -3.578293111058924e+29,
  "POMIDFDMEPA": 6.492894013673611e-39
}