{
  "velocityForce": {},
  "speed": 3.417135809659897e-37,
  "maxSpeed": 3.8204286669135007e-38,
  "anglerVelocity": -1.7762063139437772e-23,
  "GLMOEEENGIL": {
    "$type": "GBIFIMOKFDD",
    "angularVelocity": {
      "z": -2.387733830235793e-38
    }
  },
  "syncToRemote": true,
  "gravityOfAcceleration": -1.6687708883132772e-38,
  "airResistance": 1.6310973994894438e-40
}