{
  "velocityForce": {},
  "speed": 3.4170831208376383e-37,
  "maxSpeed": 3.8204286669135007e-38,
  "anglerVelocity": -1.7676519062875605e-23,
  "DPAAFHNMHHN": {
    "$type": "GNJNGGEPACE",
    "angularVelocity": {
      "x": -5.854696008256061e+17
    }
  },
  "syncToRemote": true,
  "clockwise": true,
  "radius": -6.5630160861474e-08,
  "traceOnYAxis": true,
  "destroyWhenTargetDie": false
}