{
  "velocityForce": {},
  "speed": 3.417181323834018e-37,
  "maxSpeed": 3.8204286669135007e-38,
  "anglerVelocity": -1.783750979641311e-23,
  "GLMOEEENGIL": {
    "$type": "GBIFIMOKFDD",
    "angularVelocity": {
      "x": -1.498806224316342e+20,
      "y": -5.422528745469002e-12,
      "z": -112566722363392.0
    }
  },
  "syncToRemote": true
}