{
  "LLICGJHIGME": 3.417081999798867e-37,
  "OJLPFPNFMDJ": 3.8204286669135007e-38,
  "JFBDDDBIHDE": -1.7674922408403438e-23,
  "DFHLPPNLGIE": 4.368649373102451e-24,
  "GNJEAKAKLHD": -9.656415876753812e+28,
  "EHAGCHIFFHA": -9.813882695998986e+30,
  "PIJHGEOHOOO": 4.4029372281456126e-39
}