{
  "BBHHJLCDNIM": 3.4171732523548637e-37,
  "EIMENBDKDMH": 3.8204286669135007e-38,
  "PAFANEIADDO": -1.7774274706250593e-23,
  "LDNPKHJCOCM": 2.1649786049191336e-14,
  "CEMPONIMEHH": -31749471993856.0,
  "NMOHDNCFKIB": -2.1087847148034084e-28,
  "AAIIJGOENCL": 7.955647823449857e-40
}