{
  "forceTriggerWhenChangeAuthority": true,
  "CHHAHAFIMON": [
    {
      "KKKOPFPLBAG": 2.404408160922487e-38
    },
    {
      "duration": -2.0897441142812967e+19
    },
    {
      "duration": -3.71846432245007e+19,
      "DJGJJONHCAP": -2286994923192320.0,
      "DNBLPABOAJO": {
        "x": -1.0221946965008146e+34,
        "y": 4.869267216557175e-38
      }
    },
    {}
  ]
}