{
  "CEONGBKFEOF": 3.4170802061368325e-37,
  "PFABOKGLDKN": 3.8204286669135007e-38,
  "HFGMPCFBENB": -1.7672448540604665e-23,
  "LNOCFLGCEJI": 3.489769972264859e-24,
  "NLIDJNDEGKJ": -4.7047916822870815e-24,
  "DDHKPAIHJBA": -2.0214711184962653e-05,
  "EGDMGEKJLGM": 1.1649989055841875e-39
}