{
  "velocityForce": {},
  "speed": 3.4171752702246523e-37,
  "maxSpeed": 3.8204286669135007e-38,
  "anglerVelocity": -1.7777108294622147e-23,
  "AIPBEHPJBDL": {
    "$type": "OLJMJMCGBMD",
    "angularVelocity": {
      "z": -3.026805117656295e-08
    }
  },
  "syncToRemote": true,
  "itanoCircusStartAngler": -5.926780333870285e-12,
  "guidanceMinAnglerVelocity": 1.5447493881177486e-40
}