{
  "LLICGJHIGME": 3.417125944518708e-37,
  "OJLPFPNFMDJ": 3.8204286669135007e-38,
  "JFBDDDBIHDE": -1.7748254918152783e-23,
  "DFHLPPNLGIE": 1.6873163075053211e-18,
  "GNJEAKAKLHD": -8.194410392525332e+33,
  "EHAGCHIFFHA": -530464352.0,
  "PIJHGEOHOOO": 7.95759282571834e-39
}