{
  "velocityForce": {},
  "speed": 3.4170795335135697e-37,
  "maxSpeed": 3.8204286669135007e-38,
  "anglerVelocity": -1.767157132727806e-23,
  "GLMOEEENGIL": {
    "$type": "GBIFIMOKFDD",
    "angularVelocity": {
      "x": -2.5749225352685087e+30,
      "y": -4.439243184606312e-06,
      "z": 362401988608.0
    }
  },
  "syncToRemote": false
}