{
  "CEONGBKFEOF": 3.417125944518708e-37,
  "PFABOKGLDKN": 3.8204286669135007e-38,
  "HFGMPCFBENB": -1.7748254918152783e-23,
  "LNOCFLGCEJI": 1.6873163075053211e-18,
  "NLIDJNDEGKJ": -8.194410392525332e+33,
  "DDHKPAIHJBA": -530464352.0,
  "EGDMGEKJLGM": 7.95759282571834e-39
}