{
  "LLICGJHIGME": 3.4171284108040053e-37,
  "OJLPFPNFMDJ": 3.8204286669135007e-38,
  "JFBDDDBIHDE": -1.7751605999278162e-23,
  "DFHLPPNLGIE": 3.767709255686147e-18,
  "GNJEAKAKLHD": -442020854235136.0,
  "EHAGCHIFFHA": -3.5799760718039825e+31,
  "PIJHGEOHOOO": 1.1181173444214293e-38
}