{
  "CNHAHGIFHFJ": 3.417134240205617e-37,
  "GHELMLGCCFD": 3.8204286669135007e-38,
  "ONOBDKKIFEB": -1.775994899221178e-23,
  "KNDKPFBCILC": 4.107934458363275e-15,
  "CLEEHOPHMLJ": -2.285699164685203e+24,
  "JBGDCHJPIIC": -0.02375928871333599,
  "EEAKEDPDCJG": 6.293196370821145e-39
}