{
  "CEONGBKFEOF": 3.4171223571946394e-37,
  "PFABOKGLDKN": 3.8204286669135007e-38,
  "HFGMPCFBENB": -1.77431052341635e-23,
  "LNOCFLGCEJI": 2.473402897419444e-19,
  "NLIDJNDEGKJ": -1.2998853982824339e+29,
  "DDHKPAIHJBA": -4.19656760243213e+32,
  "EGDMGEKJLGM": 8.31505425487835e-39
}