{
  "BBHHJLCDNIM": 3.417128859219514e-37,
  "EIMENBDKDMH": 3.8204286669135007e-38,
  "PAFANEIADDO": -1.7752325440423724e-23,
  "LDNPKHJCOCM": 3.767709255686147e-18,
  "CEMPONIMEHH": -3.2542438270311124e-30,
  "NMOHDNCFKIB": -8.008717858195448e-23,
  "AAIIJGOENCL": 8.071358642843014e-39
}