{
  "LLICGJHIGME": 3.4171777365099495e-37,
  "OJLPFPNFMDJ": 3.8204286669135007e-38,
  "JFBDDDBIHDE": -1.7780661324139262e-23,
  "DFHLPPNLGIE": 3.074163701377586e-10,
  "GNJEAKAKLHD": -6.679323760749867e-12,
  "EHAGCHIFFHA": -1.9049076552257738e-11,
  "PIJHGEOHOOO": 9.333355428127766e-39
}