{
  "IJCJOBFNJKP": 3.417115182546502e-37,
  "HDKJCEFLNLE": 3.8204286669135007e-38,
  "KNALCPIMJOF": -1.773300781457667e-23,
  "LFJLALGECIM": 4.4978963438138615e-24,
  "PIGAJKDPNGF": -7.022377471188612e-15,
  "IFHLCCHJIDB": -0.0309576615691185,
  "POMIDFDMEPA": 5.415678049088587e-39
}