{
  "DLGHEDFAPFM": 3.417139845399474e-37,
  "PMBELMMHLLB": 3.8204286669135007e-38,
  "ADNDDHNGBFD": -1.776773031618088e-23,
  "LAEIMMCMNOB": 1.7319916253153225e-14,
  "JDMCGIEPPMA": -0.020752906799316406,
  "IBIGJHDOMFN": -1735764.25,
  "NBKJDFEFKOO": 1.0058790827527152e-38
}