{
  "CEONGBKFEOF": 3.417115182546502e-37,
  "PFABOKGLDKN": 3.8204286669135007e-38,
  "HFGMPCFBENB": -1.773300781457667e-23,
  "LNOCFLGCEJI": 4.4978963438138615e-24,
  "NLIDJNDEGKJ": -7.022377471188612e-15,
  "DDHKPAIHJBA": -0.0309576615691185,
  "EGDMGEKJLGM": 5.415678049088587e-39
}