{
  "velocityForce": {},
  "speed": 3.4171828932882983e-37,
  "maxSpeed": 3.8204286669135007e-38,
  "anglerVelocity": -1.7839623943639102e-23,
  "LHBKLPECNGH": {
    "$type": "KAEEENPNEIM",
    "angularVelocity": {
      "x": -4.618553261191705e-13,
      "y": -1.9064612735708586e-11,
      "z": -1.285209905809693e+20
    }
  },
  "syncToRemote": true
}