{
  "CNHAHGIFHFJ": 3.4171308770893025e-37,
  "GHELMLGCCFD": 3.8204286669135007e-38,
  "ONOBDKKIFEB": -1.7755159028795277e-23,
  "KNDKPFBCILC": 5.122961971293028e-18,
  "CLEEHOPHMLJ": -7.206040878769504e+18,
  "JBGDCHJPIIC": -25688.388671875,
  "EEAKEDPDCJG": 3.751179299403497e-39
}