{
  "CEONGBKFEOF": 3.4171754944324066e-37,
  "PFABOKGLDKN": 3.8204286669135007e-38,
  "HFGMPCFBENB": -1.7777468015194928e-23,
  "LNOCFLGCEJI": 5.3517317590044745e-27,
  "NLIDJNDEGKJ": -446480.0,
  "DDHKPAIHJBA": -9.141756169360326e-38,
  "EGDMGEKJLGM": 3.0833008331277885e-39
}