{
  "CNHAHGIFHFJ": 3.4171279623884967e-37,
  "GHELMLGCCFD": 3.8204286669135007e-38,
  "ONOBDKKIFEB": -1.7751088506524337e-23,
  "KNDKPFBCILC": 3.767709255686147e-18,
  "CLEEHOPHMLJ": -30.0009765625,
  "JBGDCHJPIIC": -9.228014713403247e+27,
  "EEAKEDPDCJG": 9.340214784110636e-39
}