{
  "LLICGJHIGME": 3.417134240205617e-37,
  "OJLPFPNFMDJ": 3.8204286669135007e-38,
  "JFBDDDBIHDE": -1.775994899221178e-23,
  "DFHLPPNLGIE": 4.107934458363275e-15,
  "GNJEAKAKLHD": -2.285699164685203e+24,
  "EHAGCHIFFHA": -0.02375928871333599,
  "PIJHGEOHOOO": 6.293196370821145e-39
}