{
  "DLGHEDFAPFM": 3.4171172004162907e-37,
  "PMBELMMHLLB": 3.8204286669135007e-38,
  "ADNDDHNGBFD": -1.7735841402948225e-23,
  "LAEIMMCMNOB": 5.1958299856554786e-24,
  "JDMCGIEPPMA": -2.700718624541539e+22,
  "IBIGJHDOMFN": -1.1334265189337902e-36,
  "NBKJDFEFKOO": 8.696252278725559e-39
}