{
  "LLICGJHIGME": 3.417177960717704e-37,
  "OJLPFPNFMDJ": 3.8204286669135007e-38,
  "JFBDDDBIHDE": -1.7781021044712043e-23,
  "DFHLPPNLGIE": 3.074163701377586e-10,
  "GNJEAKAKLHD": -1.4211409826714316e-12,
  "EHAGCHIFFHA": -1.65157665321658e-08,
  "PIJHGEOHOOO": 1.0628508336376907e-38
}