{
  "DLGHEDFAPFM": 3.4171154067542564e-37,
  "PMBELMMHLLB": 3.8204286669135007e-38,
  "ADNDDHNGBFD": -1.7733367535149452e-23,
  "LAEIMMCMNOB": 4.4978963438138615e-24,
  "JDMCGIEPPMA": -6.594058632458655e-12,
  "IBIGJHDOMFN": -1.53295107081231e-33,
  "NBKJDFEFKOO": 8.600186262503771e-39
}