{
  "velocityForce": {},
  "speed": 3.417116752000782e-37,
  "maxSpeed": 3.8204286669135007e-38,
  "anglerVelocity": -1.77353239101944e-23,
  "LHBKLPECNGH": {
    "$type": "KAEEENPNEIM",
    "angularVelocity": {
      "x": -532481.5
    }
  },
  "syncToRemote": true,
  "straightRange": -2.4908482433281354e+37,
  "airResistance": 1.3982576466572322e-40
}