{
  "reApplyModifierOnStateChange": true,
  "FDAAMLIPKAK": {
    "$type": "OIIGKGHJIPI",
    "COKBNPLACLL": {
      "x": 2.369564314087665e-38,
      "y": -3.9754354718863674e+34,
      "z": 2.3987480361653863e-38
    },
    "JNAKJHFKOHG": {
      "x": -5394747359232.0,
      "y": -2.6228755745226258e+36,
      "z": 7.075720949916817e-38
    }
  }
}