{
  "IJCJOBFNJKP": 3.417118994078325e-37,
  "HDKJCEFLNLE": 3.8204286669135007e-38,
  "KNALCPIMJOF": -1.7738315270746998e-23,
  "LFJLALGECIM": 5.1958299856554786e-24,
  "PIGAJKDPNGF": -3.0266396020488262e+31,
  "IFHLCCHJIDB": -339.08441162109375,
  "POMIDFDMEPA": 7.844973270737483e-40
}