{
  "LLICGJHIGME": 3.4171286350117596e-37,
  "OJLPFPNFMDJ": 3.8204286669135007e-38,
  "JFBDDDBIHDE": -1.7751965719850943e-23,
  "DFHLPPNLGIE": 3.767709255686147e-18,
  "GNJEAKAKLHD": -3.848913150979498e+23,
  "EHAGCHIFFHA": -8.133353951847738e+33,
  "PIJHGEOHOOO": 7.524763959953083e-39
}