{
  "CEONGBKFEOF": 3.4171261687264624e-37,
  "PFABOKGLDKN": 3.8204286669135007e-38,
  "HFGMPCFBENB": -1.7748412690333827e-23,
  "LNOCFLGCEJI": 1.6873163075053211e-18,
  "NLIDJNDEGKJ": -4.718994140625,
  "DDHKPAIHJBA": -1.9161976379480808e-17,
  "EGDMGEKJLGM": 5.8627609228329556e-39
}