{
  "reApplyModifierOnStateChange": true,
  "JDEFONKJCDD": {
    "$type": "OADMJAPBEJL",
    "PIOGPLBCLCP": {
      "x": 2.369564314087665e-38,
      "y": -5.8059697327494156e+32,
      "z": 2.3987480361653863e-38
    },
    "LAGNHLBINMC": {
      "x": -1.9053426495763815e+27,
      "y": -284707880960.0,
      "z": 7.441078695923298e-38
    }
  }
}