{
  "IJCJOBFNJKP": 3.417132670751337e-37,
  "HDKJCEFLNLE": 3.8204286669135007e-38,
  "KNALCPIMJOF": -1.775763289659405e-23,
  "LFJLALGECIM": 5.122961971293028e-18,
  "PIGAJKDPNGF": -1.7232899059377047e+30,
  "IFHLCCHJIDB": -2.652909103655635e-19,
  "POMIDFDMEPA": 8.814729261287294e-39
}