{
  "DLGHEDFAPFM": 3.4171876016511384e-37,
  "PMBELMMHLLB": 3.8204286669135007e-38,
  "ADNDDHNGBFD": -1.7846168333708815e-23,
  "LAEIMMCMNOB": 1.4188403785198034e-09,
  "JDMCGIEPPMA": -3.438032081248821e-10,
  "IBIGJHDOMFN": -1.6424721252406016e-05,
  "NBKJDFEFKOO": 1.2658153236000365e-39
}