{
  "CEONGBKFEOF": 3.4170824482143754e-37,
  "PFABOKGLDKN": 3.8204286669135007e-38,
  "HFGMPCFBENB": -1.7675641849549e-23,
  "LNOCFLGCEJI": 4.368649373102451e-24,
  "NLIDJNDEGKJ": -31005343744.0,
  "DDHKPAIHJBA": -7.908447939255599e+18,
  "EGDMGEKJLGM": 1.9101295548996587e-39
}