{
  "CNHAHGIFHFJ": 3.4171802027952467e-37,
  "GHELMLGCCFD": 3.8204286669135007e-38,
  "ONOBDKKIFEB": -1.7784214353656378e-23,
  "KNDKPFBCILC": 2.346567939959243e-10,
  "CLEEHOPHMLJ": -2.3832623565915855e+33,
  "JBGDCHJPIIC": -2.2728255898599144e-20,
  "EEAKEDPDCJG": 2.1103821119439967e-39
}