{
  "LLICGJHIGME": 3.4171391727762113e-37,
  "OJLPFPNFMDJ": 3.8204286669135007e-38,
  "JFBDDDBIHDE": -1.7766853102854274e-23,
  "DFHLPPNLGIE": 1.7319916253153225e-14,
  "GNJEAKAKLHD": -112210214912.0,
  "EHAGCHIFFHA": -0.0002933646901510656,
  "PIJHGEOHOOO": 8.047793006568464e-39
}