{
  "CEONGBKFEOF": 3.4171284108040053e-37,
  "PFABOKGLDKN": 3.8204286669135007e-38,
  "HFGMPCFBENB": -1.7751605999278162e-23,
  "LNOCFLGCEJI": 3.767709255686147e-18,
  "NLIDJNDEGKJ": -442020854235136.0,
  "DDHKPAIHJBA": -3.5799760718039825e+31,
  "EGDMGEKJLGM": 1.1181173444214293e-38
}