{
  "velocityForce": {},
  "speed": 3.4171239266489195e-37,
  "maxSpeed": 3.8204286669135007e-38,
  "anglerVelocity": -1.774542132978123e-23,
  "GLMOEEENGIL": {
    "$type": "GBIFIMOKFDD",
    "angularVelocity": {
      "x": -2.6253392614856337e-26
    }
  },
  "syncToRemote": true,
  "radius": -1449061120.0,
  "randomBackAngleAdded": 1.4056284765795808e-40
}