{
  "velocityForce": {},
  "speed": 3.4170788608903068e-37,
  "maxSpeed": 3.8204286669135007e-38,
  "anglerVelocity": -1.7670694113951453e-23,
  "LHBKLPECNGH": {
    "$type": "KAEEENPNEIM",
    "angularVelocity": {
      "x": -2.5749225352685087e+30,
      "y": -7.180687251404083e-14,
      "z": 1.554301865908987e+21
    }
  },
  "syncToRemote": false
}