{
  "DLGHEDFAPFM": 3.4171802027952467e-37,
  "PMBELMMHLLB": 3.8204286669135007e-38,
  "ADNDDHNGBFD": -1.7784214353656378e-23,
  "LAEIMMCMNOB": 2.346567939959243e-10,
  "JDMCGIEPPMA": -2.3832623565915855e+33,
  "IBIGJHDOMFN": -2.2728255898599144e-20,
  "NBKJDFEFKOO": 2.1103821119439967e-39
}