{
  "CNHAHGIFHFJ": 3.4171133888844677e-37,
  "GHELMLGCCFD": 3.8204286669135007e-38,
  "ONOBDKKIFEB": -1.7678835158493334e-23,
  "KNDKPFBCILC": 4.4978963438138615e-24,
  "CLEEHOPHMLJ": -6.007145314115368e+24,
  "JBGDCHJPIIC": -3.7748403968826415e-33,
  "EEAKEDPDCJG": 3.3562933921567634e-39
}