{
  "velocityForce": {},
  "speed": 3.4171225814023937e-37,
  "maxSpeed": 3.8204286669135007e-38,
  "anglerVelocity": -1.774346495473628e-23,
  "LHBKLPECNGH": {
    "$type": "KAEEENPNEIM",
    "angularVelocity": {
      "y": -3.659188441133875e+16
    }
  },
  "syncToRemote": true,
  "gravityOfAcceleration": -5.350546447576796e+33,
  "airResistance": 1.7353119662812805e-40
}