{
  "CEONGBKFEOF": 3.417132670751337e-37,
  "PFABOKGLDKN": 3.8204286669135007e-38,
  "HFGMPCFBENB": -1.775763289659405e-23,
  "LNOCFLGCEJI": 5.122961971293028e-18,
  "NLIDJNDEGKJ": -1.7232899059377047e+30,
  "DDHKPAIHJBA": -2.652909103655635e-19,
  "EGDMGEKJLGM": 8.814729261287294e-39
}