{
  "IJCJOBFNJKP": 3.417079085098061e-37,
  "HDKJCEFLNLE": 3.8204286669135007e-38,
  "KNALCPIMJOF": -1.7670851886132497e-23,
  "LFJLALGECIM": 3.489769972264859e-24,
  "PIGAJKDPNGF": -1.303446936248317e+24,
  "IFHLCCHJIDB": -2.580948077479661e-08,
  "POMIDFDMEPA": 4.9223957662738936e-39
}