{
  "IJCJOBFNJKP": 3.4171279623884967e-37,
  "HDKJCEFLNLE": 3.8204286669135007e-38,
  "KNALCPIMJOF": -1.7751088506524337e-23,
  "LFJLALGECIM": 3.767709255686147e-18,
  "PIGAJKDPNGF": -30.0009765625,
  "IFHLCCHJIDB": -9.228014713403247e+27,
  "POMIDFDMEPA": 9.340214784110636e-39
}