{
  "IJCJOBFNJKP": 3.417177960717704e-37,
  "HDKJCEFLNLE": 3.8204286669135007e-38,
  "KNALCPIMJOF": -1.7781021044712043e-23,
  "LFJLALGECIM": 3.074163701377586e-10,
  "PIGAJKDPNGF": -1.4211409826714316e-12,
  "IFHLCCHJIDB": -1.65157665321658e-08,
  "POMIDFDMEPA": 1.0628508336376907e-38
}