{
  "CNHAHGIFHFJ": 3.41713962119172e-37,
  "GHELMLGCCFD": 3.8204286669135007e-38,
  "ONOBDKKIFEB": -1.77673705956081e-23,
  "KNDKPFBCILC": 1.7319916253153225e-14,
  "CLEEHOPHMLJ": -5.7193782180978495e-18,
  "JBGDCHJPIIC": -1.649349118458643e-23,
  "EEAKEDPDCJG": 7.984206286152797e-39
}