{
  "CEONGBKFEOF": 3.4171306528815482e-37,
  "PFABOKGLDKN": 3.8204286669135007e-38,
  "HFGMPCFBENB": -1.7754799308222497e-23,
  "LNOCFLGCEJI": 5.122961971293028e-18,
  "NLIDJNDEGKJ": -1.362382867744686e+17,
  "DDHKPAIHJBA": -1.5668374383622756e-20,
  "EGDMGEKJLGM": 1.1441379154756304e-38
}