{
  "velocityForce": {},
  "speed": 3.4171147341309935e-37,
  "maxSpeed": 3.8204286669135007e-38,
  "anglerVelocity": -1.7680791533538282e-23,
  "BEDFAMLDJHL": {
    "$type": "GPPPKGINKKB",
    "angularVelocity": {
      "y": -1.4988021781135517e+20,
      "z": -9.527909002449611e-17
    }
  },
  "syncToRemote": true,
  "airResistance": 1.7253907731538608e-40
}