{
  "LLICGJHIGME": 3.4171754944324066e-37,
  "OJLPFPNFMDJ": 3.8204286669135007e-38,
  "JFBDDDBIHDE": -1.7777468015194928e-23,
  "DFHLPPNLGIE": 5.3517317590044745e-27,
  "GNJEAKAKLHD": -446480.0,
  "EHAGCHIFFHA": -9.141756169360326e-38,
  "PIJHGEOHOOO": 3.0833008331277885e-39
}