{
  "CEONGBKFEOF": 3.417079757721324e-37,
  "PFABOKGLDKN": 3.8204286669135007e-38,
  "HFGMPCFBENB": -1.767193104785084e-23,
  "LNOCFLGCEJI": 3.489769972264859e-24,
  "NLIDJNDEGKJ": -3.1082352260872273e-28,
  "DDHKPAIHJBA": -9.149446173693065e-32,
  "EGDMGEKJLGM": 5.2313512490913006e-39
}