{
  "IJCJOBFNJKP": 3.417130428673794e-37,
  "HDKJCEFLNLE": 3.8204286669135007e-38,
  "KNALCPIMJOF": -1.7754439587649716e-23,
  "LFJLALGECIM": 5.122961971293028e-18,
  "PIGAJKDPNGF": -0.0059816837310791016,
  "IFHLCCHJIDB": -1.2917248604929578e+26,
  "POMIDFDMEPA": 8.530634214525473e-39
}