{
  "LLICGJHIGME": 3.417118994078325e-37,
  "OJLPFPNFMDJ": 3.8204286669135007e-38,
  "JFBDDDBIHDE": -1.7738315270746998e-23,
  "DFHLPPNLGIE": 5.1958299856554786e-24,
  "GNJEAKAKLHD": -3.0266396020488262e+31,
  "EHAGCHIFFHA": -339.08441162109375,
  "PIJHGEOHOOO": 7.844973270737483e-40
}