{
  "IJCJOBFNJKP": 3.4171732523548637e-37,
  "HDKJCEFLNLE": 3.8204286669135007e-38,
  "KNALCPIMJOF": -1.7774274706250593e-23,
  "LFJLALGECIM": 2.1649786049191336e-14,
  "PIGAJKDPNGF": -31749471993856.0,
  "IFHLCCHJIDB": -2.1087847148034084e-28,
  "POMIDFDMEPA": 7.955647823449857e-40
}