{
  "LLICGJHIGME": 3.4171353612443884e-37,
  "OJLPFPNFMDJ": 3.8204286669135007e-38,
  "JFBDDDBIHDE": -1.776134369829221e-23,
  "DFHLPPNLGIE": 4.107934458363275e-15,
  "GNJEAKAKLHD": -3.1469937766814837e-10,
  "EHAGCHIFFHA": -2.7064864966594898e-20,
  "PIJHGEOHOOO": 3.359851288957684e-39
}