{
  "IJCJOBFNJKP": 3.4171308770893025e-37,
  "HDKJCEFLNLE": 3.8204286669135007e-38,
  "KNALCPIMJOF": -1.7755159028795277e-23,
  "LFJLALGECIM": 5.122961971293028e-18,
  "PIGAJKDPNGF": -7.206040878769504e+18,
  "IFHLCCHJIDB": -25688.388671875,
  "POMIDFDMEPA": 3.751179299403497e-39
}