{
  "LLICGJHIGME": 3.417179754379738e-37,
  "OJLPFPNFMDJ": 3.8204286669135007e-38,
  "JFBDDDBIHDE": -1.7783494912510816e-23,
  "DFHLPPNLGIE": 2.346567939959243e-10,
  "GNJEAKAKLHD": -3.3605474562415103e-25,
  "EHAGCHIFFHA": -6.236871739566995e-38,
  "PIJHGEOHOOO": 2.8991870304970795e-39
}