{
  "velocityForce": {},
  "speed": 3.417080430344587e-37,
  "maxSpeed": 3.8204286669135007e-38,
  "anglerVelocity": -1.7672808261177446e-23,
  "LHBKLPECNGH": {
    "$type": "KAEEENPNEIM",
    "angularVelocity": {
      "x": -2129926.0,
      "y": -2.685079733170265e+28,
      "z": -6.354560107280083e-12
    }
  },
  "syncToRemote": true
}