{
  "BBHHJLCDNIM": 3.4171353612443884e-37,
  "EIMENBDKDMH": 3.8204286669135007e-38,
  "PAFANEIADDO": -1.776134369829221e-23,
  "LDNPKHJCOCM": 4.107934458363275e-15,
  "CEMPONIMEHH": -3.1469937766814837e-10,
  "NMOHDNCFKIB": -2.7064864966594898e-20,
  "AAIIJGOENCL": 3.359851288957684e-39
}