{
  "velocityForce": {},
  "speed": 3.4171790817564753e-37,
  "maxSpeed": 3.8204286669135007e-38,
  "anglerVelocity": -1.778261769918421e-23,
  "LHBKLPECNGH": {
    "$type": "KAEEENPNEIM",
    "angularVelocity": {
      "x": -4.2005497209099345e-25
    }
  },
  "syncToRemote": true,
  "radius": -3.312578345447731e-31,
  "outOfRangeFixCD": 1.4774310098915844e-40
}