{
  "BBHHJLCDNIM": 3.4171154067542564e-37,
  "EIMENBDKDMH": 3.8204286669135007e-38,
  "PAFANEIADDO": -1.7733367535149452e-23,
  "LDNPKHJCOCM": 4.4978963438138615e-24,
  "CEMPONIMEHH": -6.594058632458655e-12,
  "NMOHDNCFKIB": -1.53295107081231e-33,
  "AAIIJGOENCL": 8.600186262503771e-39
}