{
  "BBHHJLCDNIM": 3.417130428673794e-37,
  "EIMENBDKDMH": 3.8204286669135007e-38,
  "PAFANEIADDO": -1.7754439587649716e-23,
  "LDNPKHJCOCM": 5.122961971293028e-18,
  "CEMPONIMEHH": -0.0059816837310791016,
  "NMOHDNCFKIB": -1.2917248604929578e+26,
  "AAIIJGOENCL": 8.530634214525473e-39
}