{
  "CEONGBKFEOF": 3.4171295318427768e-37,
  "PFABOKGLDKN": 3.8204286669135007e-38,
  "HFGMPCFBENB": -1.775320265375033e-23,
  "LNOCFLGCEJI": 3.767709255686147e-18,
  "NLIDJNDEGKJ": -1.0408882956947085e-15,
  "DDHKPAIHJBA": -0.00768170366063714,
  "EGDMGEKJLGM": 1.0629908233542767e-38
}