{
  "DLGHEDFAPFM": 3.417115182546502e-37,
  "PMBELMMHLLB": 3.8204286669135007e-38,
  "ADNDDHNGBFD": -1.773300781457667e-23,
  "LAEIMMCMNOB": 4.4978963438138615e-24,
  "JDMCGIEPPMA": -7.022377471188612e-15,
  "IBIGJHDOMFN": -0.0309576615691185,
  "NBKJDFEFKOO": 5.415678049088587e-39
}