{
  "CNHAHGIFHFJ": 3.4171754944324066e-37,
  "GHELMLGCCFD": 3.8204286669135007e-38,
  "ONOBDKKIFEB": -1.7777468015194928e-23,
  "KNDKPFBCILC": 5.3517317590044745e-27,
  "CLEEHOPHMLJ": -446480.0,
  "JBGDCHJPIIC": -9.141756169360326e-38,
  "EEAKEDPDCJG": 3.0833008331277885e-39
}