{
  "LLICGJHIGME": 3.4171154067542564e-37,
  "OJLPFPNFMDJ": 3.8204286669135007e-38,
  "JFBDDDBIHDE": -1.7733367535149452e-23,
  "DFHLPPNLGIE": 4.4978963438138615e-24,
  "GNJEAKAKLHD": -6.594058632458655e-12,
  "EHAGCHIFFHA": -1.53295107081231e-33,
  "PIJHGEOHOOO": 8.600186262503771e-39
}