{
  "IJCJOBFNJKP": 3.4171315497125654e-37,
  "HDKJCEFLNLE": 3.8204286669135007e-38,
  "KNALCPIMJOF": -1.7756036242121883e-23,
  "LFJLALGECIM": 5.122961971293028e-18,
  "PIGAJKDPNGF": -102808632164352.0,
  "IFHLCCHJIDB": -2.8252138876574987e-34,
  "POMIDFDMEPA": 9.886630100797133e-39
}