{
  "CEONGBKFEOF": 3.4171133888844677e-37,
  "PFABOKGLDKN": 3.8204286669135007e-38,
  "HFGMPCFBENB": -1.7678835158493334e-23,
  "LNOCFLGCEJI": 4.4978963438138615e-24,
  "NLIDJNDEGKJ": -6.007145314115368e+24,
  "DDHKPAIHJBA": -3.7748403968826415e-33,
  "EGDMGEKJLGM": 3.3562933921567634e-39
}