{
  "LLICGJHIGME": 3.4171185456628165e-37,
  "OJLPFPNFMDJ": 3.8204286669135007e-38,
  "JFBDDDBIHDE": -1.7737797777993173e-23,
  "DFHLPPNLGIE": 5.1958299856554786e-24,
  "GNJEAKAKLHD": -3.4908913632993135e+25,
  "EHAGCHIFFHA": -1.2708887717277504e-18,
  "PIJHGEOHOOO": 5.754052391866029e-39
}