{
  "LLICGJHIGME": 3.4171793059642296e-37,
  "OJLPFPNFMDJ": 3.8204286669135007e-38,
  "JFBDDDBIHDE": -1.778297741975699e-23,
  "DFHLPPNLGIE": 2.346567939959243e-10,
  "GNJEAKAKLHD": -382647226335232.0,
  "EHAGCHIFFHA": -9.814701940058512e-08,
  "PIJHGEOHOOO": 7.036090547787554e-39
}