{
  "DLGHEDFAPFM": 3.417083793460901e-37,
  "PMBELMMHLLB": 3.8204286669135007e-38,
  "ADNDDHNGBFD": -1.7677598224593948e-23,
  "LAEIMMCMNOB": 4.368649373102451e-24,
  "JDMCGIEPPMA": -1.541283705943083e+29,
  "IBIGJHDOMFN": -5.812140747286918e+24,
  "NBKJDFEFKOO": 7.590630592970207e-39
}