{
  "LLICGJHIGME": 3.4171230298179023e-37,
  "OJLPFPNFMDJ": 3.8204286669135007e-38,
  "JFBDDDBIHDE": -1.7743982447490106e-23,
  "DFHLPPNLGIE": 2.473402897419444e-19,
  "GNJEAKAKLHD": -1776.0625,
  "EHAGCHIFFHA": -1.881033325884211e+16,
  "PIJHGEOHOOO": 8.704477900711146e-39
}