{
  "CNHAHGIFHFJ": 3.4171371549064227e-37,
  "GHELMLGCCFD": 3.8204286669135007e-38,
  "ONOBDKKIFEB": -1.776401951448272e-23,
  "KNDKPFBCILC": 1.4322314086665303e-14,
  "CLEEHOPHMLJ": -371212288.0,
  "JBGDCHJPIIC": -5.752094060446554e-36,
  "EEAKEDPDCJG": 1.0370882416307718e-38
}