{
  "CNHAHGIFHFJ": 3.4171353612443884e-37,
  "GHELMLGCCFD": 3.8204286669135007e-38,
  "ONOBDKKIFEB": -1.776134369829221e-23,
  "KNDKPFBCILC": 4.107934458363275e-15,
  "CLEEHOPHMLJ": -3.1469937766814837e-10,
  "JBGDCHJPIIC": -2.7064864966594898e-20,
  "EEAKEDPDCJG": 3.359851288957684e-39
}