{
  "DLGHEDFAPFM": 3.4171306528815482e-37,
  "PMBELMMHLLB": 3.8204286669135007e-38,
  "ADNDDHNGBFD": -1.7754799308222497e-23,
  "LAEIMMCMNOB": 5.122961971293028e-18,
  "JDMCGIEPPMA": -1.362382867744686e+17,
  "IBIGJHDOMFN": -1.5668374383622756e-20,
  "NBKJDFEFKOO": 1.1441379154756304e-38
}