{
  "LLICGJHIGME": 3.417171234485075e-37,
  "OJLPFPNFMDJ": 3.8204286669135007e-38,
  "JFBDDDBIHDE": -1.777144111787904e-23,
  "DFHLPPNLGIE": 2.486943282060429e-14,
  "GNJEAKAKLHD": -27763742343168.0,
  "EHAGCHIFFHA": -3.639111586077905e-30,
  "PIJHGEOHOOO": 4.3115333319146334e-39
}