{
  "CEONGBKFEOF": 3.417081999798867e-37,
  "PFABOKGLDKN": 3.8204286669135007e-38,
  "HFGMPCFBENB": -1.7674922408403438e-23,
  "LNOCFLGCEJI": 4.368649373102451e-24,
  "NLIDJNDEGKJ": -9.656415876753812e+28,
  "DDHKPAIHJBA": -9.813882695998986e+30,
  "EGDMGEKJLGM": 4.4029372281456126e-39
}