{
  "velocityForce": {},
  "speed": 3.4170833450453926e-37,
  "maxSpeed": 3.8204286669135007e-38,
  "anglerVelocity": -1.7676878783448386e-23,
  "DPAAFHNMHHN": {
    "$type": "GNJNGGEPACE",
    "angularVelocity": {
      "x": -1.1823464429738806e-10
    }
  },
  "syncToRemote": true,
  "clockwise": true,
  "radius": -0.018010077998042107,
  "traceOnYAxis": true,
  "destroyWhenTargetDie": false
}