{
  "DLGHEDFAPFM": 3.4171185456628165e-37,
  "PMBELMMHLLB": 3.8204286669135007e-38,
  "ADNDDHNGBFD": -1.7737797777993173e-23,
  "LAEIMMCMNOB": 5.1958299856554786e-24,
  "JDMCGIEPPMA": -3.4908913632993135e+25,
  "IBIGJHDOMFN": -1.2708887717277504e-18,
  "NBKJDFEFKOO": 5.754052391866029e-39
}