{
  "CEONGBKFEOF": 3.4170817755911126e-37,
  "PFABOKGLDKN": 3.8204286669135007e-38,
  "HFGMPCFBENB": -1.7674764636222394e-23,
  "LNOCFLGCEJI": 4.368649373102451e-24,
  "NLIDJNDEGKJ": -386563833856.0,
  "DDHKPAIHJBA": -6703073.0,
  "EGDMGEKJLGM": 4.040362460889281e-39
}