{
  "velocityForce": {},
  "speed": 3.417181772249527e-37,
  "maxSpeed": 3.8204286669135007e-38,
  "anglerVelocity": -1.7838027289166934e-23,
  "AIPBEHPJBDL": {
    "$type": "OLJMJMCGBMD",
    "angularVelocity": {
      "x": -3.747015560790855e+19,
      "y": -1.2143476533593296e-33,
      "z": -5.481304272224611e+26
    }
  },
  "syncToRemote": true
}