{
  "velocityForce": {},
  "speed": 3.4171176488317993e-37,
  "maxSpeed": 3.8204286669135007e-38,
  "anglerVelocity": -1.7736560844093787e-23,
  "AIPBEHPJBDL": {
    "$type": "OLJMJMCGBMD",
    "angularVelocity": {
      "x": -2.5037159806695115e-32
    }
  },
  "syncToRemote": true,
  "gravityOfAcceleration": -2.870233425791719e-25,
  "airResistance": 1.445453378935692e-40
}