{
  "BBHHJLCDNIM": 3.4171302044660396e-37,
  "EIMENBDKDMH": 3.8204286669135007e-38,
  "PAFANEIADDO": -1.7754079867076935e-23,
  "LDNPKHJCOCM": 5.122961971293028e-18,
  "CEMPONIMEHH": -0.015625953674316406,
  "NMOHDNCFKIB": -9.562168270349503e-05,
  "AAIIJGOENCL": 5.0181899305936024e-39
}