{
  "CNHAHGIFHFJ": 3.4170833450453926e-37,
  "GHELMLGCCFD": 3.8204286669135007e-38,
  "ONOBDKKIFEB": -1.7676878783448386e-23,
  "KNDKPFBCILC": 4.368649373102451e-24,
  "CLEEHOPHMLJ": -0.08545303344726562,
  "JBGDCHJPIIC": -5.3893767449492686e-33,
  "EEAKEDPDCJG": 5.485941956686762e-39
}