{
  "BBHHJLCDNIM": 3.417179754379738e-37,
  "EIMENBDKDMH": 3.8204286669135007e-38,
  "PAFANEIADDO": -1.7783494912510816e-23,
  "LDNPKHJCOCM": 2.346567939959243e-10,
  "CEMPONIMEHH": -3.3605474562415103e-25,
  "NMOHDNCFKIB": -6.236871739566995e-38,
  "AAIIJGOENCL": 2.8991870304970795e-39
}