{
  "velocityForce": {},
  "speed": 3.4171739249781266e-37,
  "maxSpeed": 3.8204286669135007e-38,
  "anglerVelocity": -1.7775353867968935e-23,
  "GLMOEEENGIL": {
    "$type": "GBIFIMOKFDD",
    "angularVelocity": {
      "x": -34078880.0,
      "y": -7.739160214761422e-37
    }
  },
  "syncToRemote": true,
  "traceOnYAxis": true,
  "initClockwise": false
}