{
  "BBHHJLCDNIM": 3.4171284108040053e-37,
  "EIMENBDKDMH": 3.8204286669135007e-38,
  "PAFANEIADDO": -1.7751605999278162e-23,
  "LDNPKHJCOCM": 3.767709255686147e-18,
  "CEMPONIMEHH": -442020854235136.0,
  "NMOHDNCFKIB": -3.5799760718039825e+31,
  "AAIIJGOENCL": 1.1181173444214293e-38
}