{
  "CNHAHGIFHFJ": 3.4171223571946394e-37,
  "GHELMLGCCFD": 3.8204286669135007e-38,
  "ONOBDKKIFEB": -1.77431052341635e-23,
  "KNDKPFBCILC": 2.473402897419444e-19,
  "CLEEHOPHMLJ": -1.2998853982824339e+29,
  "JBGDCHJPIIC": -4.19656760243213e+32,
  "EEAKEDPDCJG": 8.31505425487835e-39
}