{
  "CEONGBKFEOF": 3.4171315497125654e-37,
  "PFABOKGLDKN": 3.8204286669135007e-38,
  "HFGMPCFBENB": -1.7756036242121883e-23,
  "LNOCFLGCEJI": 5.122961971293028e-18,
  "NLIDJNDEGKJ": -102808632164352.0,
  "DDHKPAIHJBA": -2.8252138876574987e-34,
  "EGDMGEKJLGM": 9.886630100797133e-39
}