{
  "velocityForce": {},
  "speed": 3.417079757721324e-37,
  "maxSpeed": 3.8204286669135007e-38,
  "anglerVelocity": -1.767193104785084e-23,
  "AFNAKLCPGNF": {
    "$type": "EIIKGAHLKAH",
    "angularVelocity": {
      "x": -2080.005859375,
      "y": -5.280673572969202e+27,
      "z": 0.00011772204743465409
    }
  },
  "syncToRemote": false
}