{
  "CEONGBKFEOF": 3.4171187698705707e-37,
  "PFABOKGLDKN": 3.8204286669135007e-38,
  "HFGMPCFBENB": -1.7738157498565954e-23,
  "LNOCFLGCEJI": 5.1958299856554786e-24,
  "NLIDJNDEGKJ": -4.1086433075373284e+23,
  "DDHKPAIHJBA": -464332.28125,
  "EGDMGEKJLGM": 1.1458882773874185e-38
}