{
  "IJCJOBFNJKP": 3.4171261687264624e-37,
  "HDKJCEFLNLE": 3.8204286669135007e-38,
  "KNALCPIMJOF": -1.7748412690333827e-23,
  "LFJLALGECIM": 1.6873163075053211e-18,
  "PIGAJKDPNGF": -4.718994140625,
  "IFHLCCHJIDB": -1.9161976379480808e-17,
  "POMIDFDMEPA": 5.8627609228329556e-39
}