{
  "BBHHJLCDNIM": 3.417081999798867e-37,
  "EIMENBDKDMH": 3.8204286669135007e-38,
  "PAFANEIADDO": -1.7674922408403438e-23,
  "LDNPKHJCOCM": 4.368649373102451e-24,
  "CEMPONIMEHH": -9.656415876753812e+28,
  "NMOHDNCFKIB": -9.813882695998986e+30,
  "AAIIJGOENCL": 4.4029372281456126e-39
}