{
  "velocityForce": {},
  "speed": 3.4171248234799366e-37,
  "maxSpeed": 3.8204286669135007e-38,
  "anglerVelocity": -1.7746658263680616e-23,
  "GLMOEEENGIL": {
    "$type": "GBIFIMOKFDD",
    "angularVelocity": {
      "x": -2.398086018256473e+21
    }
  },
  "syncToRemote": true,
  "straightRange": -3.5359747229977934e-22,
  "gravityOfAcceleration": 1.4833585023956784e-40
}