{
  "CNHAHGIFHFJ": 3.4171385001529484e-37,
  "GHELMLGCCFD": 3.8204286669135007e-38,
  "ONOBDKKIFEB": -1.776577394113593e-23,
  "KNDKPFBCILC": 1.5210492506365428e-14,
  "CLEEHOPHMLJ": -8.638335060961181e-29,
  "JBGDCHJPIIC": -1.8823242498910986e-05,
  "EEAKEDPDCJG": 8.430773482062294e-39
}