{
  "velocityForce": {},
  "speed": 3.4171349128288798e-37,
  "maxSpeed": 3.8204286669135007e-38,
  "anglerVelocity": -1.7760826205538385e-23,
  "BEDFAMLDJHL": {
    "$type": "GPPPKGINKKB",
    "angularVelocity": {
      "z": -2.387733830235793e-38
    }
  },
  "syncToRemote": true,
  "straightRange": -7520461428621312.0,
  "airResistance": 1.6845429229187923e-40
}