{
  "velocityForce": {},
  "speed": 3.417124375064428e-37,
  "maxSpeed": 3.8204286669135007e-38,
  "anglerVelocity": -1.7745938822535054e-23,
  "GLMOEEENGIL": {
    "$type": "GBIFIMOKFDD",
    "angularVelocity": {
      "x": -9.780150880983597e-35
    }
  },
  "syncToRemote": true,
  "destroyWhenTargetDie": true,
  "traceOnYAxis": true,
  "stickToGroundDuration": 5.686854525307797e-39
}