{
  "LLICGJHIGME": 3.417132670751337e-37,
  "OJLPFPNFMDJ": 3.8204286669135007e-38,
  "JFBDDDBIHDE": -1.775763289659405e-23,
  "DFHLPPNLGIE": 5.122961971293028e-18,
  "GNJEAKAKLHD": -1.7232899059377047e+30,
  "EHAGCHIFFHA": -2.652909103655635e-19,
  "PIJHGEOHOOO": 8.814729261287294e-39
}