{
  "DLGHEDFAPFM": 3.41713962119172e-37,
  "PMBELMMHLLB": 3.8204286669135007e-38,
  "ADNDDHNGBFD": -1.77673705956081e-23,
  "LAEIMMCMNOB": 1.7319916253153225e-14,
  "JDMCGIEPPMA": -5.7193782180978495e-18,
  "IBIGJHDOMFN": -1.649349118458643e-23,
  "NBKJDFEFKOO": 7.984206286152797e-39
}