{
  "forceTriggerWhenChangeAuthority": true,
  "CGPGHBGMAMB": {
    "$type": "GGIJFBGEOOH",
    "LLBFCODGHCP": {
      "x": 2.369564314087665e-38,
      "y": -8.204659046140563e-32,
      "z": 2.398748316425079e-38
    },
    "BJHMIEFFLEK": {
      "x": -1275133952.0,
      "y": -5.6088464706659896e-36,
      "z": 5.5994219089247144e-39
    }
  }
}