{
  "velocityForce": {},
  "speed": 3.4171270655574796e-37,
  "maxSpeed": 3.8204286669135007e-38,
  "anglerVelocity": -1.774985157262495e-23,
  "AFNAKLCPGNF": {
    "$type": "EIIKGAHLKAH",
    "angularVelocity": {
      "x": -2.4556403709250047e+24,
      "y": -1.7239378327649213e-11
    }
  },
  "syncToRemote": true,
  "destroyWhenTargetDie": true,
  "traceOnYAxis": true,
  "initClockwise": false
}