{
  "CNHAHGIFHFJ": 3.4171194424938336e-37,
  "GHELMLGCCFD": 3.8204286669135007e-38,
  "ONOBDKKIFEB": -1.773903471189256e-23,
  "KNDKPFBCILC": 5.1958299856554786e-24,
  "CLEEHOPHMLJ": -3.660018491664712e+23,
  "JBGDCHJPIIC": -1.733585577312624e-06,
  "EEAKEDPDCJG": 7.880986641270631e-39
}