{
  "velocityForce": {},
  "speed": 3.4171815480417725e-37,
  "maxSpeed": 3.8204286669135007e-38,
  "anglerVelocity": -1.7837667568594153e-23,
  "LHBKLPECNGH": {
    "$type": "KAEEENPNEIM",
    "angularVelocity": {
      "x": -1.528151086280535e-36,
      "y": -5.268903354597459e-24,
      "z": -6.2252210829602585e-18
    }
  },
  "syncToRemote": true
}