{
  "BBHHJLCDNIM": 3.417140518022737e-37,
  "EIMENBDKDMH": 3.8204286669135007e-38,
  "PAFANEIADDO": -1.7768607529507485e-23,
  "LDNPKHJCOCM": 5.995379160576159e-14,
  "CEMPONIMEHH": -2.05782058060322e-11,
  "NMOHDNCFKIB": -1.601651847106078e-15,
  "AAIIJGOENCL": 1.4689223256162041e-39
}