{
  "IJCJOBFNJKP": 3.417175046016898e-37,
  "HDKJCEFLNLE": 3.8204286669135007e-38,
  "KNALCPIMJOF": -1.7776950522441103e-23,
  "LFJLALGECIM": 5.3517317590044745e-27,
  "PIGAJKDPNGF": -2.2224907535047608e-38,
  "IFHLCCHJIDB": -360087683072.0,
  "POMIDFDMEPA": 7.988550311392204e-39
}