{
  "CNHAHGIFHFJ": 3.4171138372999763e-37,
  "GHELMLGCCFD": 3.8204286669135007e-38,
  "ONOBDKKIFEB": -1.767935265124716e-23,
  "KNDKPFBCILC": 4.4978963438138615e-24,
  "CLEEHOPHMLJ": -2.010767161628379e+21,
  "JBGDCHJPIIC": -6.696493155504887e-21,
  "EEAKEDPDCJG": 6.956437940478403e-39
}