{
  "velocityForce": {},
  "speed": 3.4171317739203197e-37,
  "maxSpeed": 3.8204286669135007e-38,
  "anglerVelocity": -1.7756395962694664e-23,
  "DPAAFHNMHHN": {
    "$type": "GNJNGGEPACE",
    "angularVelocity": {
      "x": -1.609328473489411e+29,
      "z": -1.0840961311571968e+17
    }
  },
  "syncToRemote": true,
  "FCPBIDEOCGO": 1.4336124069121474e-40
}