{
  "CEONGBKFEOF": 3.4171194424938336e-37,
  "PFABOKGLDKN": 3.8204286669135007e-38,
  "HFGMPCFBENB": -1.773903471189256e-23,
  "LNOCFLGCEJI": 5.1958299856554786e-24,
  "NLIDJNDEGKJ": -3.660018491664712e+23,
  "DDHKPAIHJBA": -1.733585577312624e-06,
  "EGDMGEKJLGM": 7.880986641270631e-39
}