{
  "IJCJOBFNJKP": 3.417138275945194e-37,
  "HDKJCEFLNLE": 3.8204286669135007e-38,
  "KNALCPIMJOF": -1.7765616168954887e-23,
  "LFJLALGECIM": 1.5210492506365428e-14,
  "PIGAJKDPNGF": -7.755133787046723e-26,
  "IFHLCCHJIDB": -1.5872332049838865e-24,
  "POMIDFDMEPA": 1.5364060570611586e-39
}