{
  "CNHAHGIFHFJ": 3.4171732523548637e-37,
  "GHELMLGCCFD": 3.8204286669135007e-38,
  "ONOBDKKIFEB": -1.7774274706250593e-23,
  "KNDKPFBCILC": 2.1649786049191336e-14,
  "CLEEHOPHMLJ": -31749471993856.0,
  "JBGDCHJPIIC": -2.1087847148034084e-28,
  "EEAKEDPDCJG": 7.955647823449857e-40
}