{
  "CEONGBKFEOF": 3.417128859219514e-37,
  "PFABOKGLDKN": 3.8204286669135007e-38,
  "HFGMPCFBENB": -1.7752325440423724e-23,
  "LNOCFLGCEJI": 3.767709255686147e-18,
  "NLIDJNDEGKJ": -3.2542438270311124e-30,
  "DDHKPAIHJBA": -8.008717858195448e-23,
  "EGDMGEKJLGM": 8.071358642843014e-39
}