{
  "CNHAHGIFHFJ": 3.417128859219514e-37,
  "GHELMLGCCFD": 3.8204286669135007e-38,
  "ONOBDKKIFEB": -1.7752325440423724e-23,
  "KNDKPFBCILC": 3.767709255686147e-18,
  "CLEEHOPHMLJ": -3.2542438270311124e-30,
  "JBGDCHJPIIC": -8.008717858195448e-23,
  "EEAKEDPDCJG": 8.071358642843014e-39
}