{
  "DLGHEDFAPFM": 3.4171223571946394e-37,
  "PMBELMMHLLB": 3.8204286669135007e-38,
  "ADNDDHNGBFD": -1.77431052341635e-23,
  "LAEIMMCMNOB": 2.473402897419444e-19,
  "JDMCGIEPPMA": -1.2998853982824339e+29,
  "IBIGJHDOMFN": -4.19656760243213e+32,
  "NBKJDFEFKOO": 8.31505425487835e-39
}