{
  "BBHHJLCDNIM": 3.4171793059642296e-37,
  "EIMENBDKDMH": 3.8204286669135007e-38,
  "PAFANEIADDO": -1.778297741975699e-23,
  "LDNPKHJCOCM": 2.346567939959243e-10,
  "CEMPONIMEHH": -382647226335232.0,
  "NMOHDNCFKIB": -9.814701940058512e-08,
  "AAIIJGOENCL": 7.036090547787554e-39
}