{
  "IJCJOBFNJKP": 3.4171284108040053e-37,
  "HDKJCEFLNLE": 3.8204286669135007e-38,
  "KNALCPIMJOF": -1.7751605999278162e-23,
  "LFJLALGECIM": 3.767709255686147e-18,
  "PIGAJKDPNGF": -442020854235136.0,
  "IFHLCCHJIDB": -3.5799760718039825e+31,
  "POMIDFDMEPA": 1.1181173444214293e-38
}