{
  "CNHAHGIFHFJ": 3.417125944518708e-37,
  "GHELMLGCCFD": 3.8204286669135007e-38,
  "ONOBDKKIFEB": -1.7748254918152783e-23,
  "KNDKPFBCILC": 1.6873163075053211e-18,
  "CLEEHOPHMLJ": -8.194410392525332e+33,
  "JBGDCHJPIIC": -530464352.0,
  "EEAKEDPDCJG": 7.95759282571834e-39
}