{
  "CEONGBKFEOF": 3.4171371549064227e-37,
  "PFABOKGLDKN": 3.8204286669135007e-38,
  "HFGMPCFBENB": -1.776401951448272e-23,
  "LNOCFLGCEJI": 1.4322314086665303e-14,
  "NLIDJNDEGKJ": -371212288.0,
  "DDHKPAIHJBA": -5.752094060446554e-36,
  "EGDMGEKJLGM": 1.0370882416307718e-38
}