{
  "IJCJOBFNJKP": 3.4171194424938336e-37,
  "HDKJCEFLNLE": 3.8204286669135007e-38,
  "KNALCPIMJOF": -1.773903471189256e-23,
  "LFJLALGECIM": 5.1958299856554786e-24,
  "PIGAJKDPNGF": -3.660018491664712e+23,
  "IFHLCCHJIDB": -1.733585577312624e-06,
  "POMIDFDMEPA": 7.880986641270631e-39
}