{
  "DLGHEDFAPFM": 3.4171308770893025e-37,
  "PMBELMMHLLB": 3.8204286669135007e-38,
  "ADNDDHNGBFD": -1.7755159028795277e-23,
  "LAEIMMCMNOB": 5.122961971293028e-18,
  "JDMCGIEPPMA": -7.206040878769504e+18,
  "IBIGJHDOMFN": -25688.388671875,
  "NBKJDFEFKOO": 3.751179299403497e-39
}