{
  "forceTriggerWhenChangeAuthority": true,
  "CGPGHBGMAMB": {
    "$type": "GGIJFBGEOOH",
    "LLBFCODGHCP": {
      "y": 2.369564314087665e-38,
      "z": -387082.5
    },
    "IMLCPILBGJF": {
      "x": -6.51334793086988e-27,
      "y": -2.387733830235793e-38
    },
    "BJHMIEFFLEK": {
      "y": -1.6687708883132772e-38,
      "z": 1.6310973994894438e-40
    }
  }
}