{
  "IJCJOBFNJKP": 3.417081999798867e-37,
  "HDKJCEFLNLE": 3.8204286669135007e-38,
  "KNALCPIMJOF": -1.7674922408403438e-23,
  "LFJLALGECIM": 4.368649373102451e-24,
  "PIGAJKDPNGF": -9.656415876753812e+28,
  "IFHLCCHJIDB": -9.813882695998986e+30,
  "POMIDFDMEPA": 4.4029372281456126e-39
}