{
  "LLICGJHIGME": 3.4171306528815482e-37,
  "OJLPFPNFMDJ": 3.8204286669135007e-38,
  "JFBDDDBIHDE": -1.7754799308222497e-23,
  "DFHLPPNLGIE": 5.122961971293028e-18,
  "GNJEAKAKLHD": -1.362382867744686e+17,
  "EHAGCHIFFHA": -1.5668374383622756e-20,
  "PIJHGEOHOOO": 1.1441379154756304e-38
}