{
  "DLGHEDFAPFM": 3.417140518022737e-37,
  "PMBELMMHLLB": 3.8204286669135007e-38,
  "ADNDDHNGBFD": -1.7768607529507485e-23,
  "LAEIMMCMNOB": 5.995379160576159e-14,
  "JDMCGIEPPMA": -2.05782058060322e-11,
  "IBIGJHDOMFN": -1.601651847106078e-15,
  "NBKJDFEFKOO": 1.4689223256162041e-39
}