{
  "LLICGJHIGME": 3.4170817755911126e-37,
  "OJLPFPNFMDJ": 3.8204286669135007e-38,
  "JFBDDDBIHDE": -1.7674764636222394e-23,
  "DFHLPPNLGIE": 4.368649373102451e-24,
  "GNJEAKAKLHD": -386563833856.0,
  "EHAGCHIFFHA": -6703073.0,
  "PIJHGEOHOOO": 4.040362460889281e-39
}