{
  "DLGHEDFAPFM": 3.4170831208376383e-37,
  "PMBELMMHLLB": 3.8204286669135007e-38,
  "ADNDDHNGBFD": -1.7676519062875605e-23,
  "LAEIMMCMNOB": 4.368649373102451e-24,
  "JDMCGIEPPMA": -2.2851672215344336e-23,
  "IBIGJHDOMFN": -3.578293111058924e+29,
  "NBKJDFEFKOO": 6.492894013673611e-39
}