{
  "IJCJOBFNJKP": 3.4171799785874925e-37,
  "HDKJCEFLNLE": 3.8204286669135007e-38,
  "KNALCPIMJOF": -1.7783854633083597e-23,
  "LFJLALGECIM": 2.346567939959243e-10,
  "PIGAJKDPNGF": -1.10943603515625,
  "IFHLCCHJIDB": -6.0822564616781114e-33,
  "POMIDFDMEPA": 8.498719642000475e-39
}