{
  "BBHHJLCDNIM": 3.4171279623884967e-37,
  "EIMENBDKDMH": 3.8204286669135007e-38,
  "PAFANEIADDO": -1.7751088506524337e-23,
  "LDNPKHJCOCM": 3.767709255686147e-18,
  "CEMPONIMEHH": -30.0009765625,
  "NMOHDNCFKIB": -9.228014713403247e+27,
  "AAIIJGOENCL": 9.340214784110636e-39
}