{
  "DLGHEDFAPFM": 3.41718715323563e-37,
  "PMBELMMHLLB": 3.8204286669135007e-38,
  "ADNDDHNGBFD": -1.784565084095499e-23,
  "LAEIMMCMNOB": 1.4188403785198034e-09,
  "JDMCGIEPPMA": -3.5165231790415675e+19,
  "IBIGJHDOMFN": -0.00042442913400009274,
  "NBKJDFEFKOO": 8.337540891335371e-39
}