{
  "IJCJOBFNJKP": 3.4171133888844677e-37,
  "HDKJCEFLNLE": 3.8204286669135007e-38,
  "KNALCPIMJOF": -1.7678835158493334e-23,
  "LFJLALGECIM": 4.4978963438138615e-24,
  "PIGAJKDPNGF": -6.007145314115368e+24,
  "IFHLCCHJIDB": -3.7748403968826415e-33,
  "POMIDFDMEPA": 3.3562933921567634e-39
}