{
  "LLICGJHIGME": 3.417139845399474e-37,
  "OJLPFPNFMDJ": 3.8204286669135007e-38,
  "JFBDDDBIHDE": -1.776773031618088e-23,
  "DFHLPPNLGIE": 1.7319916253153225e-14,
  "GNJEAKAKLHD": -0.020752906799316406,
  "EHAGCHIFFHA": -1735764.25,
  "PIJHGEOHOOO": 1.0058790827527152e-38
}