{
  "CNHAHGIFHFJ": 3.4170831208376383e-37,
  "GHELMLGCCFD": 3.8204286669135007e-38,
  "ONOBDKKIFEB": -1.7676519062875605e-23,
  "KNDKPFBCILC": 4.368649373102451e-24,
  "CLEEHOPHMLJ": -2.2851672215344336e-23,
  "JBGDCHJPIIC": -3.578293111058924e+29,
  "EEAKEDPDCJG": 6.492894013673611e-39
}