{
  "IJCJOBFNJKP": 3.417083569253147e-37,
  "HDKJCEFLNLE": 3.8204286669135007e-38,
  "KNALCPIMJOF": -1.7677238504021167e-23,
  "LFJLALGECIM": 4.368649373102451e-24,
  "PIGAJKDPNGF": -7.242809325382071e-17,
  "IFHLCCHJIDB": -9.882169738052897e-23,
  "POMIDFDMEPA": 1.5556851213333395e-39
}