{
  "CNHAHGIFHFJ": 3.417171234485075e-37,
  "GHELMLGCCFD": 3.8204286669135007e-38,
  "ONOBDKKIFEB": -1.777144111787904e-23,
  "KNDKPFBCILC": 2.486943282060429e-14,
  "CLEEHOPHMLJ": -27763742343168.0,
  "JBGDCHJPIIC": -3.639111586077905e-30,
  "EEAKEDPDCJG": 4.3115333319146334e-39
}