{
  "BBHHJLCDNIM": 3.417125944518708e-37,
  "EIMENBDKDMH": 3.8204286669135007e-38,
  "PAFANEIADDO": -1.7748254918152783e-23,
  "LDNPKHJCOCM": 1.6873163075053211e-18,
  "CEMPONIMEHH": -8.194410392525332e+33,
  "NMOHDNCFKIB": -530464352.0,
  "AAIIJGOENCL": 7.95759282571834e-39
}