{
  "reApplyModifierOnStateChange": true,
  "FDAAMLIPKAK": {
    "$type": "OIIGKGHJIPI",
    "COKBNPLACLL": {
      "y": 2.369564314087665e-38,
      "z": -5536.1640625
    },
    "FDCMEIPFJIB": {
      "x": -6.51334793086988e-27,
      "y": -2.387733830235793e-38
    },
    "JNAKJHFKOHG": {
      "x": -7520461428621312.0,
      "z": 1.6845429229187923e-40
    }
  }
}