{
  "CEONGBKFEOF": 3.417134240205617e-37,
  "PFABOKGLDKN": 3.8204286669135007e-38,
  "HFGMPCFBENB": -1.775994899221178e-23,
  "LNOCFLGCEJI": 4.107934458363275e-15,
  "NLIDJNDEGKJ": -2.285699164685203e+24,
  "DDHKPAIHJBA": -0.02375928871333599,
  "EGDMGEKJLGM": 6.293196370821145e-39
}