{
  "CNHAHGIFHFJ": 3.4171286350117596e-37,
  "GHELMLGCCFD": 3.8204286669135007e-38,
  "ONOBDKKIFEB": -1.7751965719850943e-23,
  "KNDKPFBCILC": 3.767709255686147e-18,
  "CLEEHOPHMLJ": -3.848913150979498e+23,
  "JBGDCHJPIIC": -8.133353951847738e+33,
  "EEAKEDPDCJG": 7.524763959953083e-39
}