{
  "LLICGJHIGME": 3.4171732523548637e-37,
  "OJLPFPNFMDJ": 3.8204286669135007e-38,
  "JFBDDDBIHDE": -1.7774274706250593e-23,
  "DFHLPPNLGIE": 2.1649786049191336e-14,
  "GNJEAKAKLHD": -31749471993856.0,
  "EHAGCHIFFHA": -2.1087847148034084e-28,
  "PIJHGEOHOOO": 7.955647823449857e-40
}