{
  "CEONGBKFEOF": 3.41713648228316e-37,
  "PFABOKGLDKN": 3.8204286669135007e-38,
  "HFGMPCFBENB": -1.7762940352764377e-23,
  "LNOCFLGCEJI": 1.4322314086665303e-14,
  "NLIDJNDEGKJ": -5.633099971486118e-20,
  "DDHKPAIHJBA": -1.2818566064512088e+21,
  "EGDMGEKJLGM": 4.0958847086427586e-39
}