{
  "CEONGBKFEOF": 3.417118994078325e-37,
  "PFABOKGLDKN": 3.8204286669135007e-38,
  "HFGMPCFBENB": -1.7738315270746998e-23,
  "LNOCFLGCEJI": 5.1958299856554786e-24,
  "NLIDJNDEGKJ": -3.0266396020488262e+31,
  "DDHKPAIHJBA": -339.08441162109375,
  "EGDMGEKJLGM": 7.844973270737483e-40
}