{
  "DLGHEDFAPFM": 3.4171187698705707e-37,
  "PMBELMMHLLB": 3.8204286669135007e-38,
  "ADNDDHNGBFD": -1.7738157498565954e-23,
  "LAEIMMCMNOB": 5.1958299856554786e-24,
  "JDMCGIEPPMA": -4.1086433075373284e+23,
  "IBIGJHDOMFN": -464332.28125,
  "NBKJDFEFKOO": 1.1458882773874185e-38
}