{
  "IJCJOBFNJKP": 3.4170802061368325e-37,
  "HDKJCEFLNLE": 3.8204286669135007e-38,
  "KNALCPIMJOF": -1.7672448540604665e-23,
  "LFJLALGECIM": 3.489769972264859e-24,
  "PIGAJKDPNGF": -4.7047916822870815e-24,
  "IFHLCCHJIDB": -2.0214711184962653e-05,
  "POMIDFDMEPA": 1.1649989055841875e-39
}