{
  "CEONGBKFEOF": 3.4171138372999763e-37,
  "PFABOKGLDKN": 3.8204286669135007e-38,
  "HFGMPCFBENB": -1.767935265124716e-23,
  "LNOCFLGCEJI": 4.4978963438138615e-24,
  "NLIDJNDEGKJ": -2.010767161628379e+21,
  "DDHKPAIHJBA": -6.696493155504887e-21,
  "EGDMGEKJLGM": 6.956437940478403e-39
}