{
  "forceTriggerWhenChangeAuthority": true,
  "CGPGHBGMAMB": {
    "$type": "GGIJFBGEOOH",
    "LLBFCODGHCP": {
      "x": 2.369564314087665e-38,
      "y": -9.516995118799171e-35,
      "z": 2.398748316425079e-38
    },
    "IMLCPILBGJF": {
      "x": -4.320014818132261e+37,
      "y": -5.5361048885547836e-33,
      "z": 1.1118890530514847e-10
    }
  }
}