{
  "velocityForce": {},
  "speed": 3.4171214603636223e-37,
  "maxSpeed": 3.8204286669135007e-38,
  "anglerVelocity": -1.7741868300264114e-23,
  "GLMOEEENGIL": {
    "$type": "GBIFIMOKFDD",
    "angularVelocity": {
      "y": -2.5145751495313944e+27
    }
  },
  "syncToRemote": true,
  "gravityOfAcceleration": -2.190203923866577e+36,
  "airResistance": 1.7095841264762768e-40
}