{
  "velocityForce": {},
  "speed": 3.4171407422304914e-37,
  "maxSpeed": 3.8204286669135007e-38,
  "anglerVelocity": -1.7768967250080266e-23,
  "GLMOEEENGIL": {
    "$type": "GBIFIMOKFDD",
    "angularVelocity": {
      "x": -8320.0400390625,
      "y": -1.4653589949779958e-29,
      "z": -0.027085131034255028
    }
  },
  "syncToRemote": true
}