{
  "IJCJOBFNJKP": 3.417078412474798e-37,
  "HDKJCEFLNLE": 3.8204286669135007e-38,
  "KNALCPIMJOF": -1.7669974672805892e-23,
  "LFJLALGECIM": 3.489769972264859e-24,
  "PIGAJKDPNGF": -1.3684206392354425e-38,
  "IFHLCCHJIDB": -4.212879693895737e-27,
  "POMIDFDMEPA": 5.961622529491071e-39
}