{
  "forceTriggerWhenChangeAuthority": true,
  "KJKCDJGKBCE": [
    {
      "ICKMNFKCMLC": 2.404407880662794e-38
    },
    {
      "duration": -1.4282273280707969e-12
    },
    {
      "duration": -2.4846450541953585e-32,
      "ICKMNFKCMLC": -4.3013563508890415e-22,
      "DEMHFCAMFNO": {
        "x": -511.7967834472656,
        "y": 7.994831491628693e-38
      }
    },
    {}
  ]
}