{
  "DLGHEDFAPFM": 3.417127289765234e-37,
  "PMBELMMHLLB": 3.8204286669135007e-38,
  "ADNDDHNGBFD": -1.7750009344805995e-23,
  "LAEIMMCMNOB": 3.767709255686147e-18,
  "JDMCGIEPPMA": -3.242767653567201e+17,
  "IBIGJHDOMFN": -5.738706863460845e-23,
  "NBKJDFEFKOO": 1.099903827501521e-38
}