{
  "velocityForce": {},
  "speed": 3.417118097247308e-37,
  "maxSpeed": 3.8204286669135007e-38,
  "anglerVelocity": -1.7737078336847612e-23,
  "GLMOEEENGIL": {
    "$type": "GBIFIMOKFDD",
    "angularVelocity": {
      "x": -34078816.0
    }
  },
  "syncToRemote": true,
  "guidanceDelay": -2.3724997542470712e+31,
  "guidanceMinAnglerVelocity": 1.8102534081533717e-40
}