{
  "CEONGBKFEOF": 3.417079085098061e-37,
  "PFABOKGLDKN": 3.8204286669135007e-38,
  "HFGMPCFBENB": -1.7670851886132497e-23,
  "LNOCFLGCEJI": 3.489769972264859e-24,
  "NLIDJNDEGKJ": -1.303446936248317e+24,
  "DDHKPAIHJBA": -2.580948077479661e-08,
  "EGDMGEKJLGM": 4.9223957662738936e-39
}