{
  "BBHHJLCDNIM": 3.417179530171984e-37,
  "EIMENBDKDMH": 3.8204286669135007e-38,
  "PAFANEIADDO": -1.7783135191938035e-23,
  "LDNPKHJCOCM": 2.346567939959243e-10,
  "CEMPONIMEHH": -1115750400.0,
  "NMOHDNCFKIB": -76115.234375,
  "AAIIJGOENCL": 7.059359108787668e-39
}