{
  "IJCJOBFNJKP": 3.417125720310954e-37,
  "HDKJCEFLNLE": 3.8204286669135007e-38,
  "KNALCPIMJOF": -1.7747895197580002e-23,
  "LFJLALGECIM": 1.6873163075053211e-18,
  "PIGAJKDPNGF": -393006284800.0,
  "IFHLCCHJIDB": -492466592.0,
  "POMIDFDMEPA": 6.860949259223917e-39
}