{
  "BBHHJLCDNIM": 3.4171156309620107e-37,
  "EIMENBDKDMH": 3.8204286669135007e-38,
  "PAFANEIADDO": -1.7733727255722233e-23,
  "LDNPKHJCOCM": 4.4978963438138615e-24,
  "CEMPONIMEHH": -2.038461393329507e+33,
  "NMOHDNCFKIB": -2.775815732952343e-22,
  "AAIIJGOENCL": 9.27249423322521e-39
}