{
  "LLICGJHIGME": 3.4171315497125654e-37,
  "OJLPFPNFMDJ": 3.8204286669135007e-38,
  "JFBDDDBIHDE": -1.7756036242121883e-23,
  "DFHLPPNLGIE": 5.122961971293028e-18,
  "GNJEAKAKLHD": -102808632164352.0,
  "EHAGCHIFFHA": -2.8252138876574987e-34,
  "PIJHGEOHOOO": 9.886630100797133e-39
}