{
  "BBHHJLCDNIM": 3.4170824482143754e-37,
  "EIMENBDKDMH": 3.8204286669135007e-38,
  "PAFANEIADDO": -1.7675641849549e-23,
  "LDNPKHJCOCM": 4.368649373102451e-24,
  "CEMPONIMEHH": -31005343744.0,
  "NMOHDNCFKIB": -7.908447939255599e+18,
  "AAIIJGOENCL": 1.9101295548996587e-39
}