{
  "reApplyModifierOnStateChange": true,
  "JDEFONKJCDD": {
    "$type": "OADMJAPBEJL",
    "MLOBIACKMBJ": {
      "x": 2.369564314087665e-38,
      "y": -2.038434158648643e+33,
      "z": 2.3987480361653863e-38
    },
    "LAGNHLBINMC": {
      "x": -6.679323760749867e-12,
      "y": -1.9049076552257738e-11,
      "z": 9.333355428127766e-39
    }
  }
}