{
  "DLGHEDFAPFM": 3.417081999798867e-37,
  "PMBELMMHLLB": 3.8204286669135007e-38,
  "ADNDDHNGBFD": -1.7674922408403438e-23,
  "LAEIMMCMNOB": 4.368649373102451e-24,
  "JDMCGIEPPMA": -9.656415876753812e+28,
  "IBIGJHDOMFN": -9.813882695998986e+30,
  "NBKJDFEFKOO": 4.4029372281456126e-39
}