{
  "velocityForce": {},
  "speed": 3.4171824448727897e-37,
  "maxSpeed": 3.8204286669135007e-38,
  "anglerVelocity": -1.783890450249354e-23,
  "GLMOEEENGIL": {
    "$type": "GBIFIMOKFDD",
    "angularVelocity": {
      "x": -4.320014818132261e+37,
      "y": -5.5361048885547836e-33,
      "z": 1.1118890530514847e-10
    }
  },
  "syncToRemote": false
}