{
  "CNHAHGIFHFJ": 3.4171154067542564e-37,
  "GHELMLGCCFD": 3.8204286669135007e-38,
  "ONOBDKKIFEB": -1.7733367535149452e-23,
  "KNDKPFBCILC": 4.4978963438138615e-24,
  "CLEEHOPHMLJ": -6.594058632458655e-12,
  "JBGDCHJPIIC": -1.53295107081231e-33,
  "EEAKEDPDCJG": 8.600186262503771e-39
}