{
  "CEONGBKFEOF": 3.4171308770893025e-37,
  "PFABOKGLDKN": 3.8204286669135007e-38,
  "HFGMPCFBENB": -1.7755159028795277e-23,
  "LNOCFLGCEJI": 5.122961971293028e-18,
  "NLIDJNDEGKJ": -7.206040878769504e+18,
  "DDHKPAIHJBA": -25688.388671875,
  "EGDMGEKJLGM": 3.751179299403497e-39
}