{
  "IJCJOBFNJKP": 3.4171385001529484e-37,
  "HDKJCEFLNLE": 3.8204286669135007e-38,
  "KNALCPIMJOF": -1.776577394113593e-23,
  "LFJLALGECIM": 1.5210492506365428e-14,
  "PIGAJKDPNGF": -8.638335060961181e-29,
  "IFHLCCHJIDB": -1.8823242498910986e-05,
  "POMIDFDMEPA": 8.430773482062294e-39
}