{
  "BBHHJLCDNIM": 3.41713962119172e-37,
  "EIMENBDKDMH": 3.8204286669135007e-38,
  "PAFANEIADDO": -1.77673705956081e-23,
  "LDNPKHJCOCM": 1.7319916253153225e-14,
  "CEMPONIMEHH": -5.7193782180978495e-18,
  "NMOHDNCFKIB": -1.649349118458643e-23,
  "AAIIJGOENCL": 7.984206286152797e-39
}