{
  "LLICGJHIGME": 3.4171369306986684e-37,
  "OJLPFPNFMDJ": 3.8204286669135007e-38,
  "JFBDDDBIHDE": -1.776365979390994e-23,
  "DFHLPPNLGIE": 1.4322314086665303e-14,
  "GNJEAKAKLHD": -1.3959632366342904e-18,
  "EHAGCHIFFHA": -3.3080762896626205e+25,
  "PIJHGEOHOOO": 9.7175298099132e-39
}