{
  "LLICGJHIGME": 3.4171156309620107e-37,
  "OJLPFPNFMDJ": 3.8204286669135007e-38,
  "JFBDDDBIHDE": -1.7733727255722233e-23,
  "DFHLPPNLGIE": 4.4978963438138615e-24,
  "GNJEAKAKLHD": -2.038461393329507e+33,
  "EHAGCHIFFHA": -2.775815732952343e-22,
  "PIJHGEOHOOO": 9.27249423322521e-39
}