{
  "LLICGJHIGME": 3.4171324465435826e-37,
  "OJLPFPNFMDJ": 3.8204286669135007e-38,
  "JFBDDDBIHDE": -1.775727317602127e-23,
  "DFHLPPNLGIE": 5.122961971293028e-18,
  "GNJEAKAKLHD": -7.792365865336757e+22,
  "EHAGCHIFFHA": -1.990512924865822e+24,
  "PIJHGEOHOOO": 6.878276314735293e-39
}