{
  "BBHHJLCDNIM": 3.4171385001529484e-37,
  "EIMENBDKDMH": 3.8204286669135007e-38,
  "PAFANEIADDO": -1.776577394113593e-23,
  "LDNPKHJCOCM": 1.5210492506365428e-14,
  "CEMPONIMEHH": -8.638335060961181e-29,
  "NMOHDNCFKIB": -1.8823242498910986e-05,
  "AAIIJGOENCL": 8.430773482062294e-39
}