{
  "LLICGJHIGME": 3.4171279623884967e-37,
  "OJLPFPNFMDJ": 3.8204286669135007e-38,
  "JFBDDDBIHDE": -1.7751088506524337e-23,
  "DFHLPPNLGIE": 3.767709255686147e-18,
  "GNJEAKAKLHD": -30.0009765625,
  "EHAGCHIFFHA": -9.228014713403247e+27,
  "PIJHGEOHOOO": 9.340214784110636e-39
}