{
  "DLGHEDFAPFM": 3.4171286350117596e-37,
  "PMBELMMHLLB": 3.8204286669135007e-38,
  "ADNDDHNGBFD": -1.7751965719850943e-23,
  "LAEIMMCMNOB": 3.767709255686147e-18,
  "JDMCGIEPPMA": -3.848913150979498e+23,
  "IBIGJHDOMFN": -8.133353951847738e+33,
  "NBKJDFEFKOO": 7.524763959953083e-39
}