{
  "CNHAHGIFHFJ": 3.4170817755911126e-37,
  "GHELMLGCCFD": 3.8204286669135007e-38,
  "ONOBDKKIFEB": -1.7674764636222394e-23,
  "KNDKPFBCILC": 4.368649373102451e-24,
  "CLEEHOPHMLJ": -386563833856.0,
  "JBGDCHJPIIC": -6703073.0,
  "EEAKEDPDCJG": 4.040362460889281e-39
}