{
  "BBHHJLCDNIM": 3.417171234485075e-37,
  "EIMENBDKDMH": 3.8204286669135007e-38,
  "PAFANEIADDO": -1.777144111787904e-23,
  "LDNPKHJCOCM": 2.486943282060429e-14,
  "CEMPONIMEHH": -27763742343168.0,
  "NMOHDNCFKIB": -3.639111586077905e-30,
  "AAIIJGOENCL": 4.3115333319146334e-39
}