{
  "reApplyModifierOnStateChange": true,
  "JDEFONKJCDD": {
    "$type": "OADMJAPBEJL",
    "PIOGPLBCLCP": {
      "y": 2.369564314087665e-38,
      "z": -3.053542513452123e-25
    },
    "MLOBIACKMBJ": {
      "x": -4.070842456793675e-28,
      "y": -2.5145751495313944e+27
    },
    "LAGNHLBINMC": {
      "y": -2.190203923866577e+36,
      "z": 1.7095841264762768e-40
    }
  }
}