{
  "CNHAHGIFHFJ": 3.4171378275296856e-37,
  "GHELMLGCCFD": 3.8204286669135007e-38,
  "ONOBDKKIFEB": -1.7764896727809326e-23,
  "KNDKPFBCILC": 1.5210492506365428e-14,
  "CLEEHOPHMLJ": -0.00010300055146217346,
  "JBGDCHJPIIC": -76.29242706298828,
  "EEAKEDPDCJG": 8.059357922794537e-40
}