{
  "DLGHEDFAPFM": 3.417130428673794e-37,
  "PMBELMMHLLB": 3.8204286669135007e-38,
  "ADNDDHNGBFD": -1.7754439587649716e-23,
  "LAEIMMCMNOB": 5.122961971293028e-18,
  "JDMCGIEPPMA": -0.0059816837310791016,
  "IBIGJHDOMFN": -1.2917248604929578e+26,
  "NBKJDFEFKOO": 8.530634214525473e-39
}