{
  "BBHHJLCDNIM": 3.417115182546502e-37,
  "EIMENBDKDMH": 3.8204286669135007e-38,
  "PAFANEIADDO": -1.773300781457667e-23,
  "LDNPKHJCOCM": 4.4978963438138615e-24,
  "CEMPONIMEHH": -7.022377471188612e-15,
  "NMOHDNCFKIB": -0.0309576615691185,
  "AAIIJGOENCL": 5.415678049088587e-39
}