{
  "BBHHJLCDNIM": 3.4170817755911126e-37,
  "EIMENBDKDMH": 3.8204286669135007e-38,
  "PAFANEIADDO": -1.7674764636222394e-23,
  "LDNPKHJCOCM": 4.368649373102451e-24,
  "CEMPONIMEHH": -386563833856.0,
  "NMOHDNCFKIB": -6703073.0,
  "AAIIJGOENCL": 4.040362460889281e-39
}