{
  "LLICGJHIGME": 3.4171371549064227e-37,
  "OJLPFPNFMDJ": 3.8204286669135007e-38,
  "JFBDDDBIHDE": -1.776401951448272e-23,
  "DFHLPPNLGIE": 1.4322314086665303e-14,
  "GNJEAKAKLHD": -371212288.0,
  "EHAGCHIFFHA": -5.752094060446554e-36,
  "PIJHGEOHOOO": 1.0370882416307718e-38
}