{
  "reApplyModifierOnStateChange": true,
  "JDEFONKJCDD": {
    "$type": "OADMJAPBEJL",
    "PIOGPLBCLCP": {
      "y": 2.369564314087665e-38,
      "z": -387082.5
    },
    "MLOBIACKMBJ": {
      "x": -6.51334793086988e-27,
      "y": -2.387733830235793e-38
    },
    "LAGNHLBINMC": {
      "y": -1.6687708883132772e-38,
      "z": 1.6310973994894438e-40
    }
  }
}