{
  "LLICGJHIGME": 3.4171277381807424e-37,
  "OJLPFPNFMDJ": 3.8204286669135007e-38,
  "JFBDDDBIHDE": -1.7750728785951556e-23,
  "DFHLPPNLGIE": 3.767709255686147e-18,
  "GNJEAKAKLHD": -3.153404662071649e+31,
  "EHAGCHIFFHA": -5.873406563696162e+23,
  "PIJHGEOHOOO": 5.945524412732908e-39
}