{
  "CNHAHGIFHFJ": 3.4171295318427768e-37,
  "GHELMLGCCFD": 3.8204286669135007e-38,
  "ONOBDKKIFEB": -1.775320265375033e-23,
  "KNDKPFBCILC": 3.767709255686147e-18,
  "CLEEHOPHMLJ": -1.0408882956947085e-15,
  "JBGDCHJPIIC": -0.00768170366063714,
  "EEAKEDPDCJG": 1.0629908233542767e-38
}