{
  "velocityForce": {},
  "speed": 3.4171245992721823e-37,
  "maxSpeed": 3.8204286669135007e-38,
  "anglerVelocity": -1.7746298543107835e-23,
  "AFNAKLCPGNF": {
    "$type": "EIIKGAHLKAH",
    "angularVelocity": {
      "x": -3.836937629210357e+22
    }
  },
  "syncToRemote": true,
  "itanoCircusStartAngler": -137831783596032.0,
  "guidanceDelay": 1.5774556942750898e-40
}