{
  "IJCJOBFNJKP": 3.417170337654058e-37,
  "HDKJCEFLNLE": 3.8204286669135007e-38,
  "KNALCPIMJOF": -1.7770204183979653e-23,
  "LFJLALGECIM": 5.995379160576159e-14,
  "PIGAJKDPNGF": -2.2738255722742906e-11,
  "IFHLCCHJIDB": -1.3919254544015191e+29,
  "POMIDFDMEPA": 3.024712544334368e-39
}