{
  "DLGHEDFAPFM": 3.4171194424938336e-37,
  "PMBELMMHLLB": 3.8204286669135007e-38,
  "ADNDDHNGBFD": -1.773903471189256e-23,
  "LAEIMMCMNOB": 5.1958299856554786e-24,
  "JDMCGIEPPMA": -3.660018491664712e+23,
  "IBIGJHDOMFN": -1.733585577312624e-06,
  "NBKJDFEFKOO": 7.880986641270631e-39
}