{
  "velocityForce": {},
  "speed": 3.4171409664382457e-37,
  "maxSpeed": 3.8204286669135007e-38,
  "anglerVelocity": -1.7769326970653047e-23,
  "AFNAKLCPGNF": {
    "$type": "EIIKGAHLKAH",
    "angularVelocity": {
      "x": -8724194304.0,
      "y": -1.5531987324278438e+27,
      "z": 106239328.0
    }
  },
  "syncToRemote": false
}