{
  "LLICGJHIGME": 3.417115182546502e-37,
  "OJLPFPNFMDJ": 3.8204286669135007e-38,
  "JFBDDDBIHDE": -1.773300781457667e-23,
  "DFHLPPNLGIE": 4.4978963438138615e-24,
  "GNJEAKAKLHD": -7.022377471188612e-15,
  "EHAGCHIFFHA": -0.0309576615691185,
  "PIJHGEOHOOO": 5.415678049088587e-39
}