{
  "CEONGBKFEOF": 3.4171353612443884e-37,
  "PFABOKGLDKN": 3.8204286669135007e-38,
  "HFGMPCFBENB": -1.776134369829221e-23,
  "LNOCFLGCEJI": 4.107934458363275e-15,
  "NLIDJNDEGKJ": -3.1469937766814837e-10,
  "DDHKPAIHJBA": -2.7064864966594898e-20,
  "EGDMGEKJLGM": 3.359851288957684e-39
}