{
  "IJCJOBFNJKP": 3.417079757721324e-37,
  "HDKJCEFLNLE": 3.8204286669135007e-38,
  "KNALCPIMJOF": -1.767193104785084e-23,
  "LFJLALGECIM": 3.489769972264859e-24,
  "PIGAJKDPNGF": -3.1082352260872273e-28,
  "IFHLCCHJIDB": -9.149446173693065e-32,
  "POMIDFDMEPA": 5.2313512490913006e-39
}