{
  "CEONGBKFEOF": 3.4171324465435826e-37,
  "PFABOKGLDKN": 3.8204286669135007e-38,
  "HFGMPCFBENB": -1.775727317602127e-23,
  "LNOCFLGCEJI": 5.122961971293028e-18,
  "NLIDJNDEGKJ": -7.792365865336757e+22,
  "DDHKPAIHJBA": -1.990512924865822e+24,
  "EGDMGEKJLGM": 6.878276314735293e-39
}