{
  "velocityForce": {},
  "speed": 3.417141190646e-37,
  "maxSpeed": 3.8204286669135007e-38,
  "anglerVelocity": -1.7769686691225828e-23,
  "DPAAFHNMHHN": {
    "$type": "GNJNGGEPACE",
    "angularVelocity": {
      "x": -130.00062561035156,
      "y": -462662.5625,
      "z": 1.1290068239547455e-18
    }
  },
  "syncToRemote": false
}