{
  "IJCJOBFNJKP": 3.4171302044660396e-37,
  "HDKJCEFLNLE": 3.8204286669135007e-38,
  "KNALCPIMJOF": -1.7754079867076935e-23,
  "LFJLALGECIM": 5.122961971293028e-18,
  "PIGAJKDPNGF": -0.015625953674316406,
  "IFHLCCHJIDB": -9.562168270349503e-05,
  "POMIDFDMEPA": 5.0181899305936024e-39
}