{
  "BBHHJLCDNIM": 3.4171308770893025e-37,
  "EIMENBDKDMH": 3.8204286669135007e-38,
  "PAFANEIADDO": -1.7755159028795277e-23,
  "LDNPKHJCOCM": 5.122961971293028e-18,
  "CEMPONIMEHH": -7.206040878769504e+18,
  "NMOHDNCFKIB": -25688.388671875,
  "AAIIJGOENCL": 3.751179299403497e-39
}