{
  "IJCJOBFNJKP": 3.4171802027952467e-37,
  "HDKJCEFLNLE": 3.8204286669135007e-38,
  "KNALCPIMJOF": -1.7784214353656378e-23,
  "LFJLALGECIM": 2.346567939959243e-10,
  "PIGAJKDPNGF": -2.3832623565915855e+33,
  "IFHLCCHJIDB": -2.2728255898599144e-20,
  "POMIDFDMEPA": 2.1103821119439967e-39
}