{
  "CNHAHGIFHFJ": 3.4171391727762113e-37,
  "GHELMLGCCFD": 3.8204286669135007e-38,
  "ONOBDKKIFEB": -1.7766853102854274e-23,
  "KNDKPFBCILC": 1.7319916253153225e-14,
  "CLEEHOPHMLJ": -112210214912.0,
  "JBGDCHJPIIC": -0.0002933646901510656,
  "EEAKEDPDCJG": 8.047793006568464e-39
}