{
  "LLICGJHIGME": 3.4171194424938336e-37,
  "OJLPFPNFMDJ": 3.8204286669135007e-38,
  "JFBDDDBIHDE": -1.773903471189256e-23,
  "DFHLPPNLGIE": 5.1958299856554786e-24,
  "GNJEAKAKLHD": -3.660018491664712e+23,
  "EHAGCHIFFHA": -1.733585577312624e-06,
  "PIJHGEOHOOO": 7.880986641270631e-39
}