{
  "IJCJOBFNJKP": 3.4171154067542564e-37,
  "HDKJCEFLNLE": 3.8204286669135007e-38,
  "KNALCPIMJOF": -1.7733367535149452e-23,
  "LFJLALGECIM": 4.4978963438138615e-24,
  "PIGAJKDPNGF": -6.594058632458655e-12,
  "IFHLCCHJIDB": -1.53295107081231e-33,
  "POMIDFDMEPA": 8.600186262503771e-39
}