{
  "DLGHEDFAPFM": 3.417177288094441e-37,
  "PMBELMMHLLB": 3.8204286669135007e-38,
  "ADNDDHNGBFD": -1.7780143831385437e-23,
  "LAEIMMCMNOB": 3.074163701377586e-10,
  "JDMCGIEPPMA": -1.2509648684947027e+20,
  "IBIGJHDOMFN": -3.230850708458701e+16,
  "NBKJDFEFKOO": 1.6206521207363666e-39
}