{
  "DLGHEDFAPFM": 3.417134240205617e-37,
  "PMBELMMHLLB": 3.8204286669135007e-38,
  "ADNDDHNGBFD": -1.775994899221178e-23,
  "LAEIMMCMNOB": 4.107934458363275e-15,
  "JDMCGIEPPMA": -2.285699164685203e+24,
  "IBIGJHDOMFN": -0.02375928871333599,
  "NBKJDFEFKOO": 6.293196370821145e-39
}