{
  "velocityForce": {},
  "speed": 3.417079085098061e-37,
  "maxSpeed": 3.8204286669135007e-38,
  "anglerVelocity": -1.7670851886132497e-23,
  "GLMOEEENGIL": {
    "$type": "GBIFIMOKFDD",
    "angularVelocity": {
      "x": -6.259289951673779e-33,
      "y": -1.6181610207636357e+18,
      "z": 1.1447029919509077e-06
    }
  },
  "syncToRemote": false
}