{
  "IJCJOBFNJKP": 3.4170788608903068e-37,
  "HDKJCEFLNLE": 3.8204286669135007e-38,
  "KNALCPIMJOF": -1.7670694113951453e-23,
  "LFJLALGECIM": 3.489769972264859e-24,
  "PIGAJKDPNGF": -2128723230851072.0,
  "IFHLCCHJIDB": -6.533971830860651e-32,
  "POMIDFDMEPA": 9.060330639234111e-39
}