{
  "CEONGBKFEOF": 3.417170337654058e-37,
  "PFABOKGLDKN": 3.8204286669135007e-38,
  "HFGMPCFBENB": -1.7770204183979653e-23,
  "LNOCFLGCEJI": 5.995379160576159e-14,
  "NLIDJNDEGKJ": -2.2738255722742906e-11,
  "DDHKPAIHJBA": -1.3919254544015191e+29,
  "EGDMGEKJLGM": 3.024712544334368e-39
}