{
  "CNHAHGIFHFJ": 3.417139845399474e-37,
  "GHELMLGCCFD": 3.8204286669135007e-38,
  "ONOBDKKIFEB": -1.776773031618088e-23,
  "KNDKPFBCILC": 1.7319916253153225e-14,
  "CLEEHOPHMLJ": -0.020752906799316406,
  "JBGDCHJPIIC": -1735764.25,
  "EEAKEDPDCJG": 1.0058790827527152e-38
}