{
  "DLGHEDFAPFM": 3.4171385001529484e-37,
  "PMBELMMHLLB": 3.8204286669135007e-38,
  "ADNDDHNGBFD": -1.776577394113593e-23,
  "LAEIMMCMNOB": 1.5210492506365428e-14,
  "JDMCGIEPPMA": -8.638335060961181e-29,
  "IBIGJHDOMFN": -1.8823242498910986e-05,
  "NBKJDFEFKOO": 8.430773482062294e-39
}