{
  "CEONGBKFEOF": 3.4171279623884967e-37,
  "PFABOKGLDKN": 3.8204286669135007e-38,
  "HFGMPCFBENB": -1.7751088506524337e-23,
  "LNOCFLGCEJI": 3.767709255686147e-18,
  "NLIDJNDEGKJ": -30.0009765625,
  "DDHKPAIHJBA": -9.228014713403247e+27,
  "EGDMGEKJLGM": 9.340214784110636e-39
}