{
  "CEONGBKFEOF": 3.417175046016898e-37,
  "PFABOKGLDKN": 3.8204286669135007e-38,
  "HFGMPCFBENB": -1.7776950522441103e-23,
  "LNOCFLGCEJI": 5.3517317590044745e-27,
  "NLIDJNDEGKJ": -2.2224907535047608e-38,
  "DDHKPAIHJBA": -360087683072.0,
  "EGDMGEKJLGM": 7.988550311392204e-39
}