{
  "LLICGJHIGME": 3.417128859219514e-37,
  "OJLPFPNFMDJ": 3.8204286669135007e-38,
  "JFBDDDBIHDE": -1.7752325440423724e-23,
  "DFHLPPNLGIE": 3.767709255686147e-18,
  "GNJEAKAKLHD": -3.2542438270311124e-30,
  "EHAGCHIFFHA": -8.008717858195448e-23,
  "PIJHGEOHOOO": 8.071358642843014e-39
}