{
  "DLGHEDFAPFM": 3.4171133888844677e-37,
  "PMBELMMHLLB": 3.8204286669135007e-38,
  "ADNDDHNGBFD": -1.7678835158493334e-23,
  "LAEIMMCMNOB": 4.4978963438138615e-24,
  "JDMCGIEPPMA": -6.007145314115368e+24,
  "IBIGJHDOMFN": -3.7748403968826415e-33,
  "NBKJDFEFKOO": 3.3562933921567634e-39
}