{
  "IJCJOBFNJKP": 3.4171391727762113e-37,
  "HDKJCEFLNLE": 3.8204286669135007e-38,
  "KNALCPIMJOF": -1.7766853102854274e-23,
  "LFJLALGECIM": 1.7319916253153225e-14,
  "PIGAJKDPNGF": -112210214912.0,
  "IFHLCCHJIDB": -0.0002933646901510656,
  "POMIDFDMEPA": 8.047793006568464e-39
}