{
  "IJCJOBFNJKP": 3.4171138372999763e-37,
  "HDKJCEFLNLE": 3.8204286669135007e-38,
  "KNALCPIMJOF": -1.767935265124716e-23,
  "LFJLALGECIM": 4.4978963438138615e-24,
  "PIGAJKDPNGF": -2.010767161628379e+21,
  "IFHLCCHJIDB": -6.696493155504887e-21,
  "POMIDFDMEPA": 6.956437940478403e-39
}