{
  "IJCJOBFNJKP": 3.4171353612443884e-37,
  "HDKJCEFLNLE": 3.8204286669135007e-38,
  "KNALCPIMJOF": -1.776134369829221e-23,
  "LFJLALGECIM": 4.107934458363275e-15,
  "PIGAJKDPNGF": -3.1469937766814837e-10,
  "IFHLCCHJIDB": -2.7064864966594898e-20,
  "POMIDFDMEPA": 3.359851288957684e-39
}