{
  "velocityForce": {},
  "speed": 3.417080654552341e-37,
  "maxSpeed": 3.8204286669135007e-38,
  "anglerVelocity": -1.7673167981750226e-23,
  "DPAAFHNMHHN": {
    "$type": "GNJNGGEPACE",
    "angularVelocity": {
      "x": -1.8474163171466884e-12,
      "y": -100619.640625,
      "z": -2.9402328743653436e-19
    }
  },
  "syncToRemote": true
}