{
  "CEONGBKFEOF": 3.417138275945194e-37,
  "PFABOKGLDKN": 3.8204286669135007e-38,
  "HFGMPCFBENB": -1.7765616168954887e-23,
  "LNOCFLGCEJI": 1.5210492506365428e-14,
  "NLIDJNDEGKJ": -7.755133787046723e-26,
  "DDHKPAIHJBA": -1.5872332049838865e-24,
  "EGDMGEKJLGM": 1.5364060570611586e-39
}