{
  "BBHHJLCDNIM": 3.4171277381807424e-37,
  "EIMENBDKDMH": 3.8204286669135007e-38,
  "PAFANEIADDO": -1.7750728785951556e-23,
  "LDNPKHJCOCM": 3.767709255686147e-18,
  "CEMPONIMEHH": -3.153404662071649e+31,
  "NMOHDNCFKIB": -5.873406563696162e+23,
  "AAIIJGOENCL": 5.945524412732908e-39
}