{
  "LLICGJHIGME": 3.4171295318427768e-37,
  "OJLPFPNFMDJ": 3.8204286669135007e-38,
  "JFBDDDBIHDE": -1.775320265375033e-23,
  "DFHLPPNLGIE": 3.767709255686147e-18,
  "GNJEAKAKLHD": -1.0408882956947085e-15,
  "EHAGCHIFFHA": -0.00768170366063714,
  "PIJHGEOHOOO": 1.0629908233542767e-38
}