{
  "velocityForce": {},
  "speed": 3.417135137036634e-37,
  "maxSpeed": 3.8204286669135007e-38,
  "anglerVelocity": -1.7761185926111166e-23,
  "GLMOEEENGIL": {
    "$type": "GBIFIMOKFDD",
    "angularVelocity": {
      "z": -3.659191447610982e+16
    }
  },
  "syncToRemote": true,
  "radius": -3.207501267626228e-13,
  "randomBackAngleAdded": 1.44087113295735e-40
}