{
  "velocityForce": {},
  "speed": 3.4170799819290782e-37,
  "maxSpeed": 3.8204286669135007e-38,
  "anglerVelocity": -1.7672088820031884e-23,
  "BEDFAMLDJHL": {
    "$type": "GPPPKGINKKB",
    "angularVelocity": {
      "x": -1.025522065682232e-28,
      "y": -2.0178822725788721e+24,
      "z": -120269.4765625
    }
  },
  "syncToRemote": true
}