{
  "LLICGJHIGME": 3.4171187698705707e-37,
  "OJLPFPNFMDJ": 3.8204286669135007e-38,
  "JFBDDDBIHDE": -1.7738157498565954e-23,
  "DFHLPPNLGIE": 5.1958299856554786e-24,
  "GNJEAKAKLHD": -4.1086433075373284e+23,
  "EHAGCHIFFHA": -464332.28125,
  "PIJHGEOHOOO": 1.1458882773874185e-38
}