{
  "CEONGBKFEOF": 3.4170795335135697e-37,
  "PFABOKGLDKN": 3.8204286669135007e-38,
  "HFGMPCFBENB": -1.767157132727806e-23,
  "LNOCFLGCEJI": 3.489769972264859e-24,
  "NLIDJNDEGKJ": -8120434688.0,
  "DDHKPAIHJBA": -3.3211444705472104e-10,
  "EGDMGEKJLGM": 7.591048179912576e-39
}