{
  "velocityForce": {},
  "speed": 3.417125047687691e-37,
  "maxSpeed": 3.8204286669135007e-38,
  "anglerVelocity": -1.774681603586166e-23,
  "GLMOEEENGIL": {
    "$type": "GBIFIMOKFDD",
    "angularVelocity": {
      "x": -6.40951968136141e-30
    }
  },
  "syncToRemote": true,
  "straightRange": -6000421499830272.0,
  "gravityOfAcceleration": 1.401410568201963e-40
}