{
  "CNHAHGIFHFJ": 3.417177288094441e-37,
  "GHELMLGCCFD": 3.8204286669135007e-38,
  "ONOBDKKIFEB": -1.7780143831385437e-23,
  "KNDKPFBCILC": 3.074163701377586e-10,
  "CLEEHOPHMLJ": -1.2509648684947027e+20,
  "JBGDCHJPIIC": -3.230850708458701e+16,
  "EEAKEDPDCJG": 1.6206521207363666e-39
}