{
  "CNHAHGIFHFJ": 3.417138275945194e-37,
  "GHELMLGCCFD": 3.8204286669135007e-38,
  "ONOBDKKIFEB": -1.7765616168954887e-23,
  "KNDKPFBCILC": 1.5210492506365428e-14,
  "CLEEHOPHMLJ": -7.755133787046723e-26,
  "JBGDCHJPIIC": -1.5872332049838865e-24,
  "EEAKEDPDCJG": 1.5364060570611586e-39
}