{
  "velocityForce": {},
  "speed": 3.41713648228316e-37,
  "maxSpeed": 3.8204286669135007e-38,
  "anglerVelocity": -1.7762940352764377e-23,
  "AIPBEHPJBDL": {
    "$type": "OLJMJMCGBMD",
    "angularVelocity": {
      "x": -6.112599322868444e-36
    }
  },
  "syncToRemote": true,
  "destroyWhenTargetDie": true,
  "traceOnYAxis": true,
  "stickToGroundDuration": 4.0958847086427586e-39
}