{
  "LLICGJHIGME": 3.4171308770893025e-37,
  "OJLPFPNFMDJ": 3.8204286669135007e-38,
  "JFBDDDBIHDE": -1.7755159028795277e-23,
  "DFHLPPNLGIE": 5.122961971293028e-18,
  "GNJEAKAKLHD": -7.206040878769504e+18,
  "EHAGCHIFFHA": -25688.388671875,
  "PIJHGEOHOOO": 3.751179299403497e-39
}