{
  "CEONGBKFEOF": 3.4171378275296856e-37,
  "PFABOKGLDKN": 3.8204286669135007e-38,
  "HFGMPCFBENB": -1.7764896727809326e-23,
  "LNOCFLGCEJI": 1.5210492506365428e-14,
  "NLIDJNDEGKJ": -0.00010300055146217346,
  "DDHKPAIHJBA": -76.29242706298828,
  "EGDMGEKJLGM": 8.059357922794537e-40
}