{
  "CNHAHGIFHFJ": 3.417081999798867e-37,
  "GHELMLGCCFD": 3.8204286669135007e-38,
  "ONOBDKKIFEB": -1.7674922408403438e-23,
  "KNDKPFBCILC": 4.368649373102451e-24,
  "CLEEHOPHMLJ": -9.656415876753812e+28,
  "JBGDCHJPIIC": -9.813882695998986e+30,
  "EEAKEDPDCJG": 4.4029372281456126e-39
}