{
  "DLGHEDFAPFM": 3.4171353612443884e-37,
  "PMBELMMHLLB": 3.8204286669135007e-38,
  "ADNDDHNGBFD": -1.776134369829221e-23,
  "LAEIMMCMNOB": 4.107934458363275e-15,
  "JDMCGIEPPMA": -3.1469937766814837e-10,
  "IBIGJHDOMFN": -2.7064864966594898e-20,
  "NBKJDFEFKOO": 3.359851288957684e-39
}