{
  "velocityForce": {},
  "speed": 3.4171216845713765e-37,
  "maxSpeed": 3.8204286669135007e-38,
  "anglerVelocity": -1.7742228020836895e-23,
  "DPAAFHNMHHN": {
    "$type": "GNJNGGEPACE",
    "angularVelocity": {
      "y": -2080.0078125
    }
  },
  "syncToRemote": true,
  "guidanceDelay": -3.39319784013517e-16,
  "guidanceDuration": 1.6127824285607185e-40
}