{
  "LLICGJHIGME": 3.4171302044660396e-37,
  "OJLPFPNFMDJ": 3.8204286669135007e-38,
  "JFBDDDBIHDE": -1.7754079867076935e-23,
  "DFHLPPNLGIE": 5.122961971293028e-18,
  "GNJEAKAKLHD": -0.015625953674316406,
  "EHAGCHIFFHA": -9.562168270349503e-05,
  "PIJHGEOHOOO": 5.0181899305936024e-39
}