{
  "LLICGJHIGME": 3.417083793460901e-37,
  "OJLPFPNFMDJ": 3.8204286669135007e-38,
  "JFBDDDBIHDE": -1.7677598224593948e-23,
  "DFHLPPNLGIE": 4.368649373102451e-24,
  "GNJEAKAKLHD": -1.541283705943083e+29,
  "EHAGCHIFFHA": -5.812140747286918e+24,
  "PIJHGEOHOOO": 7.590630592970207e-39
}