{
  "IJCJOBFNJKP": 3.4171156309620107e-37,
  "HDKJCEFLNLE": 3.8204286669135007e-38,
  "KNALCPIMJOF": -1.7733727255722233e-23,
  "LFJLALGECIM": 4.4978963438138615e-24,
  "PIGAJKDPNGF": -2.038461393329507e+33,
  "IFHLCCHJIDB": -2.775815732952343e-22,
  "POMIDFDMEPA": 9.27249423322521e-39
}