{
  "DLGHEDFAPFM": 3.417177960717704e-37,
  "PMBELMMHLLB": 3.8204286669135007e-38,
  "ADNDDHNGBFD": -1.7781021044712043e-23,
  "LAEIMMCMNOB": 3.074163701377586e-10,
  "JDMCGIEPPMA": -1.4211409826714316e-12,
  "IBIGJHDOMFN": -1.65157665321658e-08,
  "NBKJDFEFKOO": 1.0628508336376907e-38
}