{
  "IJCJOBFNJKP": 3.417139845399474e-37,
  "HDKJCEFLNLE": 3.8204286669135007e-38,
  "KNALCPIMJOF": -1.776773031618088e-23,
  "LFJLALGECIM": 1.7319916253153225e-14,
  "PIGAJKDPNGF": -0.020752906799316406,
  "IFHLCCHJIDB": -1735764.25,
  "POMIDFDMEPA": 1.0058790827527152e-38
}