{
  "IJCJOBFNJKP": 3.4171409664382457e-37,
  "HDKJCEFLNLE": 3.8204286669135007e-38,
  "KNALCPIMJOF": -1.7769326970653047e-23,
  "LFJLALGECIM": 5.995379160576159e-14,
  "PIGAJKDPNGF": -7147094016000.0,
  "IFHLCCHJIDB": -6.725352913461435e-12,
  "POMIDFDMEPA": 7.052188664545718e-39
}