{
  "forceTriggerWhenChangeAuthority": true,
  "CGPGHBGMAMB": {
    "$type": "GGIJFBGEOOH",
    "LLBFCODGHCP": {
      "y": 2.369564314087665e-38,
      "z": -0.007721103727817535
    },
    "IMLCPILBGJF": {
      "x": -0.03149661794304848,
      "y": -6.139100927312512e+23
    },
    "BJHMIEFFLEK": {
      "y": -0.3570674657821655,
      "z": 1.4845636190749977e-40
    }
  }
}