{
  "CEONGBKFEOF": 3.417130428673794e-37,
  "PFABOKGLDKN": 3.8204286669135007e-38,
  "HFGMPCFBENB": -1.7754439587649716e-23,
  "LNOCFLGCEJI": 5.122961971293028e-18,
  "NLIDJNDEGKJ": -0.0059816837310791016,
  "DDHKPAIHJBA": -1.2917248604929578e+26,
  "EGDMGEKJLGM": 8.530634214525473e-39
}