{
  "LLICGJHIGME": 3.4171261687264624e-37,
  "OJLPFPNFMDJ": 3.8204286669135007e-38,
  "JFBDDDBIHDE": -1.7748412690333827e-23,
  "DFHLPPNLGIE": 1.6873163075053211e-18,
  "GNJEAKAKLHD": -4.718994140625,
  "EHAGCHIFFHA": -1.9161976379480808e-17,
  "PIJHGEOHOOO": 5.8627609228329556e-39
}