{
  "LLICGJHIGME": 3.4171223571946394e-37,
  "OJLPFPNFMDJ": 3.8204286669135007e-38,
  "JFBDDDBIHDE": -1.77431052341635e-23,
  "DFHLPPNLGIE": 2.473402897419444e-19,
  "GNJEAKAKLHD": -1.2998853982824339e+29,
  "EHAGCHIFFHA": -4.19656760243213e+32,
  "PIJHGEOHOOO": 8.31505425487835e-39
}