{
  "IJCJOBFNJKP": 3.417141190646e-37,
  "HDKJCEFLNLE": 3.8204286669135007e-38,
  "KNALCPIMJOF": -1.7769686691225828e-23,
  "LFJLALGECIM": 5.995379160576159e-14,
  "PIGAJKDPNGF": -418776088576.0,
  "IFHLCCHJIDB": -5.709422518096474e-12,
  "POMIDFDMEPA": 3.090339555314092e-39
}