{
  "LLICGJHIGME": 3.417177288094441e-37,
  "OJLPFPNFMDJ": 3.8204286669135007e-38,
  "JFBDDDBIHDE": -1.7780143831385437e-23,
  "DFHLPPNLGIE": 3.074163701377586e-10,
  "GNJEAKAKLHD": -1.2509648684947027e+20,
  "EHAGCHIFFHA": -3.230850708458701e+16,
  "PIJHGEOHOOO": 1.6206521207363666e-39
}