{
  "BBHHJLCDNIM": 3.4171261687264624e-37,
  "EIMENBDKDMH": 3.8204286669135007e-38,
  "PAFANEIADDO": -1.7748412690333827e-23,
  "LDNPKHJCOCM": 1.6873163075053211e-18,
  "CEMPONIMEHH": -4.718994140625,
  "NMOHDNCFKIB": -1.9161976379480808e-17,
  "AAIIJGOENCL": 5.8627609228329556e-39
}