{
  "LLICGJHIGME": 3.4171133888844677e-37,
  "OJLPFPNFMDJ": 3.8204286669135007e-38,
  "JFBDDDBIHDE": -1.7678835158493334e-23,
  "DFHLPPNLGIE": 4.4978963438138615e-24,
  "GNJEAKAKLHD": -6.007145314115368e+24,
  "EHAGCHIFFHA": -3.7748403968826415e-33,
  "PIJHGEOHOOO": 3.3562933921567634e-39
}