{
  "CEONGBKFEOF": 3.417171234485075e-37,
  "PFABOKGLDKN": 3.8204286669135007e-38,
  "HFGMPCFBENB": -1.777144111787904e-23,
  "LNOCFLGCEJI": 2.486943282060429e-14,
  "NLIDJNDEGKJ": -27763742343168.0,
  "DDHKPAIHJBA": -3.639111586077905e-30,
  "EGDMGEKJLGM": 4.3115333319146334e-39
}