{
  "CEONGBKFEOF": 3.4171732523548637e-37,
  "PFABOKGLDKN": 3.8204286669135007e-38,
  "HFGMPCFBENB": -1.7774274706250593e-23,
  "LNOCFLGCEJI": 2.1649786049191336e-14,
  "NLIDJNDEGKJ": -31749471993856.0,
  "DDHKPAIHJBA": -2.1087847148034084e-28,
  "EGDMGEKJLGM": 7.955647823449857e-40
}