{
  "velocityForce": {},
  "speed": 3.417170337654058e-37,
  "maxSpeed": 3.8204286669135007e-38,
  "anglerVelocity": -1.7770204183979653e-23,
  "LHBKLPECNGH": {
    "$type": "KAEEENPNEIM",
    "angularVelocity": {
      "x": -133120.640625,
      "y": -1.295250470072683e+20,
      "z": 4.060195098707281e-19
    }
  },
  "syncToRemote": false
}