{
  "CEONGBKFEOF": 3.4171369306986684e-37,
  "PFABOKGLDKN": 3.8204286669135007e-38,
  "HFGMPCFBENB": -1.776365979390994e-23,
  "LNOCFLGCEJI": 1.4322314086665303e-14,
  "NLIDJNDEGKJ": -1.3959632366342904e-18,
  "DDHKPAIHJBA": -3.3080762896626205e+25,
  "EGDMGEKJLGM": 9.7175298099132e-39
}