{
  "DLGHEDFAPFM": 3.4171369306986684e-37,
  "PMBELMMHLLB": 3.8204286669135007e-38,
  "ADNDDHNGBFD": -1.776365979390994e-23,
  "LAEIMMCMNOB": 1.4322314086665303e-14,
  "JDMCGIEPPMA": -1.3959632366342904e-18,
  "IBIGJHDOMFN": -3.3080762896626205e+25,
  "NBKJDFEFKOO": 9.7175298099132e-39
}