{
  "CEONGBKFEOF": 3.417083793460901e-37,
  "PFABOKGLDKN": 3.8204286669135007e-38,
  "HFGMPCFBENB": -1.7677598224593948e-23,
  "LNOCFLGCEJI": 4.368649373102451e-24,
  "NLIDJNDEGKJ": -1.541283705943083e+29,
  "DDHKPAIHJBA": -5.812140747286918e+24,
  "EGDMGEKJLGM": 7.590630592970207e-39
}