{
  "velocityForce": {},
  "speed": 3.417114509923239e-37,
  "maxSpeed": 3.8204286669135007e-38,
  "anglerVelocity": -1.76804318129655e-23,
  "DPAAFHNMHHN": {
    "$type": "GNJNGGEPACE",
    "angularVelocity": {
      "y": -558347321344.0,
      "z": -8.47612128911028e+31
    }
  },
  "syncToRemote": true,
  "destroyWhenTargetDie": true,
  "traceOnYAxis": true,
  "initClockwise": false
}