{
  "LLICGJHIGME": 3.417122805610148e-37,
  "OJLPFPNFMDJ": 3.8204286669135007e-38,
  "JFBDDDBIHDE": -1.7743824675309062e-23,
  "DFHLPPNLGIE": 2.473402897419444e-19,
  "GNJEAKAKLHD": -515412852736.0,
  "EHAGCHIFFHA": -5.29514574283287e-35,
  "PIJHGEOHOOO": 7.590269057966411e-39
}