{
  "IJCJOBFNJKP": 3.4171252718954452e-37,
  "HDKJCEFLNLE": 3.8204286669135007e-38,
  "KNALCPIMJOF": -1.774717575643444e-23,
  "LFJLALGECIM": 1.6873163075053211e-18,
  "PIGAJKDPNGF": -5440.25,
  "IFHLCCHJIDB": -2.460116701741102e-17,
  "POMIDFDMEPA": 1.083398913799164e-38
}