{
  "CNHAHGIFHFJ": 3.4171369306986684e-37,
  "GHELMLGCCFD": 3.8204286669135007e-38,
  "ONOBDKKIFEB": -1.776365979390994e-23,
  "KNDKPFBCILC": 1.4322314086665303e-14,
  "CLEEHOPHMLJ": -1.3959632366342904e-18,
  "JBGDCHJPIIC": -3.3080762896626205e+25,
  "EEAKEDPDCJG": 9.7175298099132e-39
}