{
  "reApplyModifierOnStateChange": true,
  "JDEFONKJCDD": {
    "$type": "OADMJAPBEJL",
    "PIOGPLBCLCP": {
      "x": 2.369564314087665e-38,
      "y": -1.7021640336261553e-35,
      "z": 2.398748316425079e-38
    },
    "LAGNHLBINMC": {
      "x": -3.24531230164429e+34,
      "y": -1.1842132829897878e-09,
      "z": 4.93131783359625e-39
    }
  }
}