{
  "velocityForce": {},
  "speed": 3.417182669080544e-37,
  "maxSpeed": 3.8204286669135007e-38,
  "anglerVelocity": -1.783926422306632e-23,
  "GLMOEEENGIL": {
    "$type": "GBIFIMOKFDD",
    "angularVelocity": {
      "x": -1.1546383152979262e-13,
      "y": -9.592819871784286e-10,
      "z": -7.117536544799805
    }
  },
  "syncToRemote": true
}