{
  "offset": {},
  "onGroundRaycastUpDist": 2.404407880662794e-38,
  "GGAFLCLPOFJ": -1.4908717965665894e+20,
  "worldPos": {
    "x": -4.186618634244155e+34,
    "y": -1.1546364179441243e-13
  },
  "worldFwd": {
    "x": -2.460116701741102e-17,
    "z": 1.083398913799164e-38
  }
}