{
  "IJCJOBFNJKP": 3.4171187698705707e-37,
  "HDKJCEFLNLE": 3.8204286669135007e-38,
  "KNALCPIMJOF": -1.7738157498565954e-23,
  "LFJLALGECIM": 5.1958299856554786e-24,
  "PIGAJKDPNGF": -4.1086433075373284e+23,
  "IFHLCCHJIDB": -464332.28125,
  "POMIDFDMEPA": 1.1458882773874185e-38
}