{
  "IJCJOBFNJKP": 3.4170795335135697e-37,
  "HDKJCEFLNLE": 3.8204286669135007e-38,
  "KNALCPIMJOF": -1.767157132727806e-23,
  "LFJLALGECIM": 3.489769972264859e-24,
  "PIGAJKDPNGF": -8120434688.0,
  "IFHLCCHJIDB": -3.3211444705472104e-10,
  "POMIDFDMEPA": 7.591048179912576e-39
}