{
  "IJCJOBFNJKP": 3.4171378275296856e-37,
  "HDKJCEFLNLE": 3.8204286669135007e-38,
  "KNALCPIMJOF": -1.7764896727809326e-23,
  "LFJLALGECIM": 1.5210492506365428e-14,
  "PIGAJKDPNGF": -0.00010300055146217346,
  "IFHLCCHJIDB": -76.29242706298828,
  "POMIDFDMEPA": 8.059357922794537e-40
}