{
  "velocityForce": {},
  "speed": 3.417174373393635e-37,
  "maxSpeed": 3.8204286669135007e-38,
  "anglerVelocity": -1.777587136072276e-23,
  "GLMOEEENGIL": {
    "$type": "GBIFIMOKFDD",
    "angularVelocity": {
      "x": -9.550936441981944e-38,
      "y": -4.3983868854060934e-33
    }
  },
  "syncToRemote": true,
  "straightRange": 1.5348281949903289e-40
}