{
  "CEONGBKFEOF": 3.4171385001529484e-37,
  "PFABOKGLDKN": 3.8204286669135007e-38,
  "HFGMPCFBENB": -1.776577394113593e-23,
  "LNOCFLGCEJI": 1.5210492506365428e-14,
  "NLIDJNDEGKJ": -8.638335060961181e-29,
  "DDHKPAIHJBA": -1.8823242498910986e-05,
  "EGDMGEKJLGM": 8.430773482062294e-39
}