{
  "CEONGBKFEOF": 3.4171230298179023e-37,
  "PFABOKGLDKN": 3.8204286669135007e-38,
  "HFGMPCFBENB": -1.7743982447490106e-23,
  "LNOCFLGCEJI": 2.473402897419444e-19,
  "NLIDJNDEGKJ": -1776.0625,
  "DDHKPAIHJBA": -1.881033325884211e+16,
  "EGDMGEKJLGM": 8.704477900711146e-39
}