{
  "DLGHEDFAPFM": 3.4171261687264624e-37,
  "PMBELMMHLLB": 3.8204286669135007e-38,
  "ADNDDHNGBFD": -1.7748412690333827e-23,
  "LAEIMMCMNOB": 1.6873163075053211e-18,
  "JDMCGIEPPMA": -4.718994140625,
  "IBIGJHDOMFN": -1.9161976379480808e-17,
  "NBKJDFEFKOO": 5.8627609228329556e-39
}