{
  "CNHAHGIFHFJ": 3.4171261687264624e-37,
  "GHELMLGCCFD": 3.8204286669135007e-38,
  "ONOBDKKIFEB": -1.7748412690333827e-23,
  "KNDKPFBCILC": 1.6873163075053211e-18,
  "CLEEHOPHMLJ": -4.718994140625,
  "JBGDCHJPIIC": -1.9161976379480808e-17,
  "EEAKEDPDCJG": 5.8627609228329556e-39
}