{
  "velocityForce": {},
  "speed": 3.4171322223358283e-37,
  "maxSpeed": 3.8204286669135007e-38,
  "anglerVelocity": -1.775691345544849e-23,
  "GLMOEEENGIL": {
    "$type": "GBIFIMOKFDD",
    "angularVelocity": {
      "x": -6.139100927312512e+23,
      "z": -75578990592.0
    }
  },
  "syncToRemote": true,
  "OCNCEGKDOAG": 1.4845636190749977e-40
}