{
  "CEONGBKFEOF": 3.4171302044660396e-37,
  "PFABOKGLDKN": 3.8204286669135007e-38,
  "HFGMPCFBENB": -1.7754079867076935e-23,
  "LNOCFLGCEJI": 5.122961971293028e-18,
  "NLIDJNDEGKJ": -0.015625953674316406,
  "DDHKPAIHJBA": -9.562168270349503e-05,
  "EGDMGEKJLGM": 5.0181899305936024e-39
}