{
  "DLGHEDFAPFM": 3.4170833450453926e-37,
  "PMBELMMHLLB": 3.8204286669135007e-38,
  "ADNDDHNGBFD": -1.7676878783448386e-23,
  "LAEIMMCMNOB": 4.368649373102451e-24,
  "JDMCGIEPPMA": -0.08545303344726562,
  "IBIGJHDOMFN": -5.3893767449492686e-33,
  "NBKJDFEFKOO": 5.485941956686762e-39
}