{
  "IJCJOBFNJKP": 3.41713962119172e-37,
  "HDKJCEFLNLE": 3.8204286669135007e-38,
  "KNALCPIMJOF": -1.77673705956081e-23,
  "LFJLALGECIM": 1.7319916253153225e-14,
  "PIGAJKDPNGF": -5.7193782180978495e-18,
  "IFHLCCHJIDB": -1.649349118458643e-23,
  "POMIDFDMEPA": 7.984206286152797e-39
}