{
  "IJCJOBFNJKP": 3.417128859219514e-37,
  "HDKJCEFLNLE": 3.8204286669135007e-38,
  "KNALCPIMJOF": -1.7752325440423724e-23,
  "LFJLALGECIM": 3.767709255686147e-18,
  "PIGAJKDPNGF": -3.2542438270311124e-30,
  "IFHLCCHJIDB": -8.008717858195448e-23,
  "POMIDFDMEPA": 8.071358642843014e-39
}