{
  "IJCJOBFNJKP": 3.4171230298179023e-37,
  "HDKJCEFLNLE": 3.8204286669135007e-38,
  "KNALCPIMJOF": -1.7743982447490106e-23,
  "LFJLALGECIM": 2.473402897419444e-19,
  "PIGAJKDPNGF": -1776.0625,
  "IFHLCCHJIDB": -1.881033325884211e+16,
  "POMIDFDMEPA": 8.704477900711146e-39
}