{
  "velocityForce": {},
  "speed": 3.417176615471178e-37,
  "maxSpeed": 3.8204286669135007e-38,
  "anglerVelocity": -1.7779064669667095e-23,
  "DPAAFHNMHHN": {
    "$type": "GNJNGGEPACE",
    "angularVelocity": {
      "z": -2.503722739762029e-32
    }
  },
  "syncToRemote": true,
  "guidanceDelay": -4.369182538290232e+26,
  "guidanceMinAnglerVelocity": 1.4695416995374357e-40
}