{
  "LLICGJHIGME": 3.4171837901193154e-37,
  "OJLPFPNFMDJ": 3.8204286669135007e-38,
  "JFBDDDBIHDE": -1.7840860877538488e-23,
  "DFHLPPNLGIE": 3.8745190389377626e-10,
  "GNJEAKAKLHD": -1275133952.0,
  "EHAGCHIFFHA": -5.6088464706659896e-36,
  "PIJHGEOHOOO": 5.5994219089247144e-39
}