{
  "DLGHEDFAPFM": 3.41713648228316e-37,
  "PMBELMMHLLB": 3.8204286669135007e-38,
  "ADNDDHNGBFD": -1.7762940352764377e-23,
  "LAEIMMCMNOB": 1.4322314086665303e-14,
  "JDMCGIEPPMA": -5.633099971486118e-20,
  "IBIGJHDOMFN": -1.2818566064512088e+21,
  "NBKJDFEFKOO": 4.0958847086427586e-39
}