{
  "velocityForce": {},
  "speed": 3.417082224006621e-37,
  "maxSpeed": 3.8204286669135007e-38,
  "anglerVelocity": -1.767528212897622e-23,
  "LHBKLPECNGH": {
    "$type": "KAEEENPNEIM",
    "angularVelocity": {
      "x": -0.0004959120415151119
    }
  },
  "syncToRemote": true,
  "reboundInterval": -4.216183502031413e+23,
  "outOfRangeFixCD": 1.817386017336785e-40
}