{
  "DLGHEDFAPFM": 3.4171295318427768e-37,
  "PMBELMMHLLB": 3.8204286669135007e-38,
  "ADNDDHNGBFD": -1.775320265375033e-23,
  "LAEIMMCMNOB": 3.767709255686147e-18,
  "JDMCGIEPPMA": -1.0408882956947085e-15,
  "IBIGJHDOMFN": -0.00768170366063714,
  "NBKJDFEFKOO": 1.0629908233542767e-38
}