{
  "reApplyModifierOnStateChange": true,
  "EOLDKAKHJGO": [
    {
      "GLFBDAGGFHA": 2.404407880662794e-38,
      "AFFAKAIBLGJ": -2274889826304000.0
    },
    {
      "duration": 2.3987480361653863e-38,
      "AFFAKAIBLGJ": 9.413302027854732e-38,
      "IBAFHBLLLBE": {
        "z": -3.120615202877042e-13
      }
    },
    {
      "duration": 5.832932323201952e-38
    },
    {}
  ]
}