{
  "DLGHEDFAPFM": 3.4170817755911126e-37,
  "PMBELMMHLLB": 3.8204286669135007e-38,
  "ADNDDHNGBFD": -1.7674764636222394e-23,
  "LAEIMMCMNOB": 4.368649373102451e-24,
  "JDMCGIEPPMA": -386563833856.0,
  "IBIGJHDOMFN": -6703073.0,
  "NBKJDFEFKOO": 4.040362460889281e-39
}