{
  "DLGHEDFAPFM": 3.417118994078325e-37,
  "PMBELMMHLLB": 3.8204286669135007e-38,
  "ADNDDHNGBFD": -1.7738315270746998e-23,
  "LAEIMMCMNOB": 5.1958299856554786e-24,
  "JDMCGIEPPMA": -3.0266396020488262e+31,
  "IBIGJHDOMFN": -339.08441162109375,
  "NBKJDFEFKOO": 7.844973270737483e-40
}