{
  "CNHAHGIFHFJ": 3.4171277381807424e-37,
  "GHELMLGCCFD": 3.8204286669135007e-38,
  "ONOBDKKIFEB": -1.7750728785951556e-23,
  "KNDKPFBCILC": 3.767709255686147e-18,
  "CLEEHOPHMLJ": -3.153404662071649e+31,
  "JBGDCHJPIIC": -5.873406563696162e+23,
  "EEAKEDPDCJG": 5.945524412732908e-39
}