{
  "LLICGJHIGME": 3.417125720310954e-37,
  "OJLPFPNFMDJ": 3.8204286669135007e-38,
  "JFBDDDBIHDE": -1.7747895197580002e-23,
  "DFHLPPNLGIE": 1.6873163075053211e-18,
  "GNJEAKAKLHD": -393006284800.0,
  "EHAGCHIFFHA": -492466592.0,
  "PIJHGEOHOOO": 6.860949259223917e-39
}