{
  "BBHHJLCDNIM": 3.4171799785874925e-37,
  "EIMENBDKDMH": 3.8204286669135007e-38,
  "PAFANEIADDO": -1.7783854633083597e-23,
  "LDNPKHJCOCM": 2.346567939959243e-10,
  "CEMPONIMEHH": -1.10943603515625,
  "NMOHDNCFKIB": -6.0822564616781114e-33,
  "AAIIJGOENCL": 8.498719642000475e-39
}