{
  "velocityForce": {},
  "speed": 3.4170802061368325e-37,
  "maxSpeed": 3.8204286669135007e-38,
  "anglerVelocity": -1.7672448540604665e-23,
  "LHBKLPECNGH": {
    "$type": "KAEEENPNEIM",
    "angularVelocity": {
      "x": -1.937156412168406e-06,
      "y": -6.517632570798848e-14,
      "z": 2.7047107034313023e-31
    }
  },
  "syncToRemote": false
}