{
  "IJCJOBFNJKP": 3.4170833450453926e-37,
  "HDKJCEFLNLE": 3.8204286669135007e-38,
  "KNALCPIMJOF": -1.7676878783448386e-23,
  "LFJLALGECIM": 4.368649373102451e-24,
  "PIGAJKDPNGF": -0.08545303344726562,
  "IFHLCCHJIDB": -5.3893767449492686e-33,
  "POMIDFDMEPA": 5.485941956686762e-39
}