{
  "BBHHJLCDNIM": 3.4171295318427768e-37,
  "EIMENBDKDMH": 3.8204286669135007e-38,
  "PAFANEIADDO": -1.775320265375033e-23,
  "LDNPKHJCOCM": 3.767709255686147e-18,
  "CEMPONIMEHH": -1.0408882956947085e-15,
  "NMOHDNCFKIB": -0.00768170366063714,
  "AAIIJGOENCL": 1.0629908233542767e-38
}