{
  "velocityForce": {},
  "speed": 3.417116527793028e-37,
  "maxSpeed": 3.8204286669135007e-38,
  "anglerVelocity": -1.773496418962162e-23,
  "BEDFAMLDJHL": {
    "$type": "GPPPKGINKKB",
    "angularVelocity": {
      "x": -2.752864833394719e-20
    }
  },
  "syncToRemote": true,
  "gravityOfAcceleration": -9.621625940781087e-05,
  "delayTime": 1.7854364123501792e-40
}