{
  "IJCJOBFNJKP": 3.417179754379738e-37,
  "HDKJCEFLNLE": 3.8204286669135007e-38,
  "KNALCPIMJOF": -1.7783494912510816e-23,
  "LFJLALGECIM": 2.346567939959243e-10,
  "PIGAJKDPNGF": -3.3605474562415103e-25,
  "IFHLCCHJIDB": -6.236871739566995e-38,
  "POMIDFDMEPA": 2.8991870304970795e-39
}