{
  "velocityForce": {},
  "speed": 3.417078412474798e-37,
  "maxSpeed": 3.8204286669135007e-38,
  "anglerVelocity": -1.7669974672805892e-23,
  "DPAAFHNMHHN": {
    "$type": "GNJNGGEPACE",
    "angularVelocity": {
      "x": -2.625336488146514e-26,
      "y": -1.5798316431100967e-15,
      "z": 7.330636501312256
    }
  },
  "syncToRemote": false
}