{
  "velocityForce": {},
  "speed": 3.417131998128074e-37,
  "maxSpeed": 3.8204286669135007e-38,
  "anglerVelocity": -1.7756755683267445e-23,
  "AFNAKLCPGNF": {
    "$type": "EIIKGAHLKAH",
    "angularVelocity": {
      "x": -3.9290245934800075e+25,
      "z": -9.326447943708359e-35
    }
  },
  "syncToRemote": true,
  "airResistance": 1.7568779496472394e-40
}