{
  "velocityForce": {},
  "speed": 3.417172803939355e-37,
  "maxSpeed": 3.8204286669135007e-38,
  "anglerVelocity": -1.7773757213496768e-23,
  "LHBKLPECNGH": {
    "$type": "KAEEENPNEIM",
    "angularVelocity": {
      "x": -4.119883793554859e+31,
      "y": -1.4289076699121933e+27
    }
  },
  "syncToRemote": true,
  "airResistance": 1.7277589675585697e-40
}