{
  "CEONGBKFEOF": 3.4171391727762113e-37,
  "PFABOKGLDKN": 3.8204286669135007e-38,
  "HFGMPCFBENB": -1.7766853102854274e-23,
  "LNOCFLGCEJI": 1.7319916253153225e-14,
  "NLIDJNDEGKJ": -112210214912.0,
  "DDHKPAIHJBA": -0.0002933646901510656,
  "EGDMGEKJLGM": 8.047793006568464e-39
}