{
  "CEONGBKFEOF": 3.4171286350117596e-37,
  "PFABOKGLDKN": 3.8204286669135007e-38,
  "HFGMPCFBENB": -1.7751965719850943e-23,
  "LNOCFLGCEJI": 3.767709255686147e-18,
  "NLIDJNDEGKJ": -3.848913150979498e+23,
  "DDHKPAIHJBA": -8.133353951847738e+33,
  "EGDMGEKJLGM": 7.524763959953083e-39
}