{
  "CNHAHGIFHFJ": 3.4171799785874925e-37,
  "GHELMLGCCFD": 3.8204286669135007e-38,
  "ONOBDKKIFEB": -1.7783854633083597e-23,
  "KNDKPFBCILC": 2.346567939959243e-10,
  "CLEEHOPHMLJ": -1.10943603515625,
  "JBGDCHJPIIC": -6.0822564616781114e-33,
  "EEAKEDPDCJG": 8.498719642000475e-39
}