{
  "CNHAHGIFHFJ": 3.417115182546502e-37,
  "GHELMLGCCFD": 3.8204286669135007e-38,
  "ONOBDKKIFEB": -1.773300781457667e-23,
  "KNDKPFBCILC": 4.4978963438138615e-24,
  "CLEEHOPHMLJ": -7.022377471188612e-15,
  "JBGDCHJPIIC": -0.0309576615691185,
  "EEAKEDPDCJG": 5.415678049088587e-39
}