{
  "LLICGJHIGME": 3.417127289765234e-37,
  "OJLPFPNFMDJ": 3.8204286669135007e-38,
  "JFBDDDBIHDE": -1.7750009344805995e-23,
  "DFHLPPNLGIE": 3.767709255686147e-18,
  "GNJEAKAKLHD": -3.242767653567201e+17,
  "EHAGCHIFFHA": -5.738706863460845e-23,
  "PIJHGEOHOOO": 1.099903827501521e-38
}