{
  "velocityForce": {},
  "speed": 3.4171293076350225e-37,
  "maxSpeed": 3.8204286669135007e-38,
  "anglerVelocity": -1.7752842933177549e-23,
  "LHBKLPECNGH": {
    "$type": "KAEEENPNEIM",
    "angularVelocity": {
      "x": -6.259297298513471e-33,
      "y": -6.29544788863379e+18
    }
  },
  "syncToRemote": true,
  "gravity": 1.4299410049356163e-40
}