{
  "IJCJOBFNJKP": 3.417083793460901e-37,
  "HDKJCEFLNLE": 3.8204286669135007e-38,
  "KNALCPIMJOF": -1.7677598224593948e-23,
  "LFJLALGECIM": 4.368649373102451e-24,
  "PIGAJKDPNGF": -1.541283705943083e+29,
  "IFHLCCHJIDB": -5.812140747286918e+24,
  "POMIDFDMEPA": 7.590630592970207e-39
}