{
  "IJCJOBFNJKP": 3.4170817755911126e-37,
  "HDKJCEFLNLE": 3.8204286669135007e-38,
  "KNALCPIMJOF": -1.7674764636222394e-23,
  "LFJLALGECIM": 4.368649373102451e-24,
  "PIGAJKDPNGF": -386563833856.0,
  "IFHLCCHJIDB": -6703073.0,
  "POMIDFDMEPA": 4.040362460889281e-39
}