{
  "CNHAHGIFHFJ": 3.417130428673794e-37,
  "GHELMLGCCFD": 3.8204286669135007e-38,
  "ONOBDKKIFEB": -1.7754439587649716e-23,
  "KNDKPFBCILC": 5.122961971293028e-18,
  "CLEEHOPHMLJ": -0.0059816837310791016,
  "JBGDCHJPIIC": -1.2917248604929578e+26,
  "EEAKEDPDCJG": 8.530634214525473e-39
}