{
  "CNHAHGIFHFJ": 3.4171306528815482e-37,
  "GHELMLGCCFD": 3.8204286669135007e-38,
  "ONOBDKKIFEB": -1.7754799308222497e-23,
  "KNDKPFBCILC": 5.122961971293028e-18,
  "CLEEHOPHMLJ": -1.362382867744686e+17,
  "JBGDCHJPIIC": -1.5668374383622756e-20,
  "EEAKEDPDCJG": 1.1441379154756304e-38
}