{
  "velocityForce": {},
  "speed": 3.417175718640161e-37,
  "maxSpeed": 3.8204286669135007e-38,
  "anglerVelocity": -1.7777827735767708e-23,
  "DPAAFHNMHHN": {
    "$type": "GNJNGGEPACE",
    "angularVelocity": {
      "z": -2.6883429861402196e-23
    }
  },
  "syncToRemote": true,
  "randomBackAngleAdded": -1.585085025805405e-26,
  "outOfRangeFixCD": 1.7890097234342075e-40
}