{
  "LLICGJHIGME": 3.417121908779131e-37,
  "OJLPFPNFMDJ": 3.8204286669135007e-38,
  "JFBDDDBIHDE": -1.7742587741409675e-23,
  "DFHLPPNLGIE": 2.473402897419444e-19,
  "GNJEAKAKLHD": -1.514662241830919e-27,
  "EHAGCHIFFHA": -1.2376835730950652e-36,
  "PIJHGEOHOOO": 8.81225596949776e-39
}