{
  "CNHAHGIFHFJ": 3.417177960717704e-37,
  "GHELMLGCCFD": 3.8204286669135007e-38,
  "ONOBDKKIFEB": -1.7781021044712043e-23,
  "KNDKPFBCILC": 3.074163701377586e-10,
  "CLEEHOPHMLJ": -1.4211409826714316e-12,
  "JBGDCHJPIIC": -1.65157665321658e-08,
  "EEAKEDPDCJG": 1.0628508336376907e-38
}