{
  "velocityForce": {},
  "speed": 3.417129083427268e-37,
  "maxSpeed": 3.8204286669135007e-38,
  "anglerVelocity": -1.7752685160996504e-23,
  "LHBKLPECNGH": {
    "$type": "KAEEENPNEIM",
    "angularVelocity": {
      "x": -3.7470098433303904e+19,
      "y": -131221006843904.0
    }
  },
  "syncToRemote": true,
  "initSpeed": 1.7956939171090368e-40
}