{
  "LLICGJHIGME": 3.4171172004162907e-37,
  "OJLPFPNFMDJ": 3.8204286669135007e-38,
  "JFBDDDBIHDE": -1.7735841402948225e-23,
  "DFHLPPNLGIE": 5.1958299856554786e-24,
  "GNJEAKAKLHD": -2.700718624541539e+22,
  "EHAGCHIFFHA": -1.1334265189337902e-36,
  "PIJHGEOHOOO": 8.696252278725559e-39
}