{
  "velocityForce": {},
  "speed": 3.4171346886211255e-37,
  "maxSpeed": 3.8204286669135007e-38,
  "anglerVelocity": -1.7760466484965604e-23,
  "LHBKLPECNGH": {
    "$type": "KAEEENPNEIM",
    "angularVelocity": {
      "z": -2.3980877071063334e+21
    }
  },
  "syncToRemote": true,
  "gravity": -91739296.0,
  "initSpeed": 1.4988288374418243e-40
}