{
  "IJCJOBFNJKP": 3.417171234485075e-37,
  "HDKJCEFLNLE": 3.8204286669135007e-38,
  "KNALCPIMJOF": -1.777144111787904e-23,
  "LFJLALGECIM": 2.486943282060429e-14,
  "PIGAJKDPNGF": -27763742343168.0,
  "IFHLCCHJIDB": -3.639111586077905e-30,
  "POMIDFDMEPA": 4.3115333319146334e-39
}