{
  "BBHHJLCDNIM": 3.41713805173744e-37,
  "EIMENBDKDMH": 3.8204286669135007e-38,
  "PAFANEIADDO": -1.7765256448382106e-23,
  "LDNPKHJCOCM": 1.5210492506365428e-14,
  "CEMPONIMEHH": -2.6173773746508995e-25,
  "NMOHDNCFKIB": -4.0348210230214116e+23,
  "AAIIJGOENCL": 6.501214923954771e-39
}