{
  "LLICGJHIGME": 3.4171138372999763e-37,
  "OJLPFPNFMDJ": 3.8204286669135007e-38,
  "JFBDDDBIHDE": -1.767935265124716e-23,
  "DFHLPPNLGIE": 4.4978963438138615e-24,
  "GNJEAKAKLHD": -2.010767161628379e+21,
  "EHAGCHIFFHA": -6.696493155504887e-21,
  "PIJHGEOHOOO": 6.956437940478403e-39
}