{
  "BBHHJLCDNIM": 3.4171378275296856e-37,
  "EIMENBDKDMH": 3.8204286669135007e-38,
  "PAFANEIADDO": -1.7764896727809326e-23,
  "LDNPKHJCOCM": 1.5210492506365428e-14,
  "CEMPONIMEHH": -0.00010300055146217346,
  "NMOHDNCFKIB": -76.29242706298828,
  "AAIIJGOENCL": 8.059357922794537e-40
}