{
  "DLGHEDFAPFM": 3.417138275945194e-37,
  "PMBELMMHLLB": 3.8204286669135007e-38,
  "ADNDDHNGBFD": -1.7765616168954887e-23,
  "LAEIMMCMNOB": 1.5210492506365428e-14,
  "JDMCGIEPPMA": -7.755133787046723e-26,
  "IBIGJHDOMFN": -1.5872332049838865e-24,
  "NBKJDFEFKOO": 1.5364060570611586e-39
}