{
  "CEONGBKFEOF": 3.4171154067542564e-37,
  "PFABOKGLDKN": 3.8204286669135007e-38,
  "HFGMPCFBENB": -1.7733367535149452e-23,
  "LNOCFLGCEJI": 4.4978963438138615e-24,
  "NLIDJNDEGKJ": -6.594058632458655e-12,
  "DDHKPAIHJBA": -1.53295107081231e-33,
  "EGDMGEKJLGM": 8.600186262503771e-39
}