{
  "BBHHJLCDNIM": 3.417134240205617e-37,
  "EIMENBDKDMH": 3.8204286669135007e-38,
  "PAFANEIADDO": -1.775994899221178e-23,
  "LDNPKHJCOCM": 4.107934458363275e-15,
  "CEMPONIMEHH": -2.285699164685203e+24,
  "NMOHDNCFKIB": -0.02375928871333599,
  "AAIIJGOENCL": 6.293196370821145e-39
}