{
  "DLGHEDFAPFM": 3.4171391727762113e-37,
  "PMBELMMHLLB": 3.8204286669135007e-38,
  "ADNDDHNGBFD": -1.7766853102854274e-23,
  "LAEIMMCMNOB": 1.7319916253153225e-14,
  "JDMCGIEPPMA": -112210214912.0,
  "IBIGJHDOMFN": -0.0002933646901510656,
  "NBKJDFEFKOO": 8.047793006568464e-39
}