{
  "IJCJOBFNJKP": 3.4171754944324066e-37,
  "HDKJCEFLNLE": 3.8204286669135007e-38,
  "KNALCPIMJOF": -1.7777468015194928e-23,
  "LFJLALGECIM": 5.3517317590044745e-27,
  "PIGAJKDPNGF": -446480.0,
  "IFHLCCHJIDB": -9.141756169360326e-38,
  "POMIDFDMEPA": 3.0833008331277885e-39
}