{
  "DLGHEDFAPFM": 3.417118321455062e-37,
  "PMBELMMHLLB": 3.8204286669135007e-38,
  "ADNDDHNGBFD": -1.7737438057420393e-23,
  "LAEIMMCMNOB": 5.1958299856554786e-24,
  "JDMCGIEPPMA": -1.5449840828753516e-26,
  "IBIGJHDOMFN": -6.384024061363588e+36,
  "NBKJDFEFKOO": 3.908636201347355e-39
}