{
  "BBHHJLCDNIM": 3.417177960717704e-37,
  "EIMENBDKDMH": 3.8204286669135007e-38,
  "PAFANEIADDO": -1.7781021044712043e-23,
  "LDNPKHJCOCM": 3.074163701377586e-10,
  "CEMPONIMEHH": -1.4211409826714316e-12,
  "NMOHDNCFKIB": -1.65157665321658e-08,
  "AAIIJGOENCL": 1.0628508336376907e-38
}