{
  "DLGHEDFAPFM": 3.417125944518708e-37,
  "PMBELMMHLLB": 3.8204286669135007e-38,
  "ADNDDHNGBFD": -1.7748254918152783e-23,
  "LAEIMMCMNOB": 1.6873163075053211e-18,
  "JDMCGIEPPMA": -8.194410392525332e+33,
  "IBIGJHDOMFN": -530464352.0,
  "NBKJDFEFKOO": 7.95759282571834e-39
}