{
  "LLICGJHIGME": 3.4171799785874925e-37,
  "OJLPFPNFMDJ": 3.8204286669135007e-38,
  "JFBDDDBIHDE": -1.7783854633083597e-23,
  "DFHLPPNLGIE": 2.346567939959243e-10,
  "GNJEAKAKLHD": -1.10943603515625,
  "EHAGCHIFFHA": -6.0822564616781114e-33,
  "PIJHGEOHOOO": 8.498719642000475e-39
}