{
  "velocityForce": {},
  "speed": 3.4171822206650354e-37,
  "maxSpeed": 3.8204286669135007e-38,
  "anglerVelocity": -1.7838746730312496e-23,
  "AFNAKLCPGNF": {
    "$type": "EIIKGAHLKAH",
    "angularVelocity": {
      "x": -6.720879553455895e-24,
      "y": -1.2390931335863494e+20,
      "z": -2.2677204605804678e+21
    }
  },
  "syncToRemote": true
}