{
  "CEONGBKFEOF": 3.4171277381807424e-37,
  "PFABOKGLDKN": 3.8204286669135007e-38,
  "HFGMPCFBENB": -1.7750728785951556e-23,
  "LNOCFLGCEJI": 3.767709255686147e-18,
  "NLIDJNDEGKJ": -3.153404662071649e+31,
  "DDHKPAIHJBA": -5.873406563696162e+23,
  "EGDMGEKJLGM": 5.945524412732908e-39
}