{
  "forceTriggerWhenChangeAuthority": true,
  "MLLGOMNABHE": [
    {
      "HJKLHIFAEGO": 2.404408160922487e-38
    },
    {
      "duration": -2.3528427035942337e+34
    },
    {
      "duration": -2.8646007142968735e-14,
      "MEPIGFJODDM": -1.0058318306999888e+28,
      "MOKABECLBAM": {
        "x": -1.5469321379413259e-09,
        "y": 5.252059918056786e-38
      }
    },
    {}
  ]
}