{
  "DLGHEDFAPFM": 3.417174149185881e-37,
  "PMBELMMHLLB": 3.8204286669135007e-38,
  "ADNDDHNGBFD": -1.7775713588541716e-23,
  "LAEIMMCMNOB": 2.1649786049191336e-14,
  "JDMCGIEPPMA": -98570240.0,
  "IBIGJHDOMFN": -8.530504258995713e+24,
  "NBKJDFEFKOO": 1.0280491658866445e-38
}