{
  "IJCJOBFNJKP": 3.417140518022737e-37,
  "HDKJCEFLNLE": 3.8204286669135007e-38,
  "KNALCPIMJOF": -1.7768607529507485e-23,
  "LFJLALGECIM": 5.995379160576159e-14,
  "PIGAJKDPNGF": -2.05782058060322e-11,
  "IFHLCCHJIDB": -1.601651847106078e-15,
  "POMIDFDMEPA": 1.4689223256162041e-39
}