{
  "velocityForce": {},
  "speed": 3.4170793093058154e-37,
  "maxSpeed": 3.8204286669135007e-38,
  "anglerVelocity": -1.7671211606705278e-23,
  "LHBKLPECNGH": {
    "$type": "KAEEENPNEIM",
    "angularVelocity": {
      "x": -1.1011459333578875e-19,
      "y": -4.0569093946423116e+20,
      "z": -4619197952.0
    }
  },
  "syncToRemote": true
}