{
  "BBHHJLCDNIM": 3.4171306528815482e-37,
  "EIMENBDKDMH": 3.8204286669135007e-38,
  "PAFANEIADDO": -1.7754799308222497e-23,
  "LDNPKHJCOCM": 5.122961971293028e-18,
  "CEMPONIMEHH": -1.362382867744686e+17,
  "NMOHDNCFKIB": -1.5668374383622756e-20,
  "AAIIJGOENCL": 1.1441379154756304e-38
}