{
  "CEONGBKFEOF": 3.417140518022737e-37,
  "PFABOKGLDKN": 3.8204286669135007e-38,
  "HFGMPCFBENB": -1.7768607529507485e-23,
  "LNOCFLGCEJI": 5.995379160576159e-14,
  "NLIDJNDEGKJ": -2.05782058060322e-11,
  "DDHKPAIHJBA": -1.601651847106078e-15,
  "EGDMGEKJLGM": 1.4689223256162041e-39
}