{
  "CEONGBKFEOF": 3.41713805173744e-37,
  "PFABOKGLDKN": 3.8204286669135007e-38,
  "HFGMPCFBENB": -1.7765256448382106e-23,
  "LNOCFLGCEJI": 1.5210492506365428e-14,
  "NLIDJNDEGKJ": -2.6173773746508995e-25,
  "DDHKPAIHJBA": -4.0348210230214116e+23,
  "EGDMGEKJLGM": 6.501214923954771e-39
}