{
  "velocityForce": {},
  "speed": 3.417183565911561e-37,
  "maxSpeed": 3.8204286669135007e-38,
  "anglerVelocity": -1.7840501156965707e-23,
  "DPAAFHNMHHN": {
    "$type": "GNJNGGEPACE",
    "angularVelocity": {
      "x": -2.4556441179198946e+24,
      "z": -29860228.0
    }
  },
  "syncToRemote": true,
  "FCPBIDEOCGO": 1.6670547180840186e-40
}