{
  "DLGHEDFAPFM": 3.4171156309620107e-37,
  "PMBELMMHLLB": 3.8204286669135007e-38,
  "ADNDDHNGBFD": -1.7733727255722233e-23,
  "LAEIMMCMNOB": 4.4978963438138615e-24,
  "JDMCGIEPPMA": -2.038461393329507e+33,
  "IBIGJHDOMFN": -2.775815732952343e-22,
  "NBKJDFEFKOO": 9.27249423322521e-39
}