{
  "DLGHEDFAPFM": 3.4171371549064227e-37,
  "PMBELMMHLLB": 3.8204286669135007e-38,
  "ADNDDHNGBFD": -1.776401951448272e-23,
  "LAEIMMCMNOB": 1.4322314086665303e-14,
  "JDMCGIEPPMA": -371212288.0,
  "IBIGJHDOMFN": -5.752094060446554e-36,
  "NBKJDFEFKOO": 1.0370882416307718e-38
}