{
  "DLGHEDFAPFM": 3.41713805173744e-37,
  "PMBELMMHLLB": 3.8204286669135007e-38,
  "ADNDDHNGBFD": -1.7765256448382106e-23,
  "LAEIMMCMNOB": 1.5210492506365428e-14,
  "JDMCGIEPPMA": -2.6173773746508995e-25,
  "IBIGJHDOMFN": -4.0348210230214116e+23,
  "NBKJDFEFKOO": 6.501214923954771e-39
}