{
  "LLICGJHIGME": 3.417175046016898e-37,
  "OJLPFPNFMDJ": 3.8204286669135007e-38,
  "JFBDDDBIHDE": -1.7776950522441103e-23,
  "DFHLPPNLGIE": 5.3517317590044745e-27,
  "GNJEAKAKLHD": -2.2224907535047608e-38,
  "EHAGCHIFFHA": -360087683072.0,
  "PIJHGEOHOOO": 7.988550311392204e-39
}