{
  "DLGHEDFAPFM": 3.4171754944324066e-37,
  "PMBELMMHLLB": 3.8204286669135007e-38,
  "ADNDDHNGBFD": -1.7777468015194928e-23,
  "LAEIMMCMNOB": 5.3517317590044745e-27,
  "JDMCGIEPPMA": -446480.0,
  "IBIGJHDOMFN": -9.141756169360326e-38,
  "NBKJDFEFKOO": 3.0833008331277885e-39
}