{
  "CNHAHGIFHFJ": 3.4170824482143754e-37,
  "GHELMLGCCFD": 3.8204286669135007e-38,
  "ONOBDKKIFEB": -1.7675641849549e-23,
  "KNDKPFBCILC": 4.368649373102451e-24,
  "CLEEHOPHMLJ": -31005343744.0,
  "JBGDCHJPIIC": -7.908447939255599e+18,
  "EEAKEDPDCJG": 1.9101295548996587e-39
}