{
  "velocityForce": {},
  "speed": 3.417131325504811e-37,
  "maxSpeed": 3.8204286669135007e-38,
  "anglerVelocity": -1.7755676521549102e-23,
  "DPAAFHNMHHN": {
    "$type": "GNJNGGEPACE",
    "angularVelocity": {
      "x": -1.0753390877222604e-22,
      "z": -3.48274724562082e+31
    }
  },
  "syncToRemote": true,
  "destroyWhenTargetDie": true,
  "traceOnYAxis": true
}