{
  "velocityForce": {},
  "speed": 3.417117424624045e-37,
  "maxSpeed": 3.8204286669135007e-38,
  "anglerVelocity": -1.7736201123521006e-23,
  "AFNAKLCPGNF": {
    "$type": "EIIKGAHLKAH",
    "angularVelocity": {
      "x": -2.636720676114953e+33
    }
  },
  "syncToRemote": true,
  "radius": -0.0003260964003857225,
  "randomBackAngleAdded": 1.7672335452985998e-40
}