{
  "CEONGBKFEOF": 3.4170788608903068e-37,
  "PFABOKGLDKN": 3.8204286669135007e-38,
  "HFGMPCFBENB": -1.7670694113951453e-23,
  "LNOCFLGCEJI": 3.489769972264859e-24,
  "NLIDJNDEGKJ": -2128723230851072.0,
  "DDHKPAIHJBA": -6.533971830860651e-32,
  "EGDMGEKJLGM": 9.060330639234111e-39
}