{
  "LLICGJHIGME": 3.4170824482143754e-37,
  "OJLPFPNFMDJ": 3.8204286669135007e-38,
  "JFBDDDBIHDE": -1.7675641849549e-23,
  "DFHLPPNLGIE": 4.368649373102451e-24,
  "GNJEAKAKLHD": -31005343744.0,
  "EHAGCHIFFHA": -7.908447939255599e+18,
  "PIJHGEOHOOO": 1.9101295548996587e-39
}