{
  "BBHHJLCDNIM": 3.417138275945194e-37,
  "EIMENBDKDMH": 3.8204286669135007e-38,
  "PAFANEIADDO": -1.7765616168954887e-23,
  "LDNPKHJCOCM": 1.5210492506365428e-14,
  "CEMPONIMEHH": -7.755133787046723e-26,
  "NMOHDNCFKIB": -1.5872332049838865e-24,
  "AAIIJGOENCL": 1.5364060570611586e-39
}