{
  "velocityForce": {},
  "speed": 3.4171860321968583e-37,
  "maxSpeed": 3.8204286669135007e-38,
  "anglerVelocity": -1.7844054186482823e-23,
  "AIPBEHPJBDL": {
    "$type": "OLJMJMCGBMD",
    "angularVelocity": {
      "x": -0.0019836537539958954,
      "y": -6.435022805817425e-05,
      "z": -8.514835363995203e+25
    }
  },
  "syncToRemote": true
}