{
  "reApplyModifierOnStateChange": true,
  "FDAAMLIPKAK": {
    "$type": "OIIGKGHJIPI",
    "COKBNPLACLL": {
      "x": 2.369564314087665e-38,
      "y": -4.771160177268942e-27,
      "z": 2.398748316425079e-38
    },
    "FDCMEIPFJIB": {
      "x": -0.0019836537539958954,
      "y": -6.435022805817425e-05,
      "z": -8.514835363995203e+25
    },
    "JNAKJHFKOHG": {}
  }
}