{
  "FPHNIKCALHG": -3.996166514017293e-34,
  "EPAHOILOAPJ": {
    "gadgetID": 496,
    "radius": 2.3693569219149447e-38
  },
  "CGCFDDJADPK": {
    "814170401": {
      "$type": "DFMNIDJACIG",
      "gadgetID": 11
    }
  },
  "FFFOMCHOLPH": -2.695066607009189e+19,
  "NCHNGMGAKIH": -3.1080098209681943e+25,
  "MKECPFKDPLD": 2.1110981754592667e-39
}