{
  "BCKNIEPOKDI": -3.996166514017293e-34,
  "FKCMAOIKIDA": {
    "gadgetID": 496,
    "radius": 2.3693569219149447e-38
  },
  "GPENAOICLLA": {
    "814170401": {
      "$type": "LKLJOOIHGLN",
      "gadgetID": 11
    }
  },
  "FJLLLFGPINE": -2.695066607009189e+19,
  "PFEACMHHCAN": -3.1080098209681943e+25,
  "GAEOCEICDHG": 2.1110981754592667e-39
}