{
  "OBOMLGBMBML": -3.996166514017293e-34,
  "JPKKMBKAIGD": {
    "gadgetID": 496,
    "radius": 2.3693569219149447e-38
  },
  "NEKLCCEJMAO": {
    "814170401": {
      "$type": "NFAGDDBLLDN",
      "gadgetID": 11
    }
  },
  "EHFNNDCKCJB": -2.695066607009189e+19,
  "FIJEGFKJLGK": -3.1080098209681943e+25,
  "EGFHEKJBCEH": 2.1110981754592667e-39
}