{
  "dungeonID": 75168,
  "startRoomId": 8141703,
  "roomList": [
    {},
    {
      "roomID": 1
    },
    {
      "basicData": {
        "deployStartPos": {
          "x": 7.794423838870324e-37,
          "z": 1.0593381987771676e-39
        }
      },
      "cameraOverview": {
        "defaultYaw": -6.333387949123131e+21
      }
    },
    {
      "roomID": 362513246,
      "basicData": {}
    }
  ]
}