{
  "CGABGNHCFAG": -3.996166514017293e-34,
  "GBGAMNAHHHK": {
    "gadgetID": 496,
    "radius": 2.3693569219149447e-38
  },
  "JKKCNFKKEPF": {
    "814170401": {
      "$type": "KEKFNMIAFIM",
      "gadgetID": 11
    }
  },
  "POAHELBJBLB": -2.695066607009189e+19,
  "ODGDBINPOKP": -3.1080098209681943e+25,
  "IGIEFDNCKNJ": 2.1110981754592667e-39
}