{
  "BJIIBHPOAHN": -3.996166514017293e-34,
  "EKKABFAFDEE": {
    "gadgetID": 496,
    "radius": 2.3693569219149447e-38
  },
  "COONAAPJACN": {
    "814170401": {
      "$type": "JDIFCEHGEMJ",
      "gadgetID": 11
    }
  },
  "PBPKFNMGIAM": -2.695066607009189e+19,
  "AFMIJJFAKNB": -3.1080098209681943e+25,
  "GHGMFOHOKAA": 2.1110981754592667e-39
}