{
  "OLGBFJHGOHA": -3.996166514017293e-34,
  "OJKFHPLBLBJ": {
    "gadgetID": 496,
    "radius": 2.3693569219149447e-38
  },
  "NBONAAAMDOF": {
    "814170401": {
      "$type": "CABKDKCJCGB",
      "gadgetID": 11
    }
  },
  "GMAMPJKDNAO": -2.695066607009189e+19,
  "IBFNPNLJLEK": -3.1080098209681943e+25,
  "IGKPDELKEKH": 2.1110981754592667e-39
}