{
  "JFPMMJBHAKE": {
    "npcId": 4,
    "IJIFBCGNOAB": 1,
    "pos": {
      "x": -2.5848269176649043e-16
    },
    "GDHFLJLKGHK": true,
    "GMBJLMANCKM": {
      "FAAHPHNLMIH": {
        "x": 1.1483038356802216e-39,
        "y": -4.713674763012765e-12
      }
    },
    "JAFICLNFANE": -3.7829927992255596e-13
  },
  "GCICFMPLEEC": true,
  "ANELNMHGFDB": true,
  "AOJOMNPAMBJ": "REACT_ENABLE_DEFAULT"
}