{
  "IOOMICGNAIH": {
    "mainQuestId": 4,
    "MHAEEIPGGEK": 1,
    "pos": {
      "x": -4.3195503936417114e-16
    },
    "OCOGPLLIOJM": true,
    "CPDBMOKKBEB": {
      "IIFLEMAEIEL": {
        "x": 1.1483038356802216e-39,
        "y": -7.240289414767176e-05
      }
    },
    "CLHDDHLCPPF": -2.6140176160555632e-23
  },
  "CFKFJFFPEHO": true,
  "CCKIHGCCBGI": true,
  "MNGAIHANODC": "REACT_ENABLE_DEFAULT"
}