{
  "IOOMICGNAIH": {
    "npcId": 4,
    "MHAEEIPGGEK": 1,
    "pos": {
      "x": -2.5848269176649043e-16
    },
    "OCOGPLLIOJM": true,
    "CPDBMOKKBEB": {
      "IIFLEMAEIEL": {
        "x": 1.1483038356802216e-39,
        "y": -4.713674763012765e-12
      }
    },
    "CLHDDHLCPPF": -3.7829927992255596e-13
  },
  "CFKFJFFPEHO": true,
  "CCKIHGCCBGI": true,
  "MNGAIHANODC": "REACT_ENABLE_DEFAULT"
}