{
  "BABHFOOOAHK": {
    "mainQuestId": 4,
    "KDILOFHJCPI": 1,
    "pos": {
      "x": -4.3195503936417114e-16
    },
    "APKEOBJOEJP": true,
    "NIOFKMHEKMK": {
      "ONDILIEBCFD": {
        "x": 1.1483038356802216e-39,
        "y": -7.240289414767176e-05
      }
    },
    "EMGCHHFBCJP": -2.6140176160555632e-23
  },
  "AIFHINIOEPB": true,
  "EEGHLNCHBGK": true,
  "CCMNIJBNMEP": "REACT_ENABLE_DEFAULT"
}