{
  "targetPosition": {
    "x": 1.5510018024993625e-36,
    "y": 3.8204286669135007e-38,
    "z": -5.422035493592699e-36
  },
  "followOffset": {
    "x": 1.1483038356802216e-39,
    "y": -1.729670911561536e+27
  },
  "OFMDIIGLFNA": -2.902918464099822e-37,
  "fov": 1.6309572696430113e-40
}