{
  "BABHFOOOAHK": {
    "npcId": 4,
    "KDILOFHJCPI": 1,
    "pos": {
      "x": -2.5848269176649043e-16
    },
    "APKEOBJOEJP": true,
    "NIOFKMHEKMK": {
      "ONDILIEBCFD": {
        "x": 1.1483038356802216e-39,
        "y": -4.713674763012765e-12
      }
    },
    "EMGCHHFBCJP": -3.7829927992255596e-13
  },
  "AIFHINIOEPB": true,
  "EEGHLNCHBGK": true,
  "CCMNIJBNMEP": "REACT_ENABLE_DEFAULT"
}