{
  "JFPMMJBHAKE": {
    "mainQuestId": 4,
    "IJIFBCGNOAB": 1,
    "pos": {
      "x": -4.3195503936417114e-16
    },
    "GDHFLJLKGHK": true,
    "GMBJLMANCKM": {
      "FAAHPHNLMIH": {
        "x": 1.1483038356802216e-39,
        "y": -7.240289414767176e-05
      }
    },
    "JAFICLNFANE": -2.6140176160555632e-23
  },
  "GCICFMPLEEC": true,
  "ANELNMHGFDB": true,
  "AOJOMNPAMBJ": "REACT_ENABLE_DEFAULT"
}