{
  "posCurve": {},
  "totalLength": -4.0534947398556616e-22,
  "fovCurve": {
    "keyframes": [
      {
        "time": -4.817266585632751e-07
      },
      {
        "time": 2.415676282133816e-38,
        "value": 9.407645266213946e-38,
        "inTangent": -9.107908818030226e-22
      },
      {
        "inTangent": 6458388250624.0
      },
      {}
    ]
  }
}