{
  "posCurve": {},
  "totalLength": -4.152756413362025e-22,
  "fovCurve": {
    "keyframes": [
      {
        "time": -3.984749525134931e-31
      },
      {
        "inTangent": 2.415676282133816e-38,
        "outTangent": 9.407645266213946e-38
      },
      {
        "value": -3.0248851544456556e-05,
        "outTangent": 1.198967908086013e+20
      },
      {}
    ]
  }
}