{
  "posCurve": {},
  "totalLength": -4.119669188859904e-22,
  "fovCurve": {
    "keyframes": [
      {
        "time": -2069.000244140625
      },
      {
        "value": 2.415676282133816e-38,
        "outTangent": 9.407645266213946e-38
      },
      {},
      {
        "inTangent": -9.687737935814207e+30,
        "outTangent": 6.770568310871895e-39
      }
    ]
  }
}