{
  "targetPosition": {
    "x": 1.5510418011627282e-36,
    "y": 3.8204286669135007e-38,
    "z": -1.6604174824812482e-35
  },
  "followOffset": {
    "x": 1.1917104569111472e-39,
    "y": -1.1103938274169948e+26
  },
  "OFMDIIGLFNA": -6.428515080206505e-24,
  "fov": 1.8067641749772029e-40
}