{
  "targetPosition": {
    "x": 1.5511730972236416e-36,
    "y": 3.8204286669135007e-38,
    "z": -2.89904756026986e-34
  },
  "followOffset": {
    "x": 1.53537610268988e-39,
    "y": -2.7564275177912095e-31
  },
  "NCOJGKFNCPN": -1.9439810358187224e+33,
  "fov": 1.6782090538600442e-40
}