{
  "targetPosition": {
    "x": 1.5512649327197996e-36,
    "y": 3.8204286669135007e-38,
    "z": -3.286199150189325e-33
  },
  "followOffset": {
    "x": 1.7445170958934302e-39,
    "y": -1.4124273673499958e-23
  },
  "OFMDIIGLFNA": -1.3855665166796044e+32,
  "fov": 1.4164184747548818e-40
}