{
  "targetPosition": {
    "x": 1.5512649327197996e-36,
    "y": 3.8204286669135007e-38,
    "z": -3.273586095805002e-33
  },
  "followOffset": {
    "x": 1.7445170958934302e-39,
    "y": -1.044828504574951e-19
  },
  "NCOJGKFNCPN": -463.1067810058594,
  "fov": 1.5422690898358937e-40
}