{
  "shortID": 75168,
  "PEHJAGKLFPH": {},
  "JJHOGBPNHOF": {
    "x": 2.3696436275807456e-38,
    "y": -1.671972829773424e+36,
    "z": 2.4159571023460665e-38
  },
  "EIFMLCNOALF": {
    "x": -32.50006866455078,
    "y": -2.345822138645806e+22,
    "z": 5.6917980389647686e+20
  },
  "FKNFFAHLCHH": {}
}