{
  "velocityForce": {},
  "speed": 3.4171878258588927e-37,
  "maxSpeed": 3.8204286669135007e-38,
  "anglerVelocity": -1.7846528054281596e-23,
  "AIPBEHPJBDL": {
    "$type": "OLJMJMCGBMD",
    "angularVelocity": {
      "x": -5.854712500930478e+17,
      "y": -1.4046299457550049
    }
  },
  "syncToRemote": true,
  "gravity": 1.4589058441932103e-40
}