{
  "velocityForce": {},
  "speed": 3.417187377443384e-37,
  "maxSpeed": 3.8204286669135007e-38,
  "anglerVelocity": -1.784601056152777e-23,
  "AFNAKLCPGNF": {
    "$type": "EIIKGAHLKAH",
    "angularVelocity": {
      "x": -0.031738460063934326,
      "y": -4.654504361395565e-18
    }
  },
  "syncToRemote": true,
  "gravity": 1.659795992038816e-40
}