{
  "CNHAHGIFHFJ": 3.41718715323563e-37,
  "GHELMLGCCFD": 3.8204286669135007e-38,
  "ONOBDKKIFEB": -1.784565084095499e-23,
  "KNDKPFBCILC": 1.4188403785198034e-09,
  "CLEEHOPHMLJ": -3.5165231790415675e+19,
  "JBGDCHJPIIC": -0.00042442913400009274,
  "EEAKEDPDCJG": 8.337540891335371e-39
}