{
  "IJCJOBFNJKP": 3.41718715323563e-37,
  "HDKJCEFLNLE": 3.8204286669135007e-38,
  "KNALCPIMJOF": -1.784565084095499e-23,
  "LFJLALGECIM": 1.4188403785198034e-09,
  "PIGAJKDPNGF": -3.5165231790415675e+19,
  "IFHLCCHJIDB": -0.00042442913400009274,
  "POMIDFDMEPA": 8.337540891335371e-39
}