{
  "velocityForce": {},
  "speed": 3.417188050066647e-37,
  "maxSpeed": 3.8204286669135007e-38,
  "anglerVelocity": -1.7846887774854377e-23,
  "LHBKLPECNGH": {
    "$type": "KAEEENPNEIM",
    "angularVelocity": {
      "x": -1.5716124199361733e+26,
      "y": -4.53106752118515e-09
    }
  },
  "syncToRemote": true,
  "NKALEMPNNIG": 1.4879407483740205e-40
}