{
  "velocityForce": {},
  "speed": 3.4171853595735955e-37,
  "maxSpeed": 3.8204286669135007e-38,
  "anglerVelocity": -1.7843176973156217e-23,
  "LHBKLPECNGH": {
    "$type": "KAEEENPNEIM",
    "angularVelocity": {
      "x": -2129932.0,
      "y": -1.608862252447804e-20,
      "z": 1.2715040754567674e+32
    }
  },
  "syncToRemote": false
}