{
  "IJCJOBFNJKP": 3.4171853595735955e-37,
  "HDKJCEFLNLE": 3.8204286669135007e-38,
  "KNALCPIMJOF": -1.7843176973156217e-23,
  "LFJLALGECIM": 1.6225671917169393e-09,
  "PIGAJKDPNGF": -1.9079098460556315e+24,
  "IFHLCCHJIDB": -6.877898929026548e-17,
  "POMIDFDMEPA": 1.0724881236962382e-38
}