{
  "velocityForce": {},
  "speed": 3.4171862564046126e-37,
  "maxSpeed": 3.8204286669135007e-38,
  "anglerVelocity": -1.7844413907055604e-23,
  "AIPBEHPJBDL": {
    "$type": "OLJMJMCGBMD",
    "angularVelocity": {
      "x": -8320.046875,
      "y": -1.5095743797036044e-35,
      "z": -505172608.0
    }
  },
  "syncToRemote": true
}