{
  "id": 1909609,
  "ICKAOODMABK": {
    "$type": "OEBHBLICECB",
    "sceneId": 3,
    "shape": {
      "$type": "AKEKNOFPKCE",
      "PEOAFDNPGOB": {
        "x": 1803.3509521484375,
        "y": 218.077392578125,
        "z": -380.31201171875
      },
      "radius": 20.0
    }
  },
  "DKNHCEBGGDC": {}
}