{
  "position": {
    "y": -1.3670956418029286e-29,
    "z": 1.401298464324817e-45
  },
  "dutch": 9.477710189430187e-38,
  "lengthRatio": 4.1175243770119607e-10,
  "sList": [
    -6.594907259183103e-11,
    2.895967894301616e-28,
    -2.705671317070913e+27
  ],
  "tList": [
    -1.4246463494385325e+32,
    2.351007198784304e-38,
    -0.00012494626571424305,
    3.0056674969057293e-38,
    4.11098793895448e-10,
    3.879361843284961e-37,
    1.7877783441575908e-17,
    -5.949616099414057e+20,
    2.3694407195631113e-38,
    2.8794196421810224e-29,
    3.60133705331478e-43,
    9.482301964238086e-38,
    2.7734319839713346e-38,
    6.776266001415104e-21,
    1.7950633328000907e-42,
    4.059200676664585e-38,
    -9.919284546195401e-17,
    9.855678688911333e-35,
    -1396.5360107421875,
    145.71800231933594,
    7585.39794921875,
    -1.4023586662019237e+24,
    3.885509332921721e-34,
    2.350988701644575e-38,
    1.572118818088197e-33,
    3.387380046841544e-32,
    1.1497653899785124e-40,
    2.6264957506379344e-38,
    6.829410740184502e-21,
    3.5887253671358565e-42,
    9.733276895800857e-36,
    4.110989604289017e-10,
    2.3694317512529397e-38,
    2.6075011442663235e-26,
    2.350988701644575e-38,
    2.517378320779118e-38,
    2.468792631253757e-32,
    1.804994722998643e+28,
    46449052.0,
    5.598070274004385e-08,
    1.0135278447931024e-20,
    8.252246656408848e-42,
    6.671045235286679e-37,
    -2.7302935381144997e+22,
    2.371912890313873e-38,
    571247689728.0,
    7.681350243919886e+31,
    2.8473011522585245e-39,
    2.379629985508532e+21,
    -0.00012497235729824752,
    3.0056674969057293e-38,
    6.066286251677081e-36,
    4.465584291922945e+30,
    7.167541977689054e-15,
    2.350988701644575e-38,
    3.75547988439051e-43,
    2.5392155955277703e-38,
    2.461194379890786e-38,
    9.94081953351975e-32,
    6.489830842492923e-36,
    2.204456883047979e-39,
    2.774940341638334e-38,
    3812.939208984375,
    7.555081327053433e+31,
    2.939108622447229e-39,
    7.174657688234664e-33,
    2.410131048156247e-35,
    2.5352345065906235e-38,
    3.937923563459498e-37
  ],
  "inControlPoint": {
    "y": 2.4104249217439524e-35
  },
  "outControlPoint": {
    "x": 1.1461025271192193e-13,
    "z": 4.9377650396747925e-37
  }
}