{
  "EPJJDMFCGPB": -1.8121966946751952e+36,
  "HICDPOHOBJB": [
    0.0,
    3.8497444473585e-37,
    9.85534578523776e-35,
    -389.45001220703125,
    238.69000244140625,
    2811.030029296875,
    30.0,
    2.3694275473575467e-38,
    2.839976596919972e-29,
    3.60133705331478e-43,
    9.482301964238086e-38,
    2.8469003808977276e-38,
    6.165713243029195e-43,
    2.647230203495163e-38,
    6.179726227672443e-43,
    -0.0004923492670059204,
    6.77626438582797e-21,
    1.5891985754061318e-40,
    4.583000645652646e-13,
    -3.9515584498215715e+28,
    3.8914482878248124e+19,
    7.541831283300873e-32,
    4.3395679844709933e-14,
    1.4487003556333484e-37,
    123.80899810791016,
    6.829409932390935e-21,
    1.5927858994748033e-40,
    4.583000645652646e-13,
    -1.1287752655894648e+29,
    6.979943052452286e-24,
    1.8854347517485835e-32,
    2.466758806162371e-27,
    1.448698561971314e-37,
    -48.10499954223633,
    6.829409932390935e-21,
    1.5963732235434749e-40,
    4.583000645652646e-13,
    -1.1411546659823186e+29,
    -5.029579028814624e-07,
    1.885447094439267e-32,
    -48.85919189453125,
    1.4486980014519283e-37,
    -9.94800090789795,
    6.829409932390935e-21,
    1.5999605476121464e-40,
    4.583000645652646e-13,
    -1.1349649657858917e+29,
    4.278692641352388e+31,
    1.8854334293174388e-32,
    -0.011928513646125793,
    1.4486997951139626e-37,
    -75.58300018310547,
    6.829409932390935e-21,
    1.610722519818161e-40,
    4.69299266114831e-10,
    -1.715172841048482e+38,
    2.387861348396047e-38,
    -1.1327401644884822e+29,
    2.370360531875094e-38,
    -33833988.0,
    1.0097420790535166e-28,
    1.6573577327108909e-40,
    -8661499904.0,
    6.77626438582797e-21,
    1.7685647788397084e-40,
    4.69299266114831e-10,
    -1.922775254570297e-06,
    2.3878616286557397e-38,
    -3.9459964465780476e+28,
    2.370360531875094e-38,
    -1.5983935505563374e+29,
    1.401298464324817e-45,
    1.6272605234013014e-33,
    8.805876698368768e-38,
    2.5163649017297184e-38,
    1.6015550054247195e-30,
    6.829410740184502e-21,
    1.7900887232517376e-40,
    4.69299266114831e-10,
    -7.691101018281188e-06,
    2.3878616286557397e-38,
    -3.9459964465780476e+28,
    2.370360531875094e-38,
    -1.668800732330447e-24,
    2.802596928649634e-45,
    1.6045499725434148e-33,
    8.779330500260599e-38,
    2.369431470993247e-38,
    2.2775844281359096e-37,
    2.350988701644575e-38,
    2.516672907132177e-38,
    1.6015894238993116e-30,
    6.829410740184502e-21,
    2.4035211389945695e-40,
    135266304.0,
    -3.076439679716714e-05,
    2.6082668194349186e-38,
    2.9020737053335886e-38,
    9.430738664906019e-43,
    9.639237347735074e-36,
    -1.1327401644884822e+29,
    2.370360531875094e-38,
    -33034.00390625,
    -0.00012779237295035273,
    6.246295596309408e-33,
    1.6358337882988617e-40,
    -0.007917648181319237,
    -528544.0625,
    -0.00012779237295035273,
    6.246671754501671e-33,
    1.6430084364362048e-40,
    -0.1266823709011078,
    -8456705.0,
    -8.375000953674316,
    6.246107517213276e-33,
    1.7757394269770514e-40,
    -34059288.0,
    -2.555882255841033e+30,
    -1.658839841537069e+29,
    6.249869099135907e-33,
    1.7972633713890806e-40,
    -8720750592.0,
    -6.671163961487057e-24,
    -0.0020446782000362873,
    6.287861076554484e-33,
    2.3891718427198834e-40,
    -8.162115097045898,
    -4.269544935351716e-22,
    -0.00817871280014515,
    6.288425313842879e-33,
    2.399933814925898e-40,
    -2.5262789445633765e+27,
    -2.7325087586250984e-20,
    -0.0327148512005806,
    6.288989551131273e-33,
    2.4106957871319126e-40,
    -1.6169635956189147e+29,
    -1.748805605520063e-18,
    -0.1308594048023224,
    6.289553788419668e-33,
    2.421457759337927e-40,
    -1.0349495466990518e+31,
    -6.069224987554137e-36,
    1.748276416723182e-18,
    2.0012203575574034e-34,
    9.530231976911852e-38,
    1.8808550847333875e-37,
    2.350988701644575e-38,
    -9.705798567406684e-35,
    1.6403166521575476e-27,
    2.3030760650717666e-40,
    2.3534283622709645e-38,
    6.777818580650774e-21,
    2.4250450834065987e-40,
    129.0,
    -1.715196368643622e+38,
    -3.314197965664789e-05,
    9.40426197120168e-38,
    2.608199837368324e-38,
    2.718402713017606e-38,
    2.351179838755109e-38,
    -6.06557524404667e-36,
    2.4099371801952657e-37,
    -4.479653384958167e-16,
    2.802596928649634e-45,
    1.6272605234013014e-33,
    8.779330500260599e-38,
    2.5163649017297184e-38,
    1.6015894238993116e-30,
    6.513033619102956e-27,
    2.4429817037499563e-40,
    2.3534283622709645e-38,
    -4.5459945935739e-16,
    2.53480374744269e-38,
    2.407546165925325e-35,
    6.245731359021013e-33,
    2.299488741003095e-40,
    1.8808497037472845e-37,
    1.924936795512486e-37,
    1.8811353444262525e-37,
    9.705618340245474e-35,
    6.700512458691949e+31,
    8.282179487399575e-19,
    2.3102507132091097e-40,
    -3.111364640062675e-05,
    2281767168.0,
    1.8048787889014885e+28,
    1.1192099915317871e-32,
    2.4358070556126133e-40,
    -2.832988380620203e-17
  ],
  "HIPEMLBLIBO": [
    {
      "DMNKDFIEPLA": 2.439394379681285e-40
    },
    {
      "DMNKDFIEPLA": 2.439249429368135e-37
    }
  ]
}