{
  "id": 4010024,
  "area": {},
  "LDJHHOHEIHA": {
    "$type": "APACOGJKILF",
    "sceneId": 3,
    "shape": {
      "$type": "GDCHJFLCPHG",
      "center": {
        "x": -412.4884033203125,
        "y": 241.38609313964844,
        "z": 2726.180908203125
      },
      "radius": 30.0
    }
  },
  "BDLLIFJOJDD": {}
}