{
  "id": 4010024,
  "ICKAOODMABK": {
    "$type": "OEBHBLICECB",
    "sceneId": 3,
    "shape": {
      "$type": "AKEKNOFPKCE",
      "PEOAFDNPGOB": {
        "x": -412.4884033203125,
        "y": 241.38609313964844,
        "z": 2726.180908203125
      },
      "radius": 30.0
    }
  },
  "DKNHCEBGGDC": {}
}