{
  "keyframes": [
    {
      "repeatTimes": 1.7968009428958534e-40,
      "DKDLKLLBGHH": 3.8497444473585e-37,
      "DMKCBLDKNEO": 9.85534578523776e-35
    },
    {
      "MOOGPHLMHAP": -7.952586287921124e-26,
      "repeatTimes": 3.69757116268239e+24,
      "DKDLKLLBGHH": 6.385621813632617e-39,
      "DMKCBLDKNEO": 6.055403027917546e-39
    }
  ]
}