{
  "id": 4010021,
  "HEKHCLPJAMH": {
    "$type": "KCFPNNANNGG",
    "sceneId": 3,
    "shape": {
      "$type": "OPHLANCGOGI",
      "DKGODPJNAFG": {
        "x": -419.91949462890625,
        "y": 260.9928894042969,
        "z": 2722.928955078125
      },
      "radius": 30.0
    }
  },
  "KHPPADONMMD": {}
}