{
  "id": 4010024,
  "HEKHCLPJAMH": {
    "$type": "KCFPNNANNGG",
    "sceneId": 3,
    "shape": {
      "$type": "OPHLANCGOGI",
      "DKGODPJNAFG": {
        "x": -412.4884033203125,
        "y": 241.38609313964844,
        "z": 2726.180908203125
      },
      "radius": 30.0
    }
  },
  "KHPPADONMMD": {}
}