{
  "OIIHDBGDNKL": {
    "1": {
      "$type": "CIAHABOPIPM",
      "OKKNABIAANA": 77311003,
      "LADDMKIFPGM": {
        "_x": 739.736328125,
        "_y": 307.4317932128906,
        "_z": 643.1160888671875
      },
      "MBNFCMGJHAE": {
        "_x": 6.914770126342773,
        "_y": 0.8523163795471191,
        "_z": 14.037079811096191
      },
      "NLIDOGBDDGM": {
        "_x": 739.736328125,
        "_y": 307.4317932128906,
        "_z": 643.1160888671875
      },
      "KEOFPMFNPLO": ""
    },
    "2": {
      "$type": "CIAHABOPIPM",
      "OKKNABIAANA": 77311004,
      "LADDMKIFPGM": {
        "_x": 616.4158935546875,
        "_y": 380.78460693359375,
        "_z": 762.0211181640625
      },
      "MBNFCMGJHAE": {
        "_x": 359.10760498046875,
        "_y": 359.9092102050781,
        "_z": 1.7912169694900513
      },
      "NLIDOGBDDGM": {
        "_x": 616.4158935546875,
        "_y": 380.78460693359375,
        "_z": 762.0211181640625
      },
      "KEOFPMFNPLO": ""
    },
    "3": {
      "$type": "CIAHABOPIPM",
      "OKKNABIAANA": 77311005,
      "LADDMKIFPGM": {
        "_x": 471.05841064453125,
        "_y": 370.4032897949219,
        "_z": 844.7468872070312
      },
      "MBNFCMGJHAE": {
        "_x": 354.6465148925781,
        "_y": 0.08369480073451996,
        "_z": 358.2099914550781
      },
      "NLIDOGBDDGM": {
        "_x": 471.05841064453125,
        "_y": 370.4032897949219,
        "_z": 844.7468872070312
      },
      "KEOFPMFNPLO": ""
    },
    "4": {
      "$type": "CIAHABOPIPM",
      "OKKNABIAANA": 77311006,
      "LADDMKIFPGM": {
        "_x": 327.21600341796875,
        "_y": 458.8453063964844,
        "_z": 620.5260009765625
      },
      "MBNFCMGJHAE": {
        "_x": 13.74153995513916,
        "_y": 356.5610046386719,
        "_z": 340.77081298828125
      },
      "NLIDOGBDDGM": {
        "_x": 327.21600341796875,
        "_y": 458.8453063964844,
        "_z": 620.5260009765625
      },
      "KEOFPMFNPLO": ""
    },
    "5": {
      "$type": "IIAEOINFBBC",
      "OKKNABIAANA": 77311007,
      "LADDMKIFPGM": {
        "_x": 634.9000244140625,
        "_y": 388.2300109863281,
        "_z": 830.9600219726562
      },
      "NLIDOGBDDGM": {
        "_x": 634.9000244140625,
        "_y": 388.2300109863281,
        "_z": 830.9600219726562
      },
      "KEOFPMFNPLO": "",
      "DKBLPENIKIM": 5,
      "HLNONCJEJPI": [
        {
          "PIDJAEMNIDH": {
            "_x": 637.75,
            "_y": 388.0,
            "_z": 837.219970703125
          },
          "EMIAONONHIK": {
            "_y": 315.0
          }
        },
        {
          "PIDJAEMNIDH": {
            "_x": 644.8200073242188,
            "_y": 388.0,
            "_z": 830.8499755859375
          },
          "EMIAONONHIK": {
            "_y": 270.0
          }
        },
        {
          "PIDJAEMNIDH": {
            "_x": 645.5,
            "_y": 388.0,
            "_z": 842.760009765625
          },
          "EMIAONONHIK": {
            "_y": 90.0
          }
        },
        {
          "PIDJAEMNIDH": {
            "_x": 644.6599731445312,
            "_y": 388.0,
            "_z": 837.1199951171875
          },
          "EMIAONONHIK": {
            "_y": 180.0
          }
        },
        {
          "PIDJAEMNIDH": {
            "_x": 652.7100219726562,
            "_y": 388.0,
            "_z": 837.280029296875
          },
          "EMIAONONHIK": {
            "_y": 225.0
          }
        }
      ]
    }
  },
  "AGHEGEFDJOA": {}
}