{
  "NMLGOIJIDMO": {
    "1": {
      "$type": "FHNGLBIHCJO",
      "JNMCHAGDLOL": "TOWER",
      "OKKNABIAANA": 70120004,
      "LADDMKIFPGM": {
        "_x": 32.38697052001953,
        "_y": 3.1199870109558105,
        "_z": 127.01860046386719
      },
      "NLIDOGBDDGM": {
        "_x": 35.93177795410156,
        "_y": 3.1199874877929688,
        "_z": 123.58773040771484
      },
      "KEOFPMFNPLO": "",
      "MGLEAPLEHFN": {
        "_x": 3.0,
        "_y": 3.0,
        "_z": 3.0
      }
    }
  },
  "OIIHDBGDNKL": {
    "9": {
      "$type": "MBIKCEBOCKA",
      "OKKNABIAANA": 70010006,
      "LADDMKIFPGM": {
        "_x": 11.560420036315918,
        "_y": -38.328941345214844,
        "_z": 104.09130096435547
      },
      "DKGGAAJODMB": true,
      "KEOFPMFNPLO": "",
      "DFEBCOOIEHF": 300.0,
      "MPBBCDDFGKO": "NoReviveRegion",
      "HPDFOLLGBKL": {
        "$type": "BHMDEDHPEFH",
        "EAIPPAJKGFO": true,
        "NEBDNCNFDJC": 20.0,
        "LDMENJHNDON": "Center",
        "ACIIKIJKEHO": 300.0,
        "IGNNLKPCNOI": 300.0
      },
      "HMDGKCKKKNN": ""
    }
  },
  "AGHEGEFDJOA": {}
}