{
  "NMLGOIJIDMO": {
    "1": {
      "$type": "CMNLBNELOAO",
      "OKKNABIAANA": 70010002,
      "LADDMKIFPGM": {
        "_x": 15.380390167236328,
        "_y": 0.1909734010696411,
        "_z": 0.4082416892051697
      },
      "NLIDOGBDDGM": {
        "_x": 2201.60009765625,
        "_y": 455.79998779296875,
        "_z": 4569.7998046875
      },
      "AALAENIJCGC": {
        "_y": 90.0
      },
      "DKGGAAJODMB": true,
      "KEOFPMFNPLO": "",
      "CANCGDNOKLN": 3,
      "AOKNILCKJGO": "UI_SCENE_ENTRY_EXIT_Fdck",
      "ILJGBEDCHJH": {
        "_x": 3.0,
        "_y": 3.0,
        "_z": 3.0
      },
      "NENGJNNAAPG": 24.0
    }
  },
  "AGHEGEFDJOA": {}
}