{
    "MHHCMJDEEJK": {
        "1": {
            "$type": "IMFONKLKLOK",
            "gadgetId": 70120004,
            "musicSubStates": {
                "x": -78.6040267944336,
                "y": 13.10297966003418,
                "z": 83.8307113647461
            },
            "tranPos": {
                "x": -78.60403442382812,
                "y": 13.102983474731445,
                "z": 83.8307113647461
            },
            "alias": ""
        }
    },
    "AFLIBNAHANB": {}
}