{
    "MHHCMJDEEJK": {
        "1": {
            "$type": "IMFONKLKLOK",
            "gadgetId": 70120004,
            "musicSubStates": {
                "x": 454.87969970703125,
                "y": 6.168126106262207,
                "z": 450.4910888671875
            },
            "tranPos": {
                "x": 454.8797302246094,
                "y": 6.168126106262207,
                "z": 450.49114990234375
            },
            "alias": ""
        }
    },
    "AFLIBNAHANB": {}
}