{
  "NMLGOIJIDMO": {
    "1": {
      "$type": "HAMECKLBPHA",
      "OKKNABIAANA": 70010006,
      "LADDMKIFPGM": {
        "_x": 489.4519958496094,
        "_y": 153.377197265625,
        "_z": 555.6544189453125
      },
      "MBNFCMGJHAE": {
        "_x": 0.03175259009003639,
        "_y": 247.3780975341797,
        "_z": 359.894287109375
      },
      "NLIDOGBDDGM": {
        "_x": 499.99578857421875,
        "_y": 146.8968963623047,
        "_z": 560.5333251953125
      },
      "AALAENIJCGC": {
        "_x": 0.03175259009003639,
        "_y": 247.3780975341797,
        "_z": 359.894287109375
      },
      "KEOFPMFNPLO": "",
      "MGLEAPLEHFN": {
        "_x": 30.0,
        "_y": 15.0,
        "_z": 30.0
      },
      "MLEILPJGHHM": true
    },
    "2": {
      "$type": "HAMECKLBPHA",
      "OKKNABIAANA": 70010006,
      "LADDMKIFPGM": {
        "_x": 457.45709228515625,
        "_y": 171.62100219726562,
        "_z": 522.3021850585938
      },
      "MBNFCMGJHAE": {
        "_x": 0.03175261989235878,
        "_y": 247.3780975341797,
        "_z": 359.894287109375
      },
      "NLIDOGBDDGM": {
        "_x": 457.4646911621094,
        "_y": 167.5511932373047,
        "_z": 522.2943115234375
      },
      "AALAENIJCGC": {
        "_x": 0.03175261989235878,
        "_y": 247.3780975341797,
        "_z": 359.894287109375
      },
      "KEOFPMFNPLO": "",
      "MGLEAPLEHFN": {
        "_x": 15.0,
        "_y": 15.0,
        "_z": 15.0
      },
      "MLEILPJGHHM": true
    },
    "3": {
      "$type": "HAMECKLBPHA",
      "OKKNABIAANA": 70010006,
      "LADDMKIFPGM": {
        "_x": 391.25628662109375,
        "_y": 183.03289794921875,
        "_z": 506.9938049316406
      },
      "MBNFCMGJHAE": {
        "_x": 0.03175261989235878,
        "_y": 247.3780975341797,
        "_z": 359.894287109375
      },
      "NLIDOGBDDGM": {
        "_x": 392.9664001464844,
        "_y": 180.29879760742188,
        "_z": 507.7008972167969
      },
      "AALAENIJCGC": {
        "_x": 0.03175261989235878,
        "_y": 247.3780975341797,
        "_z": 359.894287109375
      },
      "KEOFPMFNPLO": "",
      "MGLEAPLEHFN": {
        "_x": 15.0,
        "_y": 15.0,
        "_z": 15.0
      },
      "MLEILPJGHHM": true
    },
    "4": {
      "$type": "KJJGLEGGNLA",
      "OKKNABIAANA": 70010006,
      "LADDMKIFPGM": {
        "_x": 489.5733947753906,
        "_y": 152.47869873046875,
        "_z": 554.890380859375
      },
      "MBNFCMGJHAE": {
        "_y": 240.47579956054688
      },
      "NLIDOGBDDGM": {
        "_x": 500.9598083496094,
        "_y": 146.5557861328125,
        "_z": 561.3389282226562
      },
      "AALAENIJCGC": {
        "_y": 240.47579956054688
      },
      "KEOFPMFNPLO": "",
      "MGLEAPLEHFN": {
        "_x": 30.0,
        "_y": 15.0,
        "_z": 30.0
      },
      "MLEILPJGHHM": true
    }
  },
  "OIIHDBGDNKL": {
    "1": {
      "$type": "MBIKCEBOCKA",
      "OKKNABIAANA": 70010006,
      "LADDMKIFPGM": {
        "_x": 401.2427978515625,
        "_y": 69.06796264648438,
        "_z": 497.8575134277344
      },
      "NLIDOGBDDGM": {
        "_x": 521.7012329101562,
        "_y": 116.59072875976562,
        "_z": 583.8665161132812
      },
      "KEOFPMFNPLO": "",
      "DFEBCOOIEHF": 500.0,
      "BJPHFBMFCKK": true,
      "MPBBCDDFGKO": "DeadRegion",
      "HPDFOLLGBKL": {
        "$type": "BHMDEDHPEFH",
        "EAIPPAJKGFO": true,
        "NEBDNCNFDJC": 10.0,
        "LDMENJHNDON": "Center",
        "ACIIKIJKEHO": 500.0,
        "IGNNLKPCNOI": 400.0
      },
      "HMDGKCKKKNN": ""
    },
    "2": {
      "$type": "MBIKCEBOCKA",
      "OKKNABIAANA": 70010006,
      "LADDMKIFPGM": {
        "_x": 392.75048828125,
        "_y": 255.34230041503906,
        "_z": 293.19000244140625
      },
      "NLIDOGBDDGM": {
        "_x": 492.7926330566406,
        "_y": 148.818115234375,
        "_z": 557.8067626953125
      },
      "KEOFPMFNPLO": "",
      "DFEBCOOIEHF": 500.0,
      "BJPHFBMFCKK": true,
      "MPBBCDDFGKO": "DeadRegion",
      "HPDFOLLGBKL": {
        "$type": "BHMDEDHPEFH",
        "EAIPPAJKGFO": true,
        "NEBDNCNFDJC": 400.0,
        "LDMENJHNDON": "Center",
        "ACIIKIJKEHO": 500.0,
        "IGNNLKPCNOI": 15.0
      },
      "HMDGKCKKKNN": ""
    },
    "3": {
      "$type": "MBIKCEBOCKA",
      "OKKNABIAANA": 70010006,
      "LADDMKIFPGM": {
        "_x": 641.9871826171875,
        "_y": 308.0444030761719,
        "_z": 499.4538879394531
      },
      "NLIDOGBDDGM": {
        "_x": 443.6589660644531,
        "_y": 116.37200927734375,
        "_z": 732.3673706054688
      },
      "KEOFPMFNPLO": "",
      "DFEBCOOIEHF": 500.0,
      "BJPHFBMFCKK": true,
      "MPBBCDDFGKO": "DeadRegion",
      "HPDFOLLGBKL": {
        "$type": "BHMDEDHPEFH",
        "EAIPPAJKGFO": true,
        "NEBDNCNFDJC": 500.0,
        "LDMENJHNDON": "Center",
        "ACIIKIJKEHO": 15.0,
        "IGNNLKPCNOI": 400.0
      },
      "HMDGKCKKKNN": ""
    },
    "4": {
      "$type": "MBIKCEBOCKA",
      "OKKNABIAANA": 70010006,
      "LADDMKIFPGM": {
        "_x": 400.2121887207031,
        "_y": 251.27549743652344,
        "_z": 702.9542846679688
      },
      "NLIDOGBDDGM": {
        "_x": 488.9578552246094,
        "_y": 200.68409729003906,
        "_z": 493.51715087890625
      },
      "KEOFPMFNPLO": "",
      "DFEBCOOIEHF": 500.0,
      "BJPHFBMFCKK": true,
      "MPBBCDDFGKO": "DeadRegion",
      "HPDFOLLGBKL": {
        "$type": "BHMDEDHPEFH",
        "EAIPPAJKGFO": true,
        "NEBDNCNFDJC": 400.0,
        "LDMENJHNDON": "Center",
        "ACIIKIJKEHO": 500.0,
        "IGNNLKPCNOI": 15.0
      },
      "HMDGKCKKKNN": ""
    },
    "5": {
      "$type": "MBIKCEBOCKA",
      "OKKNABIAANA": 70010006,
      "LADDMKIFPGM": {
        "_x": 144.13450622558594,
        "_y": 290.07550048828125,
        "_z": 501.59271240234375
      },
      "NLIDOGBDDGM": {
        "_x": 856.7762451171875,
        "_y": 143.32705688476562,
        "_z": 550.619873046875
      },
      "KEOFPMFNPLO": "",
      "DFEBCOOIEHF": 500.0,
      "BJPHFBMFCKK": true,
      "MPBBCDDFGKO": "DeadRegion",
      "HPDFOLLGBKL": {
        "$type": "BHMDEDHPEFH",
        "EAIPPAJKGFO": true,
        "NEBDNCNFDJC": 500.0,
        "LDMENJHNDON": "Center",
        "ACIIKIJKEHO": 15.0,
        "IGNNLKPCNOI": 400.0
      },
      "HMDGKCKKKNN": ""
    },
    "6": {
      "$type": "MBIKCEBOCKA",
      "OKKNABIAANA": 70010006,
      "LADDMKIFPGM": {
        "_x": 401.2427978515625,
        "_y": 449.17120361328125,
        "_z": 497.8575134277344
      },
      "NLIDOGBDDGM": {
        "_x": 723.8758544921875,
        "_y": 232.8521270751953,
        "_z": 562.4807739257812
      },
      "KEOFPMFNPLO": "",
      "DFEBCOOIEHF": 500.0,
      "BJPHFBMFCKK": true,
      "MPBBCDDFGKO": "DeadRegion",
      "HPDFOLLGBKL": {
        "$type": "BHMDEDHPEFH",
        "EAIPPAJKGFO": true,
        "NEBDNCNFDJC": 10.0,
        "LDMENJHNDON": "Center",
        "ACIIKIJKEHO": 500.0,
        "IGNNLKPCNOI": 400.0
      },
      "HMDGKCKKKNN": ""
    }
  },
  "AGHEGEFDJOA": {}
}