{
    "HNGDGDECKOD": {
        "1": {
            "$type": "EGNLKABGENB",
            "gadgetId": 70120004,
            "pos": {
                "x": -3.3268160820007324,
                "y": -5.587999112321995e-05,
                "z": 5.938292980194092
            },
            "tranPos": {
                "x": -3.3268160820007324,
                "y": -5.587999112321995e-05,
                "z": 5.938292980194092
            },
            "unlocked": true,
            "alias": ""
        }
    },
    "PJOEJDKAIKD": {}
}