{
    "JEKPPCMCDDL": {
        "1": {
            "$type": "LKKBANOPKNL",
            "gadgetId": 70120004,
            "tranPos": {
                "x": 492.0466613769531,
                "y": 100.54388427734375,
                "z": 488.57183837890625
            },
            "alias": "",
            "DMIKDAOCFDG": {
                "x": 2.0,
                "y": 2.0,
                "z": 2.0
            }
        }
    },
    "DDIAGBHNOPL": {}
}