{
  "NMLGOIJIDMO": {
    "1": {
      "$type": "FHNGLBIHCJO",
      "OKKNABIAANA": 70350085,
      "LADDMKIFPGM": {
        "_x": 60.28144836425781,
        "_y": 55.01913833618164,
        "_z": 138.8784942626953
      },
      "NLIDOGBDDGM": {
        "_x": -8.521085739135742,
        "_y": 1.0,
        "_z": -15.227899551391602
      },
      "DKGGAAJODMB": true,
      "KEOFPMFNPLO": "",
      "MGLEAPLEHFN": {
        "_x": 5.0,
        "_y": 5.0,
        "_z": 5.0
      }
    },
    "10": {
      "$type": "HAMECKLBPHA",
      "OKKNABIAANA": 70010006,
      "LADDMKIFPGM": {
        "_x": 21.310890197753906,
        "_y": 46.03282165527344,
        "_z": 79.12653350830078
      },
      "MBNFCMGJHAE": {
        "_y": 90.0
      },
      "NLIDOGBDDGM": {
        "_x": 17.165889739990234,
        "_y": 41.62997055053711,
        "_z": 79.12653350830078
      },
      "AALAENIJCGC": {
        "_y": 90.0
      },
      "DKGGAAJODMB": true,
      "KEOFPMFNPLO": "",
      "MGLEAPLEHFN": {
        "_x": 10.0,
        "_y": 10.0,
        "_z": 20.0
      }
    },
    "11": {
      "$type": "KJJGLEGGNLA",
      "OKKNABIAANA": 70010006,
      "LADDMKIFPGM": {
        "_x": 11.348480224609375,
        "_y": 45.701019287109375,
        "_z": 80.32196807861328
      },
      "MBNFCMGJHAE": {
        "_y": 180.0
      },
      "NLIDOGBDDGM": {
        "_x": 11.416500091552734,
        "_y": 49.2499885559082,
        "_z": 127.956298828125
      },
      "AALAENIJCGC": {
        "_y": 180.0
      },
      "DKGGAAJODMB": true,
      "KEOFPMFNPLO": "",
      "MGLEAPLEHFN": {
        "_x": 26.0,
        "_y": 10.0,
        "_z": 26.0
      }
    },
    "12": {
      "$type": "KJJGLEGGNLA",
      "OKKNABIAANA": 70010006,
      "LADDMKIFPGM": {
        "_x": 60.7923698425293,
        "_y": 46.4876708984375,
        "_z": 40.20586013793945
      },
      "NLIDOGBDDGM": {
        "_x": 60.7923698425293,
        "_y": 41.79136276245117,
        "_z": 40.9370002746582
      },
      "AALAENIJCGC": {
        "_y": 180.0
      },
      "DKGGAAJODMB": true,
      "KEOFPMFNPLO": "",
      "MGLEAPLEHFN": {
        "_x": 20.0,
        "_y": 10.0,
        "_z": 10.0
      }
    },
    "3": {
      "$type": "HAMECKLBPHA",
      "OKKNABIAANA": 70010006,
      "LADDMKIFPGM": {
        "_x": 11.14052963256836,
        "_y": 41.65530014038086,
        "_z": 90.69304656982422
      },
      "MBNFCMGJHAE": {
        "_y": 180.0
      },
      "NLIDOGBDDGM": {
        "_x": 11.14052963256836,
        "_y": 41.65530014038086,
        "_z": 90.69304656982422
      },
      "AALAENIJCGC": {
        "_y": 180.0
      },
      "DKGGAAJODMB": true,
      "KEOFPMFNPLO": "",
      "MGLEAPLEHFN": {
        "_x": 15.0,
        "_y": 5.0,
        "_z": 8.0
      }
    },
    "4": {
      "$type": "HAMECKLBPHA",
      "OKKNABIAANA": 70010006,
      "LADDMKIFPGM": {
        "_x": 60.951351165771484,
        "_y": 41.81616973876953,
        "_z": 40.75801086425781
      },
      "NLIDOGBDDGM": {
        "_x": 60.951351165771484,
        "_y": 41.81616973876953,
        "_z": 40.75801086425781
      },
      "DKGGAAJODMB": true,
      "KEOFPMFNPLO": "",
      "MGLEAPLEHFN": {
        "_x": 15.0,
        "_y": 5.0,
        "_z": 10.0
      }
    },
    "5": {
      "$type": "KJJGLEGGNLA",
      "OKKNABIAANA": 70010006,
      "LADDMKIFPGM": {
        "_x": 11.416500091552734,
        "_y": 49.2499885559082,
        "_z": 127.956298828125
      },
      "MBNFCMGJHAE": {
        "_y": 180.0
      },
      "NLIDOGBDDGM": {
        "_x": 11.416500091552734,
        "_y": 49.2499885559082,
        "_z": 127.956298828125
      },
      "AALAENIJCGC": {
        "_y": 180.0
      },
      "DKGGAAJODMB": true,
      "KEOFPMFNPLO": "",
      "MGLEAPLEHFN": {
        "_x": 30.0,
        "_y": 20.0,
        "_z": 30.0
      }
    },
    "7": {
      "$type": "HAMECKLBPHA",
      "OKKNABIAANA": 70010006,
      "LADDMKIFPGM": {
        "_x": 12.617879867553711,
        "_y": 51.03327941894531,
        "_z": 115.97229766845703
      },
      "MBNFCMGJHAE": {
        "_y": 180.0
      },
      "NLIDOGBDDGM": {
        "_x": 12.617877006530762,
        "_y": 49.151588439941406,
        "_z": 120.76490020751953
      },
      "AALAENIJCGC": {
        "_y": 180.0
      },
      "DKGGAAJODMB": true,
      "KEOFPMFNPLO": "",
      "MGLEAPLEHFN": {
        "_x": 15.0,
        "_y": 5.0,
        "_z": 8.0
      }
    }
  },
  "OIIHDBGDNKL": {
    "1": {
      "$type": "MBIKCEBOCKA",
      "OKKNABIAANA": 70010006,
      "LADDMKIFPGM": {
        "_x": 41.558589935302734,
        "_y": 34.46575927734375,
        "_z": 120.06449890136719
      },
      "NLIDOGBDDGM": {
        "_x": -0.3463723659515381,
        "_y": 41.58131790161133,
        "_z": 71.09977722167969
      },
      "DKGGAAJODMB": true,
      "KEOFPMFNPLO": "",
      "MPBBCDDFGKO": "DeadRegion",
      "HPDFOLLGBKL": {
        "$type": "BHMDEDHPEFH",
        "EAIPPAJKGFO": true,
        "NEBDNCNFDJC": 1.0,
        "LDMENJHNDON": "Center",
        "ACIIKIJKEHO": 100.0,
        "IGNNLKPCNOI": 100.0
      },
      "HMDGKCKKKNN": ""
    },
    "2": {
      "$type": "MBIKCEBOCKA",
      "OKKNABIAANA": 70010006,
      "LADDMKIFPGM": {
        "_x": 41.558589935302734,
        "_y": 34.46575927734375,
        "_z": 32.47214126586914
      },
      "NLIDOGBDDGM": {
        "_x": 11.715622901916504,
        "_y": 41.61128234863281,
        "_z": 72.06533813476562
      },
      "DKGGAAJODMB": true,
      "KEOFPMFNPLO": "",
      "MPBBCDDFGKO": "DeadRegion",
      "HPDFOLLGBKL": {
        "$type": "BHMDEDHPEFH",
        "EAIPPAJKGFO": true,
        "NEBDNCNFDJC": 1.0,
        "LDMENJHNDON": "Center",
        "ACIIKIJKEHO": 100.0,
        "IGNNLKPCNOI": 100.0
      },
      "HMDGKCKKKNN": ""
    },
    "3": {
      "$type": "MBIKCEBOCKA",
      "OKKNABIAANA": 70010006,
      "LADDMKIFPGM": {
        "_x": 35.98545837402344,
        "_y": 61.86606979370117,
        "_z": -0.69586181640625
      },
      "NLIDOGBDDGM": {
        "_x": 94.09416961669922,
        "_y": 3.4789657592773438,
        "_z": -21.061626434326172
      },
      "DKGGAAJODMB": true,
      "KEOFPMFNPLO": "",
      "MPBBCDDFGKO": "DeadRegion",
      "HPDFOLLGBKL": {
        "$type": "BHMDEDHPEFH",
        "EAIPPAJKGFO": true,
        "NEBDNCNFDJC": 100.0,
        "LDMENJHNDON": "Center",
        "ACIIKIJKEHO": 100.0,
        "IGNNLKPCNOI": 5.0
      },
      "HMDGKCKKKNN": ""
    },
    "4": {
      "$type": "MBIKCEBOCKA",
      "OKKNABIAANA": 70010006,
      "LADDMKIFPGM": {
        "_x": 83.57884216308594,
        "_y": 76.42888641357422,
        "_z": 165.93490600585938
      },
      "NLIDOGBDDGM": {
        "_x": -27.234756469726562,
        "_y": -93.56356811523438,
        "_z": 205.9534149169922
      },
      "DKGGAAJODMB": true,
      "KEOFPMFNPLO": "",
      "MPBBCDDFGKO": "DeadRegion",
      "HPDFOLLGBKL": {
        "$type": "BHMDEDHPEFH",
        "EAIPPAJKGFO": true,
        "NEBDNCNFDJC": 100.0,
        "LDMENJHNDON": "Center",
        "ACIIKIJKEHO": 100.0,
        "IGNNLKPCNOI": 5.0
      },
      "HMDGKCKKKNN": ""
    },
    "5": {
      "$type": "MBIKCEBOCKA",
      "OKKNABIAANA": 70010006,
      "LADDMKIFPGM": {
        "_x": 128.04269409179688,
        "_y": 76.42888641357422,
        "_z": 123.7916030883789
      },
      "NLIDOGBDDGM": {
        "_x": -80.7783203125,
        "_y": -74.51242065429688,
        "_z": 161.21759033203125
      },
      "DKGGAAJODMB": true,
      "KEOFPMFNPLO": "",
      "MPBBCDDFGKO": "DeadRegion",
      "HPDFOLLGBKL": {
        "$type": "BHMDEDHPEFH",
        "EAIPPAJKGFO": true,
        "NEBDNCNFDJC": 100.0,
        "LDMENJHNDON": "Center",
        "ACIIKIJKEHO": 10.0,
        "IGNNLKPCNOI": 100.0
      },
      "HMDGKCKKKNN": ""
    }
  },
  "AGHEGEFDJOA": {}
}