{
  "NMLGOIJIDMO": {
    "1": {
      "$type": "FHNGLBIHCJO",
      "OKKNABIAANA": 70120004,
      "LADDMKIFPGM": {
        "_x": 59.65470886230469,
        "_y": 0.7850000858306885,
        "_z": 99.9548568725586
      },
      "NLIDOGBDDGM": {
        "_x": 51.759307861328125,
        "_y": 0.7850000858306885,
        "_z": 99.9548568725586
      },
      "KEOFPMFNPLO": ""
    },
    "2": {
      "$type": "KJJGLEGGNLA",
      "OKKNABIAANA": 70010006,
      "LADDMKIFPGM": {
        "_x": 150.63800048828125,
        "_y": 4.77873420715332,
        "_z": 49.61717987060547
      },
      "MBNFCMGJHAE": {
        "_y": 98.37000274658203
      },
      "NLIDOGBDDGM": {
        "_x": 150.63800048828125,
        "_y": 4.77873420715332,
        "_z": 49.61717987060547
      },
      "AALAENIJCGC": {
        "_y": 98.36995697021484
      },
      "KEOFPMFNPLO": "",
      "MGLEAPLEHFN": {
        "_x": 10.0,
        "_y": 10.0,
        "_z": 15.0
      }
    },
    "3": {
      "$type": "HAMECKLBPHA",
      "OKKNABIAANA": 70010006,
      "LADDMKIFPGM": {
        "_x": 150.63800048828125,
        "_y": 4.77873420715332,
        "_z": 49.61717987060547
      },
      "MBNFCMGJHAE": {
        "_y": 98.37000274658203
      },
      "NLIDOGBDDGM": {
        "_x": 59.91386032104492,
        "_y": 0.718980610370636,
        "_z": 100.70539855957031
      },
      "AALAENIJCGC": {
        "_y": 98.36995697021484
      },
      "KEOFPMFNPLO": "",
      "MGLEAPLEHFN": {
        "_x": 10.0,
        "_y": 10.0,
        "_z": 15.0
      }
    },
    "4": {
      "$type": "KJJGLEGGNLA",
      "OKKNABIAANA": 70010006,
      "LADDMKIFPGM": {
        "_x": 82.79601287841797,
        "_y": 4.789000034332275,
        "_z": 48.249610900878906
      },
      "MBNFCMGJHAE": {
        "_y": 98.37000274658203
      },
      "NLIDOGBDDGM": {
        "_x": 82.79600524902344,
        "_y": 4.789000034332275,
        "_z": 48.249610900878906
      },
      "AALAENIJCGC": {
        "_y": 98.36995697021484
      },
      "KEOFPMFNPLO": "",
      "MGLEAPLEHFN": {
        "_x": 20.0,
        "_y": 10.0,
        "_z": 25.0
      }
    },
    "5": {
      "$type": "HAMECKLBPHA",
      "OKKNABIAANA": 70010006,
      "LADDMKIFPGM": {
        "_x": 82.79601287841797,
        "_y": 4.789000034332275,
        "_z": 48.249610900878906
      },
      "MBNFCMGJHAE": {
        "_y": 98.37000274658203
      },
      "NLIDOGBDDGM": {
        "_x": 59.91386032104492,
        "_y": 0.718980610370636,
        "_z": 100.70539855957031
      },
      "AALAENIJCGC": {
        "_y": 98.36995697021484
      },
      "KEOFPMFNPLO": "",
      "MGLEAPLEHFN": {
        "_x": 20.0,
        "_y": 10.0,
        "_z": 25.0
      }
    },
    "6": {
      "$type": "KJJGLEGGNLA",
      "OKKNABIAANA": 70010006,
      "LADDMKIFPGM": {
        "_x": 59.91386032104492,
        "_y": 0.718980610370636,
        "_z": 100.70539855957031
      },
      "MBNFCMGJHAE": {
        "_y": 98.37000274658203
      },
      "NLIDOGBDDGM": {
        "_x": 59.91386032104492,
        "_y": 0.718980610370636,
        "_z": 100.70539855957031
      },
      "AALAENIJCGC": {
        "_y": 98.37000274658203
      },
      "KEOFPMFNPLO": "",
      "MGLEAPLEHFN": {
        "_x": 20.0,
        "_y": 10.0,
        "_z": 25.0
      }
    }
  },
  "OIIHDBGDNKL": {
    "2": {
      "$type": "MBIKCEBOCKA",
      "OKKNABIAANA": 70010006,
      "LADDMKIFPGM": {
        "_x": 135.41929626464844,
        "_y": -62.34701156616211,
        "_z": 13.433670043945312
      },
      "NLIDOGBDDGM": {
        "_x": 96.98751831054688,
        "_y": 13.75490951538086,
        "_z": -8.271173477172852
      },
      "DKGGAAJODMB": true,
      "KEOFPMFNPLO": "",
      "DFEBCOOIEHF": 400.0,
      "MPBBCDDFGKO": "DeadRegion",
      "HPDFOLLGBKL": {
        "$type": "BHMDEDHPEFH",
        "EAIPPAJKGFO": true,
        "NEBDNCNFDJC": 20.0,
        "LDMENJHNDON": "Center",
        "ACIIKIJKEHO": 500.0,
        "IGNNLKPCNOI": 500.0
      },
      "HMDGKCKKKNN": ""
    },
    "3": {
      "$type": "MBIKCEBOCKA",
      "OKKNABIAANA": 70010006,
      "LADDMKIFPGM": {
        "_x": 135.41929626464844,
        "_y": -11.801719665527344,
        "_z": -28.666080474853516
      },
      "NLIDOGBDDGM": {
        "_x": 96.98751831054688,
        "_y": 13.75490951538086,
        "_z": -8.271173477172852
      },
      "DKGGAAJODMB": true,
      "KEOFPMFNPLO": "",
      "DFEBCOOIEHF": 300.0,
      "MPBBCDDFGKO": "DeadRegion",
      "HPDFOLLGBKL": {
        "$type": "BHMDEDHPEFH",
        "EAIPPAJKGFO": true,
        "NEBDNCNFDJC": 100.0,
        "LDMENJHNDON": "Center",
        "ACIIKIJKEHO": 500.0,
        "IGNNLKPCNOI": 20.0
      },
      "HMDGKCKKKNN": ""
    },
    "4": {
      "$type": "MBIKCEBOCKA",
      "OKKNABIAANA": 70010006,
      "LADDMKIFPGM": {
        "_x": 223.26519775390625,
        "_y": -11.801719665527344,
        "_z": 60.41078186035156
      },
      "NLIDOGBDDGM": {
        "_x": 96.98751831054688,
        "_y": 13.75490951538086,
        "_z": -8.271173477172852
      },
      "DKGGAAJODMB": true,
      "KEOFPMFNPLO": "",
      "DFEBCOOIEHF": 300.0,
      "MPBBCDDFGKO": "DeadRegion",
      "HPDFOLLGBKL": {
        "$type": "BHMDEDHPEFH",
        "EAIPPAJKGFO": true,
        "NEBDNCNFDJC": 100.0,
        "LDMENJHNDON": "Center",
        "ACIIKIJKEHO": 20.0,
        "IGNNLKPCNOI": 200.0
      },
      "HMDGKCKKKNN": ""
    },
    "5": {
      "$type": "MBIKCEBOCKA",
      "OKKNABIAANA": 70010006,
      "LADDMKIFPGM": {
        "_x": 135.41929626464844,
        "_y": -11.801719665527344,
        "_z": 135.09109497070312
      },
      "NLIDOGBDDGM": {
        "_x": 96.98751831054688,
        "_y": 13.75490951538086,
        "_z": -8.271173477172852
      },
      "DKGGAAJODMB": true,
      "KEOFPMFNPLO": "",
      "DFEBCOOIEHF": 300.0,
      "MPBBCDDFGKO": "DeadRegion",
      "HPDFOLLGBKL": {
        "$type": "BHMDEDHPEFH",
        "EAIPPAJKGFO": true,
        "NEBDNCNFDJC": 100.0,
        "LDMENJHNDON": "Center",
        "ACIIKIJKEHO": 500.0,
        "IGNNLKPCNOI": 20.0
      },
      "HMDGKCKKKNN": ""
    },
    "6": {
      "$type": "MBIKCEBOCKA",
      "OKKNABIAANA": 70010006,
      "LADDMKIFPGM": {
        "_x": 34.93402862548828,
        "_y": -11.801719665527344,
        "_z": 60.41078186035156
      },
      "NLIDOGBDDGM": {
        "_x": 96.98751831054688,
        "_y": 13.75490951538086,
        "_z": -8.271173477172852
      },
      "DKGGAAJODMB": true,
      "KEOFPMFNPLO": "",
      "DFEBCOOIEHF": 300.0,
      "MPBBCDDFGKO": "DeadRegion",
      "HPDFOLLGBKL": {
        "$type": "BHMDEDHPEFH",
        "EAIPPAJKGFO": true,
        "NEBDNCNFDJC": 100.0,
        "LDMENJHNDON": "Center",
        "ACIIKIJKEHO": 20.0,
        "IGNNLKPCNOI": 200.0
      },
      "HMDGKCKKKNN": ""
    }
  },
  "AGHEGEFDJOA": {}
}