{
    "MHHCMJDEEJK": {
        "1": {
            "$type": "IMFONKLKLOK",
            "gadgetId": 70120004,
            "musicSubStates": {
                "x": -197.75369262695312,
                "y": 21.612119674682617,
                "z": 43.27138900756836
            },
            "tranPos": {
                "x": -197.75372314453125,
                "y": 21.612119674682617,
                "z": 43.271385192871094
            },
            "alias": ""
        }
    },
    "AFLIBNAHANB": {}
}