{
    "MHHCMJDEEJK": {
        "1": {
            "$type": "IMFONKLKLOK",
            "gadgetId": 70120004,
            "musicSubStates": {
                "x": -48.320919036865234,
                "y": 21.860000610351562,
                "z": -70.23140716552734
            },
            "unlocked": true,
            "alias": "",
            "size": {
                "x": 3.0,
                "y": 3.0,
                "z": 3.0
            }
        },
        "2": {
            "$type": "KELLAPAEBON",
            "gadgetId": 70010006,
            "musicSubStates": {
                "x": 0.09180348366498947,
                "y": 0.0017473989864811301,
                "z": -20.508930206298828
            },
            "tranPos": {
                "x": 0.16239440441131592,
                "y": 0.001747399801388383,
                "z": -20.508928298950195
            },
            "unlocked": true,
            "alias": "",
            "size": {
                "x": 20.0,
                "y": 20.0,
                "z": 20.0
            }
        }
    },
    "AFLIBNAHANB": {}
}