{
    "HNGDGDECKOD": {
        "1": {
            "$type": "EGNLKABGENB",
            "gadgetId": 70120004,
            "pos": {
                "x": 0.2565161883831024,
                "y": 2.939368963241577,
                "z": -79.75187683105469
            },
            "unlocked": true,
            "alias": ""
        }
    },
    "PJOEJDKAIKD": {}
}