{
  "NMLGOIJIDMO": {
    "2": {
      "$type": "KJJGLEGGNLA",
      "OKKNABIAANA": 70120003,
      "LADDMKIFPGM": {
        "_x": -81.67771911621094,
        "_y": -8.112738609313965,
        "_z": 95.71053314208984
      },
      "DKGGAAJODMB": true,
      "KEOFPMFNPLO": "",
      "MGLEAPLEHFN": {
        "_x": 20.0,
        "_y": 5.0,
        "_z": 15.0
      }
    },
    "3": {
      "$type": "KJJGLEGGNLA",
      "OKKNABIAANA": 70120003,
      "LADDMKIFPGM": {
        "_x": -109.8051986694336,
        "_y": -12.578749656677246,
        "_z": 131.9980926513672
      },
      "MBNFCMGJHAE": {
        "_y": 268.2842102050781
      },
      "DKGGAAJODMB": true,
      "KEOFPMFNPLO": "",
      "MGLEAPLEHFN": {
        "_x": 25.0,
        "_y": 15.0,
        "_z": 6.0
      }
    },
    "4": {
      "$type": "KJJGLEGGNLA",
      "OKKNABIAANA": 70120003,
      "LADDMKIFPGM": {
        "_x": -151.84230041503906,
        "_y": 14.516449928283691,
        "_z": 67.61869049072266
      },
      "MBNFCMGJHAE": {
        "_y": 90.0
      },
      "DKGGAAJODMB": true,
      "KEOFPMFNPLO": "",
      "MGLEAPLEHFN": {
        "_x": 20.0,
        "_y": 10.0,
        "_z": 10.0
      }
    },
    "5": {
      "$type": "FHNGLBIHCJO",
      "OKKNABIAANA": 70120004,
      "LADDMKIFPGM": {
        "_x": -142.28500366210938,
        "_y": 18.016420364379883,
        "_z": 39.90011978149414
      },
      "DKGGAAJODMB": true,
      "KEOFPMFNPLO": "",
      "MGLEAPLEHFN": {
        "_x": 5.0,
        "_y": 5.0,
        "_z": 5.0
      }
    }
  },
  "OIIHDBGDNKL": {
    "26": {
      "$type": "MBIKCEBOCKA",
      "OKKNABIAANA": 70010006,
      "LADDMKIFPGM": {
        "_x": -108.69999694824219,
        "_y": 3.299999952316284,
        "_z": 34.900001525878906
      },
      "DKGGAAJODMB": true,
      "KEOFPMFNPLO": "",
      "MPBBCDDFGKO": "ReturnRegion",
      "HPDFOLLGBKL": {
        "$type": "BHMDEDHPEFH",
        "EAIPPAJKGFO": true,
        "NEBDNCNFDJC": 100.0,
        "LDMENJHNDON": "Center",
        "ACIIKIJKEHO": 5.0,
        "IGNNLKPCNOI": 150.0
      },
      "KCLOOFKBMKO": 15.0,
      "HMDGKCKKKNN": ""
    },
    "27": {
      "$type": "MBIKCEBOCKA",
      "OKKNABIAANA": 70010006,
      "LADDMKIFPGM": {
        "_x": -186.8000030517578,
        "_y": -12.427510261535645,
        "_z": 48.400001525878906
      },
      "DKGGAAJODMB": true,
      "KEOFPMFNPLO": "",
      "MPBBCDDFGKO": "ReturnRegion",
      "HPDFOLLGBKL": {
        "$type": "BHMDEDHPEFH",
        "EAIPPAJKGFO": true,
        "NEBDNCNFDJC": 200.0,
        "LDMENJHNDON": "Center",
        "ACIIKIJKEHO": 5.0,
        "IGNNLKPCNOI": 300.0
      },
      "KCLOOFKBMKO": 15.0,
      "HMDGKCKKKNN": ""
    },
    "28": {
      "$type": "MBIKCEBOCKA",
      "OKKNABIAANA": 70010006,
      "LADDMKIFPGM": {
        "_x": -85.19999694824219,
        "_y": -15.483489990234375,
        "_z": 163.8000030517578
      },
      "DKGGAAJODMB": true,
      "KEOFPMFNPLO": "",
      "MPBBCDDFGKO": "ReturnRegion",
      "HPDFOLLGBKL": {
        "$type": "BHMDEDHPEFH",
        "EAIPPAJKGFO": true,
        "NEBDNCNFDJC": 200.0,
        "LDMENJHNDON": "Center",
        "ACIIKIJKEHO": 200.0,
        "IGNNLKPCNOI": 5.0
      },
      "KCLOOFKBMKO": 15.0,
      "HMDGKCKKKNN": ""
    },
    "29": {
      "$type": "MBIKCEBOCKA",
      "OKKNABIAANA": 70010006,
      "LADDMKIFPGM": {
        "_x": 3.0,
        "_y": -8.000478744506836,
        "_z": 97.28019714355469
      },
      "DKGGAAJODMB": true,
      "KEOFPMFNPLO": "",
      "MPBBCDDFGKO": "ReturnRegion",
      "HPDFOLLGBKL": {
        "$type": "BHMDEDHPEFH",
        "EAIPPAJKGFO": true,
        "NEBDNCNFDJC": 200.0,
        "LDMENJHNDON": "Center",
        "ACIIKIJKEHO": 20.0,
        "IGNNLKPCNOI": 200.0
      },
      "KCLOOFKBMKO": 15.0,
      "HMDGKCKKKNN": ""
    },
    "30": {
      "$type": "MBIKCEBOCKA",
      "OKKNABIAANA": 70010006,
      "LADDMKIFPGM": {
        "_x": -153.60000610351562,
        "_y": 18.016380310058594,
        "_z": 11.630000114440918
      },
      "DKGGAAJODMB": true,
      "KEOFPMFNPLO": "",
      "MPBBCDDFGKO": "ReturnRegion",
      "HPDFOLLGBKL": {
        "$type": "BHMDEDHPEFH",
        "EAIPPAJKGFO": true,
        "NEBDNCNFDJC": 200.0,
        "LDMENJHNDON": "Center",
        "ACIIKIJKEHO": 100.0,
        "IGNNLKPCNOI": 5.0
      },
      "KCLOOFKBMKO": 15.0,
      "HMDGKCKKKNN": ""
    },
    "31": {
      "$type": "MBIKCEBOCKA",
      "OKKNABIAANA": 70010006,
      "LADDMKIFPGM": {
        "_x": -39.79999923706055,
        "_y": -7.983790874481201,
        "_z": 50.81999969482422
      },
      "DKGGAAJODMB": true,
      "KEOFPMFNPLO": "",
      "MPBBCDDFGKO": "ReturnRegion",
      "HPDFOLLGBKL": {
        "$type": "BHMDEDHPEFH",
        "EAIPPAJKGFO": true,
        "NEBDNCNFDJC": 200.0,
        "LDMENJHNDON": "Center",
        "ACIIKIJKEHO": 150.0,
        "IGNNLKPCNOI": 5.0
      },
      "KCLOOFKBMKO": 15.0,
      "HMDGKCKKKNN": ""
    },
    "32": {
      "$type": "MBIKCEBOCKA",
      "OKKNABIAANA": 70010006,
      "LADDMKIFPGM": {
        "_x": -66.82833099365234,
        "_y": -11.05642032623291,
        "_z": 113.32360076904297
      },
      "DKGGAAJODMB": true,
      "KEOFPMFNPLO": "",
      "DFEBCOOIEHF": 500.0,
      "BJPHFBMFCKK": true,
      "MPBBCDDFGKO": "Teleport",
      "HPDFOLLGBKL": {
        "$type": "BHMDEDHPEFH",
        "EAIPPAJKGFO": true,
        "NEBDNCNFDJC": 2.0,
        "LDMENJHNDON": "Center",
        "ACIIKIJKEHO": 3.990000009536743,
        "IGNNLKPCNOI": 27.200000762939453
      },
      "PPGKLHKAGII": {
        "_x": -63.70000076293945,
        "_y": -6.599999904632568,
        "_z": 95.26000213623047
      },
      "KCLOOFKBMKO": -90.0,
      "HMDGKCKKKNN": ""
    },
    "34": {
      "$type": "MBIKCEBOCKA",
      "OKKNABIAANA": 70010006,
      "LADDMKIFPGM": {
        "_x": -152.34320068359375,
        "_y": -19.03816032409668,
        "_z": 35.31468963623047
      },
      "DKGGAAJODMB": true,
      "KEOFPMFNPLO": "",
      "MPBBCDDFGKO": "DeadRegion",
      "HPDFOLLGBKL": {
        "$type": "BHMDEDHPEFH",
        "EAIPPAJKGFO": true,
        "NEBDNCNFDJC": 48.959999084472656,
        "LDMENJHNDON": "Center",
        "ACIIKIJKEHO": 77.54000091552734,
        "IGNNLKPCNOI": 75.6500015258789
      },
      "HMDGKCKKKNN": ""
    },
    "35": {
      "$type": "MBIKCEBOCKA",
      "OKKNABIAANA": 70010006,
      "LADDMKIFPGM": {
        "_x": -139.80499267578125,
        "_y": -6.60994291305542,
        "_z": 6.5274481773376465
      },
      "DKGGAAJODMB": true,
      "KEOFPMFNPLO": "",
      "DFEBCOOIEHF": 500.0,
      "BJPHFBMFCKK": true,
      "MPBBCDDFGKO": "DeadRegion",
      "HPDFOLLGBKL": {
        "$type": "BHMDEDHPEFH",
        "EAIPPAJKGFO": true,
        "NEBDNCNFDJC": 200.0,
        "LDMENJHNDON": "Center",
        "ACIIKIJKEHO": 200.0,
        "IGNNLKPCNOI": 50.0
      },
      "HMDGKCKKKNN": ""
    },
    "36": {
      "$type": "MBIKCEBOCKA",
      "OKKNABIAANA": 70010006,
      "LADDMKIFPGM": {
        "_x": -171.45509338378906,
        "_y": 9.596970558166504,
        "_z": 17.3322696685791
      },
      "DKGGAAJODMB": true,
      "KEOFPMFNPLO": "",
      "DFEBCOOIEHF": 500.0,
      "BJPHFBMFCKK": true,
      "MPBBCDDFGKO": "DeadRegion",
      "HPDFOLLGBKL": {
        "$type": "BHMDEDHPEFH",
        "EAIPPAJKGFO": true,
        "NEBDNCNFDJC": 200.0,
        "LDMENJHNDON": "Center",
        "ACIIKIJKEHO": 20.0,
        "IGNNLKPCNOI": 100.0
      },
      "HMDGKCKKKNN": ""
    },
    "37": {
      "$type": "MBIKCEBOCKA",
      "OKKNABIAANA": 70010006,
      "LADDMKIFPGM": {
        "_x": -121.87049865722656,
        "_y": -5.830371856689453,
        "_z": 11.958649635314941
      },
      "DKGGAAJODMB": true,
      "KEOFPMFNPLO": "",
      "DFEBCOOIEHF": 500.0,
      "BJPHFBMFCKK": true,
      "MPBBCDDFGKO": "DeadRegion",
      "HPDFOLLGBKL": {
        "$type": "BHMDEDHPEFH",
        "EAIPPAJKGFO": true,
        "NEBDNCNFDJC": 200.0,
        "LDMENJHNDON": "Center",