{
  "NMLGOIJIDMO": {
    "1": {
      "$type": "FHNGLBIHCJO",
      "OKKNABIAANA": 70120004,
      "LADDMKIFPGM": {
        "_x": 348.0429992675781,
        "_y": 200.1083984375,
        "_z": 725.4699096679688
      },
      "MBNFCMGJHAE": {
        "_y": 271.6347961425781
      },
      "NLIDOGBDDGM": {
        "_x": 348.0429992675781,
        "_y": 200.1083984375,
        "_z": 725.4699096679688
      },
      "KEOFPMFNPLO": "",
      "MGLEAPLEHFN": {
        "_x": 5.0,
        "_y": 5.0,
        "_z": 5.0
      }
    },
    "10": {
      "$type": "KJJGLEGGNLA",
      "OKKNABIAANA": 70010006,
      "LADDMKIFPGM": {
        "_x": 319.0877990722656,
        "_y": 200.02560424804688,
        "_z": 723.9426879882812
      },
      "MBNFCMGJHAE": {
        "_y": 88.05889892578125
      },
      "NLIDOGBDDGM": {
        "_x": 319.0877990722656,
        "_y": 200.02560424804688,
        "_z": 723.9426879882812
      },
      "AALAENIJCGC": {
        "_y": 88.05889892578125
      },
      "KEOFPMFNPLO": "",
      "MGLEAPLEHFN": {
        "_x": 20.0,
        "_y": 20.0,
        "_z": 20.0
      }
    },
    "11": {
      "$type": "HAMECKLBPHA",
      "OKKNABIAANA": 70010006,
      "LADDMKIFPGM": {
        "_x": -456.4363098144531,
        "_y": -1.9317229986190796,
        "_z": -76.12798309326172
      },
      "NLIDOGBDDGM": {
        "_x": -456.4363098144531,
        "_y": -1.9317229986190796,
        "_z": -76.12798309326172
      },
      "KEOFPMFNPLO": "",
      "MGLEAPLEHFN": {
        "_x": 30.0,
        "_y": 30.0,
        "_z": 30.0
      }
    },
    "2": {
      "$type": "HAMECKLBPHA",
      "OKKNABIAANA": 70010006,
      "LADDMKIFPGM": {
        "_x": 302.8392028808594,
        "_y": 205.43170166015625,
        "_z": 721.4157104492188
      },
      "MBNFCMGJHAE": {
        "_y": 88.05889892578125
      },
      "NLIDOGBDDGM": {
        "_x": 302.8392028808594,
        "_y": 205.43170166015625,
        "_z": 721.4157104492188
      },
      "AALAENIJCGC": {
        "_y": 88.05889892578125
      },
      "KEOFPMFNPLO": "",
      "MGLEAPLEHFN": {
        "_x": 10.0,
        "_y": 10.0,
        "_z": 10.0
      }
    },
    "3": {
      "$type": "HAMECKLBPHA",
      "OKKNABIAANA": 70010006,
      "LADDMKIFPGM": {
        "_x": 302.0820007324219,
        "_y": 205.31829833984375,
        "_z": 491.7983093261719
      },
      "MBNFCMGJHAE": {
        "_y": 88.05889892578125
      },
      "NLIDOGBDDGM": {
        "_x": 302.0820007324219,
        "_y": 205.43170166015625,
        "_z": 491.7983093261719
      },
      "AALAENIJCGC": {
        "_y": 88.05889892578125
      },
      "KEOFPMFNPLO": "",
      "MGLEAPLEHFN": {
        "_x": 10.0,
        "_y": 10.0,
        "_z": 10.0
      }
    },
    "4": {
      "$type": "HAMECKLBPHA",
      "OKKNABIAANA": 70010006,
      "LADDMKIFPGM": {
        "_x": 303.0255126953125,
        "_y": 205.48089599609375,
        "_z": 269.9559020996094
      },
      "MBNFCMGJHAE": {
        "_y": 88.05889892578125
      },
      "NLIDOGBDDGM": {
        "_x": 303.0255126953125,
        "_y": 205.48089599609375,
        "_z": 269.9559020996094
      },
      "AALAENIJCGC": {
        "_y": 88.05889892578125
      },
      "KEOFPMFNPLO": "",
      "MGLEAPLEHFN": {
        "_x": 10.0,
        "_y": 10.0,
        "_z": 10.0
      }
    },
    "5": {
      "$type": "HAMECKLBPHA",
      "OKKNABIAANA": 70010006,
      "LADDMKIFPGM": {
        "_x": -382.7565002441406,
        "_y": 200.01220703125,
        "_z": 13.963589668273926
      },
      "MBNFCMGJHAE": {
        "_y": 88.05889892578125
      },
      "NLIDOGBDDGM": {
        "_x": -382.7565002441406,
        "_y": 200.01220703125,
        "_z": 13.963589668273926
      },
      "AALAENIJCGC": {
        "_y": 88.05889892578125
      },
      "KEOFPMFNPLO": "",
      "MGLEAPLEHFN": {
        "_x": 10.0,
        "_y": 10.0,
        "_z": 10.0
      }
    },
    "8": {
      "$type": "KJJGLEGGNLA",
      "OKKNABIAANA": 70010006,
      "LADDMKIFPGM": {
        "_x": 321.35760498046875,
        "_y": 200.11309814453125,
        "_z": 273.9580078125
      },
      "MBNFCMGJHAE": {
        "_y": 88.05889892578125
      },
      "NLIDOGBDDGM": {
        "_x": 321.35760498046875,
        "_y": 200.11309814453125,
        "_z": 273.9580078125
      },
      "AALAENIJCGC": {
        "_y": 88.05889892578125
      },
      "KEOFPMFNPLO": "",
      "MGLEAPLEHFN": {
        "_x": 20.0,
        "_y": 20.0,
        "_z": 20.0
      }
    },
    "9": {
      "$type": "KJJGLEGGNLA",
      "OKKNABIAANA": 70010006,
      "LADDMKIFPGM": {
        "_x": 323.8299865722656,
        "_y": 200.07769775390625,
        "_z": 70.41645050048828
      },
      "MBNFCMGJHAE": {
        "_y": 88.05889892578125
      },
      "NLIDOGBDDGM": {
        "_x": 323.8299865722656,
        "_y": 200.07769775390625,
        "_z": 70.41645050048828
      },
      "AALAENIJCGC": {
        "_y": 88.05889892578125
      },
      "KEOFPMFNPLO": "",
      "MGLEAPLEHFN": {
        "_x": 20.0,
        "_y": 20.0,
        "_z": 20.0
      }
    }
  },
  "OIIHDBGDNKL": {
    "1": {
      "$type": "MBIKCEBOCKA",
      "OKKNABIAANA": 70010006,
      "LADDMKIFPGM": {
        "_x": -458.9888000488281,
        "_y": -1.9212180376052856,
        "_z": -159.76319885253906
      },
      "NLIDOGBDDGM": {
        "_x": -458.98883056640625,
        "_y": -1.9212175607681274,
        "_z": 49.004493713378906
      },
      "DKGGAAJODMB": true,
      "KEOFPMFNPLO": "",
      "DFEBCOOIEHF": 500.0,
      "BJPHFBMFCKK": true,
      "MPBBCDDFGKO": "DeadRegion",
      "HPDFOLLGBKL": {
        "$type": "BHMDEDHPEFH",
        "EAIPPAJKGFO": true,
        "NEBDNCNFDJC": 300.0,
        "LDMENJHNDON": "Center",
        "ACIIKIJKEHO": 500.0,
        "IGNNLKPCNOI": 100.0
      },
      "HMDGKCKKKNN": ""
    },
    "2": {
      "$type": "MBIKCEBOCKA",
      "OKKNABIAANA": 70010006,
      "LADDMKIFPGM": {
        "_x": -458.9888000488281,
        "_y": -1.9212180376052856,
        "_z": 27.868459701538086
      },
      "NLIDOGBDDGM": {
        "_x": -458.98883056640625,
        "_y": -1.9212175607681274,
        "_z": 49.004493713378906
      },
      "DKGGAAJODMB": true,
      "KEOFPMFNPLO": "",
      "DFEBCOOIEHF": 500.0,
      "BJPHFBMFCKK": true,
      "MPBBCDDFGKO": "DeadRegion",
      "HPDFOLLGBKL": {
        "$type": "BHMDEDHPEFH",
        "EAIPPAJKGFO": true,
        "NEBDNCNFDJC": 200.0,
        "LDMENJHNDON": "Center",
        "ACIIKIJKEHO": 500.0,
        "IGNNLKPCNOI": 100.0
      },
      "HMDGKCKKKNN": ""
    },
    "3": {
      "$type": "MBIKCEBOCKA",
      "OKKNABIAANA": 70010006,
      "LADDMKIFPGM": {
        "_x": -554.4786987304688,
        "_y": -1.9212180376052856,
        "_z": -32.311241149902344
      },
      "NLIDOGBDDGM": {
        "_x": -458.98883056640625,
        "_y": -1.9212175607681274,
        "_z": 49.004493713378906
      },
      "DKGGAAJODMB": true,
      "KEOFPMFNPLO": "",
      "DFEBCOOIEHF": 500.0,
      "BJPHFBMFCKK": true,
      "MPBBCDDFGKO": "DeadRegion",
      "HPDFOLLGBKL": {
        "$type": "BHMDEDHPEFH",
        "EAIPPAJKGFO": true,
        "NEBDNCNFDJC": 200.0,
        "LDMENJHNDON": "Center",
        "ACIIKIJKEHO": 100.0,
        "IGNNLKPCNOI": 500.0
      },
      "HMDGKCKKKNN": ""
    },
    "4": {
      "$type": "MBIKCEBOCKA",
      "OKKNABIAANA": 70010006,
      "LADDMKIFPGM": {
        "_x": -357.5150146484375,
        "_y": -1.9212180376052856,
        "_z": -32.311241149902344
      },
      "NLIDOGBDDGM": {
        "_x": -458.98883056640625,
        "_y": -1.9212175607681274,
        "_z": 49.004493713378906
      },
      "DKGGAAJODMB": true,
      "KEOFPMFNPLO": "",
      "DFEBCOOIEHF": 500.0,
      "BJPHFBMFCKK": true,
      "MPBBCDDFGKO": "DeadRegion",
      "HPDFOLLGBKL": {
        "$type": "BHMDEDHPEFH",
        "EAIPPAJKGFO": true,
        "NEBDNCNFDJC": 200.0,
        "LDMENJHNDON": "Center",
        "ACIIKIJKEHO": 100.0,
        "IGNNLKPCNOI": 500.0
      },