{
    "NMLGOIJIDMO": {
        "1": {
            "$type": "FHNGLBIHCJO",
            "gadgetId": 70010001,
            "pos": {
                "x": 320.12109375,
                "y": 52.32286071777344,
                "z": 529.8572998046875
            },
            "tranPos": {
                "x": 320.1210632324219,
                "y": 52.32286071777344,
                "z": 529.8572998046875
            },
            "alias": "",
            "musicSubStates": {
                "x": 5.0,
                "y": 5.0,
                "z": 5.0
            }
        }
    },
    "AGHEGEFDJOA": {}
}