{
    "NMLGOIJIDMO": {
        "1": {
            "$type": "FHNGLBIHCJO",
            "gadgetId": 70120004,
            "pos": {
                "x": -9.340493202209473,
                "y": 139.97850036621094,
                "z": 601.1798095703125
            },
            "tranPos": {
                "x": -9.340493202209473,
                "y": 139.9784698486328,
                "z": 601.1798095703125
            },
            "alias": "",
            "musicSubStates": {
                "x": 2.0,
                "y": 2.0,
                "z": 2.0
            }
        }
    },
    "AGHEGEFDJOA": {}
}