{
  "NMLGOIJIDMO": {
    "1": {
      "$type": "FHNGLBIHCJO",
      "OKKNABIAANA": 70120004,
      "LADDMKIFPGM": {
        "_x": 547.9871215820312,
        "_y": 18.287660598754883,
        "_z": -257.9739074707031
      },
      "NLIDOGBDDGM": {
        "_x": 547.987060546875,
        "_y": 18.287662506103516,
        "_z": -257.973876953125
      },
      "KEOFPMFNPLO": "",
      "MGLEAPLEHFN": {
        "_x": 3.0,
        "_y": 3.0,
        "_z": 3.0
      }
    },
    "10": {
      "$type": "KJJGLEGGNLA",
      "OKKNABIAANA": 70010006,
      "LADDMKIFPGM": {
        "_x": 695.3516235351562,
        "_y": 78.55000305175781,
        "_z": -126.71880340576172
      },
      "NLIDOGBDDGM": {
        "_x": 695.3516235351562,
        "_y": 78.55000305175781,
        "_z": -126.71884155273438
      },
      "KEOFPMFNPLO": "",
      "MGLEAPLEHFN": {
        "_x": 30.0,
        "_y": 20.0,
        "_z": 30.0
      }
    },
    "11": {
      "$type": "KJJGLEGGNLA",
      "OKKNABIAANA": 70010006,
      "LADDMKIFPGM": {
        "_x": 739.4177856445312,
        "_y": 139.28640747070312,
        "_z": -33.05970001220703
      },
      "NLIDOGBDDGM": {
        "_x": 739.4177856445312,
        "_y": 139.286376953125,
        "_z": -33.0597038269043
      },
      "KEOFPMFNPLO": "",
      "MGLEAPLEHFN": {
        "_x": 30.0,
        "_y": 20.0,
        "_z": 30.0
      }
    },
    "12": {
      "$type": "KJJGLEGGNLA",
      "OKKNABIAANA": 70310387,
      "LADDMKIFPGM": {
        "_x": 697.680419921875,
        "_y": 73.80999755859375,
        "_z": -158.0756072998047
      },
      "NLIDOGBDDGM": {
        "_x": 697.2938232421875,
        "_y": 73.80999755859375,
        "_z": -152.10789489746094
      },
      "KEOFPMFNPLO": "",
      "MGLEAPLEHFN": {
        "_x": 30.0,
        "_y": 20.0,
        "_z": 30.0
      }
    },
    "2": {
      "$type": "KJJGLEGGNLA",
      "OKKNABIAANA": 70310387,
      "LADDMKIFPGM": {
        "_x": 551.5875244140625,
        "_y": 48.5943489074707,
        "_z": -258.8617858886719
      },
      "MBNFCMGJHAE": {
        "_y": 45.25410079956055
      },
      "NLIDOGBDDGM": {
        "_x": 553.7918701171875,
        "_y": 48.73868179321289,
        "_z": -256.36981201171875
      },
      "AALAENIJCGC": {
        "_y": 39.7760009765625
      },
      "KEOFPMFNPLO": "",
      "MGLEAPLEHFN": {
        "_x": 20.0,
        "_y": 20.0,
        "_z": 20.0
      }
    },
    "3": {
      "$type": "HAMECKLBPHA",
      "OKKNABIAANA": 70010006,
      "LADDMKIFPGM": {
        "_x": 590.1442260742188,
        "_y": 73.9593505859375,
        "_z": -141.2711944580078
      },
      "MBNFCMGJHAE": {
        "_y": 94.4312973022461
      },
      "NLIDOGBDDGM": {
        "_x": 590.1442260742188,
        "_y": 73.9593505859375,
        "_z": -141.2711944580078
      },
      "AALAENIJCGC": {
        "_y": 94.43131256103516
      },
      "KEOFPMFNPLO": "",
      "MGLEAPLEHFN": {
        "_x": 30.0,
        "_y": 20.0,
        "_z": 30.0
      }
    },
    "4": {
      "$type": "HAMECKLBPHA",
      "OKKNABIAANA": 70010006,
      "LADDMKIFPGM": {
        "_x": 551.646728515625,
        "_y": 62.408119201660156,
        "_z": -201.34620666503906
      },
      "MBNFCMGJHAE": {
        "_y": 325.94171142578125
      },
      "NLIDOGBDDGM": {
        "_x": 551.646728515625,
        "_y": 62.408119201660156,
        "_z": -201.78749084472656
      },
      "AALAENIJCGC": {
        "_y": 325.94171142578125
      },
      "KEOFPMFNPLO": "",
      "MGLEAPLEHFN": {
        "_x": 30.0,
        "_y": 20.0,
        "_z": 30.0
      }
    },
    "5": {
      "$type": "HAMECKLBPHA",
      "OKKNABIAANA": 70010006,
      "LADDMKIFPGM": {
        "_x": 679.5388793945312,
        "_y": 73.90811920166016,
        "_z": -141.82139587402344
      },
      "MBNFCMGJHAE": {
        "_y": 83.55380249023438
      },
      "NLIDOGBDDGM": {
        "_x": 679.5388793945312,
        "_y": 73.90811920166016,
        "_z": -141.82139587402344
      },
      "AALAENIJCGC": {
        "_y": 83.55381774902344
      },
      "KEOFPMFNPLO": "",
      "MGLEAPLEHFN": {
        "_x": 15.0,
        "_y": 10.0,
        "_z": 15.0
      }
    },
    "9": {
      "$type": "KJJGLEGGNLA",
      "OKKNABIAANA": 70010006,
      "LADDMKIFPGM": {
        "_x": 589.8397216796875,
        "_y": 73.9593505859375,
        "_z": -141.82339477539062
      },
      "MBNFCMGJHAE": {
        "_y": 91.20339965820312
      },
      "NLIDOGBDDGM": {
        "_x": 589.8396606445312,
        "_y": 73.9593505859375,
        "_z": -141.8233642578125
      },
      "AALAENIJCGC": {
        "_y": 91.203369140625
      },
      "KEOFPMFNPLO": "",
      "MGLEAPLEHFN": {
        "_x": 30.0,
        "_y": 20.0,
        "_z": 30.0
      }
    }
  },
  "OIIHDBGDNKL": {
    "1": {
      "$type": "MBIKCEBOCKA",
      "OKKNABIAANA": 70010006,
      "LADDMKIFPGM": {
        "_x": 594.1798706054688,
        "_y": -60.0,
        "_z": -116.52120208740234
      },
      "NLIDOGBDDGM": {
        "_x": 538.8703002929688,
        "_y": 85.10317993164062,
        "_z": -213.64349365234375
      },
      "DKGGAAJODMB": true,
      "KEOFPMFNPLO": "",
      "DFEBCOOIEHF": 500.0,
      "MPBBCDDFGKO": "DeadRegion",
      "HPDFOLLGBKL": {
        "$type": "BHMDEDHPEFH",
        "EAIPPAJKGFO": true,
        "NEBDNCNFDJC": 20.0,
        "LDMENJHNDON": "Center",
        "ACIIKIJKEHO": 500.0,
        "IGNNLKPCNOI": 500.0
      },
      "HMDGKCKKKNN": ""
    }
  },
  "AGHEGEFDJOA": {}
}