{
  "NMLGOIJIDMO": {
    "1": {
      "$type": "KJJGLEGGNLA",
      "OKKNABIAANA": 70010006,
      "LADDMKIFPGM": {
        "_x": 424.1003112792969,
        "_y": 48.20376968383789,
        "_z": 205.5576934814453
      },
      "MBNFCMGJHAE": {
        "_y": 270.0
      },
      "DKGGAAJODMB": true,
      "KEOFPMFNPLO": "",
      "MLEILPJGHHM": true
    },
    "2": {
      "$type": "KJJGLEGGNLA",
      "OKKNABIAANA": 70010006,
      "LADDMKIFPGM": {
        "_x": 339.9667053222656,
        "_y": 38.56515884399414,
        "_z": 176.91180419921875
      },
      "MBNFCMGJHAE": {
        "_y": 270.0
      },
      "DKGGAAJODMB": true,
      "KEOFPMFNPLO": "",
      "MGLEAPLEHFN": {
        "_x": 15.0,
        "_y": 20.0,
        "_z": 15.0
      }
    },
    "3": {
      "$type": "HAMECKLBPHA",
      "OKKNABIAANA": 70010006,
      "LADDMKIFPGM": {
        "_x": 280.3102111816406,
        "_y": 38.92000961303711,
        "_z": 177.06089782714844
      },
      "MBNFCMGJHAE": {
        "_y": 270.0
      },
      "DKGGAAJODMB": true,
      "KEOFPMFNPLO": "",
      "MGLEAPLEHFN": {
        "_x": 10.0,
        "_y": 35.0,
        "_z": 25.0
      }
    },
    "4": {
      "$type": "KJJGLEGGNLA",
      "OKKNABIAANA": 70330758,
      "LADDMKIFPGM": {
        "_x": 515.9340209960938,
        "_y": 35.41299819946289,
        "_z": 179.5780029296875
      },
      "NLIDOGBDDGM": {
        "_x": 515.1849975585938,
        "_y": 35.33599853515625,
        "_z": 176.7740020751953
      },
      "KEOFPMFNPLO": "",
      "MLEILPJGHHM": true
    }
  },
  "OIIHDBGDNKL": {
    "1": {
      "$type": "MBIKCEBOCKA",
      "OKKNABIAANA": 70010006,
      "LADDMKIFPGM": {
        "_x": 483.8804016113281,
        "_y": 25.57625961303711,
        "_z": 206.9521026611328
      },
      "DKGGAAJODMB": true,
      "KEOFPMFNPLO": "",
      "MPBBCDDFGKO": "DeadRegion",
      "HPDFOLLGBKL": {
        "$type": "BHMDEDHPEFH",
        "EAIPPAJKGFO": true,
        "NEBDNCNFDJC": 10.0,
        "LDMENJHNDON": "Center",
        "ACIIKIJKEHO": 25.0,
        "IGNNLKPCNOI": 25.0
      },
      "HMDGKCKKKNN": ""
    },
    "2": {
      "$type": "MBIKCEBOCKA",
      "OKKNABIAANA": 70010006,
      "LADDMKIFPGM": {
        "_x": 483.8804016113281,
        "_y": 25.57625961303711,
        "_z": 206.9521026611328
      },
      "DKGGAAJODMB": true,
      "KEOFPMFNPLO": "",
      "MPBBCDDFGKO": "NoReviveRegion",
      "HPDFOLLGBKL": {
        "$type": "BHMDEDHPEFH",
        "EAIPPAJKGFO": true,
        "NEBDNCNFDJC": 10.0,
        "LDMENJHNDON": "Center",
        "ACIIKIJKEHO": 25.0,
        "IGNNLKPCNOI": 25.0
      },
      "HMDGKCKKKNN": ""
    },
    "3": {
      "$type": "MBIKCEBOCKA",
      "OKKNABIAANA": 70010006,
      "LADDMKIFPGM": {
        "_x": 297.50299072265625,
        "_y": 24.319520950317383,
        "_z": 176.89999389648438
      },
      "DKGGAAJODMB": true,
      "KEOFPMFNPLO": "",
      "MPBBCDDFGKO": "DeadRegion",
      "HPDFOLLGBKL": {
        "$type": "BHMDEDHPEFH",
        "EAIPPAJKGFO": true,
        "NEBDNCNFDJC": 20.0,
        "LDMENJHNDON": "Center",
        "ACIIKIJKEHO": 50.0,
        "IGNNLKPCNOI": 50.0
      },
      "HMDGKCKKKNN": ""
    },
    "4": {
      "$type": "MBIKCEBOCKA",
      "OKKNABIAANA": 70010006,
      "LADDMKIFPGM": {
        "_x": 297.50299072265625,
        "_y": 24.319520950317383,
        "_z": 176.89999389648438
      },
      "DKGGAAJODMB": true,
      "KEOFPMFNPLO": "",
      "MPBBCDDFGKO": "NoReviveRegion",
      "HPDFOLLGBKL": {
        "$type": "BHMDEDHPEFH",
        "EAIPPAJKGFO": true,
        "NEBDNCNFDJC": 20.0,
        "LDMENJHNDON": "Center",
        "ACIIKIJKEHO": 50.0,
        "IGNNLKPCNOI": 50.0
      },
      "HMDGKCKKKNN": ""
    },
    "5": {
      "$type": "MBIKCEBOCKA",
      "OKKNABIAANA": 70010006,
      "LADDMKIFPGM": {
        "_x": 240.13270568847656,
        "_y": 23.148740768432617,
        "_z": 176.89999389648438
      },
      "DKGGAAJODMB": true,
      "KEOFPMFNPLO": "",
      "MPBBCDDFGKO": "DeadRegion",
      "HPDFOLLGBKL": {
        "$type": "BHMDEDHPEFH",
        "EAIPPAJKGFO": true,
        "NEBDNCNFDJC": 30.0,
        "LDMENJHNDON": "Center",
        "ACIIKIJKEHO": 70.0,
        "IGNNLKPCNOI": 80.0
      },
      "HMDGKCKKKNN": ""
    },
    "6": {
      "$type": "MBIKCEBOCKA",
      "OKKNABIAANA": 70010006,
      "LADDMKIFPGM": {
        "_x": 240.13270568847656,
        "_y": 23.148740768432617,
        "_z": 176.89999389648438
      },
      "DKGGAAJODMB": true,
      "KEOFPMFNPLO": "",
      "MPBBCDDFGKO": "NoReviveRegion",
      "HPDFOLLGBKL": {
        "$type": "BHMDEDHPEFH",
        "EAIPPAJKGFO": true,
        "NEBDNCNFDJC": 30.0,
        "LDMENJHNDON": "Center",
        "ACIIKIJKEHO": 70.0,
        "IGNNLKPCNOI": 80.0
      },
      "HMDGKCKKKNN": ""
    }
  },
  "AGHEGEFDJOA": {}
}