{
    "JEKPPCMCDDL": {
        "1": {
            "$type": "LKKBANOPKNL",
            "gadgetId": 70120004,
            "pos": {
                "x": 0.20197570323944092,
                "y": 2.9567039012908936,
                "z": -79.88667297363281
            },
            "unlocked": true,
            "alias": "",
            "DMIKDAOCFDG": {
                "x": 5.0,
                "y": 5.0,
                "z": 5.0
            }
        }
    },
    "DDIAGBHNOPL": {}
}