{
    "MHHCMJDEEJK": {
        "1": {
            "$type": "FJJLNKPMCOD",
            "gadgetId": 70010002,
            "musicSubStates": {
                "x": 1.2077029943466187,
                "y": 0.1395227015018463,
                "z": -18.212589263916016
            },
            "tranPos": {
                "x": -4.25,
                "y": -0.30000001192092896,
                "z": 46.13999938964844
            },
            "tranRot": {
                "y": 180.0
            },
            "alias": "",
            "EHENHAJEEON": 1005,
            "GAPEPAJOPIJ": "UI_SCENE_ENTRY_ENTER_BASEMENT",
            "EFECFJDOEDL": {
                "x": 3.0,
                "y": 3.0,
                "z": 3.0
            },
            "HMAAJGADKJK": 18.0,
            "GEPLFOACGLH": 6.0
        },
        "2": {
            "$type": "FJJLNKPMCOD",
            "gadgetId": 70010002,
            "musicSubStates": {
                "x": -0.09163284301757812,
                "y": 0.02500000037252903,
                "z": 46.42559814453125
            },
            "tranPos": {
                "x": 2354.251953125,
                "y": 260.4276123046875,
                "z": -687.0654296875
            },
            "tranRot": {
                "y": 206.0
            },
            "unlocked": true,
            "alias": "",
            "EHENHAJEEON": 3,
            "GAPEPAJOPIJ": "UI_SCENE_ENTRY_EXIT_CHURCH",
            "EFECFJDOEDL": {
                "x": 2.0,
                "y": 2.0,
                "z": 2.0
            },
            "GEPLFOACGLH": 24.0
        }
    },
    "AFLIBNAHANB": {}
}