{
    "HNGDGDECKOD": {
        "1": {
            "$type": "EGNLKABGENB",
            "gadgetId": 70120004,
            "pos": {
                "x": 1290.552001953125,
                "y": 250.88380432128906,
                "z": -1562.2540283203125
            },
            "tranPos": {
                "x": 1290.552490234375,
                "y": 250.88377380371094,
                "z": -1562.25390625
            },
            "alias": ""
        }
    },
    "PJOEJDKAIKD": {}
}