{
    "KCHJLAHIGAD": {
        "1": {
            "$type": "EEGIFCGOFEC",
            "gadgetId": 70010002,
            "pos": {
                "x": 0.0274579506367445,
                "y": 7.269999980926514,
                "z": 190.38180541992188
            },
            "rot": {
                "y": 180.0
            },
            "tranPos": {
                "x": 3415.31494140625,
                "y": 463.0205078125,
                "z": 3721.43701171875
            },
            "tranRot": {
                "y": 135.89999389648438
            },
            "unlocked": true,
            "alias": "",
            "MGEGIEDACCL": 3,
            "EMEEPJJFFKJ": "UI_SCENE_ENTRY_EXIT_Opera",
            "CFPJBCFOLMD": {
                "x": 3.0,
                "y": 3.0,
                "z": 3.0
            },
            "GNIIGNOJLGE": 24.0
        }
    },
    "APCJABIOJLB": {}
}