{
  "NMLGOIJIDMO": {
    "1": {
      "$type": "FHNGLBIHCJO",
      "JNMCHAGDLOL": "TOWER",
      "OKKNABIAANA": 70120004,
      "GMADHMGANPP": 50080,
      "LADDMKIFPGM": {
        "_x": 100.0999984741211,
        "_y": 101.02999877929688,
        "_z": -9.239999771118164
      },
      "NLIDOGBDDGM": {
        "_x": -13.311171531677246,
        "_y": 1.031000018119812,
        "_z": 0.027682185173034668
      },
      "KEOFPMFNPLO": "",
      "MGLEAPLEHFN": {
        "_x": 3.0,
        "_y": 3.0,
        "_z": 3.0
      }
    },
    "10": {
      "$type": "HAMECKLBPHA",
      "OKKNABIAANA": 70010006,
      "LADDMKIFPGM": {
        "_x": 100.31749725341797,
        "_y": 68.54251861572266,
        "_z": 73.97608184814453
      },
      "MBNFCMGJHAE": {
        "_y": 90.0
      },
      "NLIDOGBDDGM": {
        "_x": 100.31749725341797,
        "_y": 68.54251861572266,
        "_z": 73.97608184814453
      },
      "AALAENIJCGC": {
        "_y": 90.0
      },
      "KEOFPMFNPLO": "",
      "MGLEAPLEHFN": {
        "_x": 10.0,
        "_y": 10.0,
        "_z": 10.0
      }
    },
    "11": {
      "$type": "KJJGLEGGNLA",
      "OKKNABIAANA": 70010006,
      "LADDMKIFPGM": {
        "_x": 100.31749725341797,
        "_y": 68.54251861572266,
        "_z": 73.97608184814453
      },
      "MBNFCMGJHAE": {
        "_y": 90.0
      },
      "NLIDOGBDDGM": {
        "_x": 100.31749725341797,
        "_y": 68.54251861572266,
        "_z": 73.97608184814453
      },
      "AALAENIJCGC": {
        "_y": 90.0
      },
      "KEOFPMFNPLO": "",
      "MGLEAPLEHFN": {
        "_x": 10.0,
        "_y": 10.0,
        "_z": 10.0
      }
    },
    "12": {
      "$type": "HAMECKLBPHA",
      "OKKNABIAANA": 70010006,
      "LADDMKIFPGM": {
        "_x": 146.4481964111328,
        "_y": 78.19537353515625,
        "_z": 48.46672058105469
      },
      "MBNFCMGJHAE": {
        "_y": 177.1746063232422
      },
      "NLIDOGBDDGM": {
        "_x": 146.4481964111328,
        "_y": 78.19537353515625,
        "_z": 48.46672058105469
      },
      "AALAENIJCGC": {
        "_y": 177.1746063232422
      },
      "KEOFPMFNPLO": "",
      "MGLEAPLEHFN": {
        "_x": 10.0,
        "_y": 10.0,
        "_z": 10.0
      }
    },
    "13": {
      "$type": "KJJGLEGGNLA",
      "OKKNABIAANA": 70010006,
      "LADDMKIFPGM": {
        "_x": 146.4481964111328,
        "_y": 78.19537353515625,
        "_z": 48.46672058105469
      },
      "MBNFCMGJHAE": {
        "_y": 177.1746063232422
      },
      "NLIDOGBDDGM": {
        "_x": 146.4481964111328,
        "_y": 78.19537353515625,
        "_z": 48.46672058105469
      },
      "AALAENIJCGC": {
        "_y": 177.1746063232422
      },
      "KEOFPMFNPLO": "",
      "MGLEAPLEHFN": {
        "_x": 10.0,
        "_y": 10.0,
        "_z": 10.0
      }
    },
    "14": {
      "$type": "HAMECKLBPHA",
      "OKKNABIAANA": 70010006,
      "LADDMKIFPGM": {
        "_x": 130.5207977294922,
        "_y": 91.06697082519531,
        "_z": 22.252290725708008
      },
      "MBNFCMGJHAE": {
        "_y": 267.8283996582031
      },
      "NLIDOGBDDGM": {
        "_x": 130.5207977294922,
        "_y": 91.06697082519531,
        "_z": 22.252290725708008
      },
      "AALAENIJCGC": {
        "_y": 267.8283996582031
      },
      "KEOFPMFNPLO": "",
      "MGLEAPLEHFN": {
        "_x": 10.0,
        "_y": 10.0,
        "_z": 10.0
      }
    },
    "15": {
      "$type": "KJJGLEGGNLA",
      "OKKNABIAANA": 70010006,
      "LADDMKIFPGM": {
        "_x": 130.5207977294922,
        "_y": 91.06697082519531,
        "_z": 22.252290725708008
      },
      "MBNFCMGJHAE": {
        "_y": 267.8283996582031
      },
      "NLIDOGBDDGM": {
        "_x": 130.5207977294922,
        "_y": 91.06697082519531,
        "_z": 22.252290725708008
      },
      "AALAENIJCGC": {
        "_y": 189.99749755859375
      },
      "KEOFPMFNPLO": "",
      "MGLEAPLEHFN": {
        "_x": 10.0,
        "_y": 10.0,
        "_z": 10.0
      }
    },
    "18": {
      "$type": "KJJGLEGGNLA",
      "OKKNABIAANA": 70010006,
      "LADDMKIFPGM": {
        "_x": 102.74500274658203,
        "_y": 102.14649963378906,
        "_z": -35.42451858520508
      },
      "MBNFCMGJHAE": {
        "_y": 267.8283996582031
      },
      "NLIDOGBDDGM": {
        "_x": 102.74500274658203,
        "_y": 102.14649963378906,
        "_z": -35.42451858520508
      },
      "AALAENIJCGC": {
        "_y": 180.0
      },
      "KEOFPMFNPLO": ""
    },
    "2": {
      "$type": "HAMECKLBPHA",
      "OKKNABIAANA": 70010006,
      "LADDMKIFPGM": {
        "_x": 95.12448120117188,
        "_y": 128.25,
        "_z": 69.533447265625
      },
      "MBNFCMGJHAE": {
        "_y": 269.5201110839844
      },
      "NLIDOGBDDGM": {
        "_x": 95.12448120117188,
        "_y": 128.25,
        "_z": 69.53345489501953
      },
      "AALAENIJCGC": {
        "_y": 269.5201110839844
      },
      "KEOFPMFNPLO": "",
      "MGLEAPLEHFN": {
        "_x": 10.0,
        "_y": 10.0,
        "_z": 10.0
      }
    },
    "3": {
      "$type": "KJJGLEGGNLA",
      "OKKNABIAANA": 70010006,
      "LADDMKIFPGM": {
        "_x": 95.12448120117188,
        "_y": 128.25,
        "_z": 69.533447265625
      },
      "MBNFCMGJHAE": {
        "_y": 269.5201110839844
      },
      "NLIDOGBDDGM": {
        "_x": 95.12448120117188,
        "_y": 128.25,
        "_z": 69.53345489501953
      },
      "AALAENIJCGC": {
        "_y": 269.5201110839844
      },
      "KEOFPMFNPLO": "",
      "MGLEAPLEHFN": {
        "_x": 10.0,
        "_y": 10.0,
        "_z": 10.0
      }
    },
    "4": {
      "$type": "HAMECKLBPHA",
      "OKKNABIAANA": 70010006,
      "LADDMKIFPGM": {
        "_x": 59.324249267578125,
        "_y": 103.86599731445312,
        "_z": 23.18903923034668
      },
      "MBNFCMGJHAE": {
        "_y": 91.22239685058594
      },
      "NLIDOGBDDGM": {
        "_x": 59.290000915527344,
        "_y": 103.0166015625,
        "_z": 23.189769744873047
      },
      "AALAENIJCGC": {
        "_y": 91.22242736816406
      },
      "KEOFPMFNPLO": "",
      "MGLEAPLEHFN": {
        "_x": 10.0,
        "_y": 10.0,
        "_z": 10.0
      }
    },
    "5": {
      "$type": "KJJGLEGGNLA",
      "OKKNABIAANA": 70010006,
      "LADDMKIFPGM": {
        "_x": 59.324249267578125,
        "_y": 103.86599731445312,
        "_z": 23.18903923034668
      },
      "MBNFCMGJHAE": {
        "_y": 91.22239685058594
      },
      "NLIDOGBDDGM": {
        "_x": 59.324249267578125,
        "_y": 103.86599731445312,
        "_z": 23.18903923034668
      },
      "AALAENIJCGC": {
        "_y": 179.24630737304688
      },
      "KEOFPMFNPLO": "",
      "MGLEAPLEHFN": {
        "_x": 10.0,
        "_y": 10.0,
        "_z": 10.0
      }
    },
    "6": {
      "$type": "HAMECKLBPHA",
      "OKKNABIAANA": 70010006,
      "LADDMKIFPGM": {
        "_x": 51.49448013305664,
        "_y": 126.8833999633789,
        "_z": 69.16632843017578
      },
      "MBNFCMGJHAE": {
        "_y": 179.24630737304688
      },
      "NLIDOGBDDGM": {
        "_x": 51.49448013305664,
        "_y": 126.8833999633789,
        "_z": 69.16632843017578
      },
      "AALAENIJCGC": {
        "_y": 179.24630737304688
      },
      "KEOFPMFNPLO": "",
      "MGLEAPLEHFN": {
        "_x": 10.0,
        "_y": 10.0,
        "_z": 10.0
      }
    },
    "7": {
      "$type": "KJJGLEGGNLA",
      "OKKNABIAANA": 70010006,
      "LADDMKIFPGM": {
        "_x": 51.49448013305664,
        "_y": 126.8833999633789,
        "_z": 69.16632843017578
      },
      "MBNFCMGJHAE": {
        "_y": 179.24630737304688
      },
      "NLIDOGBDDGM": {
        "_x": 51.49448013305664,
        "_y": 126.8833999633789,
        "_z": 69.16632843017578
      },
      "AALAENIJCGC": {
        "_y": 179.24630737304688
      },
      "KEOFPMFNPLO": "",
      "MGLEAPLEHFN": {
        "_x": 10.0,
        "_y": 10.0,
        "_z": 10.0
      }
    },
    "8": {
      "$type": "HAMECKLBPHA",