{
    "JEKPPCMCDDL": {
        "1": {
            "$type": "LKKBANOPKNL",
            "gadgetId": 70120004,
            "pos": {
                "x": 0.29283711314201355,
                "y": 2.6948840618133545,
                "z": -79.91667938232422
            },
            "unlocked": true,
            "alias": "",
            "DMIKDAOCFDG": {
                "x": 5.0,
                "y": 5.0,
                "z": 5.0
            }
        }
    },
    "DDIAGBHNOPL": {}
}