{
    "JEKPPCMCDDL": {
        "1": {
            "$type": "LKKBANOPKNL",
            "gadgetId": 70120004,
            "pos": {
                "x": -0.00621010409668088,
                "y": 2.509366035461426,
                "z": -56.72829055786133
            },
            "unlocked": true,
            "alias": "",
            "DMIKDAOCFDG": {
                "x": 5.0,
                "y": 5.0,
                "z": 5.0
            }
        }
    },
    "DDIAGBHNOPL": {}
}