{
  "NMLGOIJIDMO": {
    "1": {
      "$type": "FHNGLBIHCJO",
      "OKKNABIAANA": 70120004,
      "LADDMKIFPGM": {
        "_x": 499.985595703125,
        "_y": 612.2706909179688,
        "_z": -1569.239013671875
      },
      "NLIDOGBDDGM": {
        "_x": -1.3307570219039917,
        "_y": -7.232944965362549,
        "_z": 93.71742248535156
      },
      "KEOFPMFNPLO": "",
      "MGLEAPLEHFN": {
        "_x": 3.0,
        "_y": 3.0,
        "_z": 3.0
      }
    },
    "2": {
      "$type": "KJJGLEGGNLA",
      "OKKNABIAANA": 70310387,
      "LADDMKIFPGM": {
        "_x": 501.389892578125,
        "_y": 608.5012817382812,
        "_z": -1669.85498046875
      },
      "MBNFCMGJHAE": {
        "_y": 0.16019999980926514
      },
      "NLIDOGBDDGM": {
        "_x": 501.389892578125,
        "_y": 608.5012817382812,
        "_z": -1669.85498046875
      },
      "DKGGAAJODMB": true,
      "KEOFPMFNPLO": "",
      "MGLEAPLEHFN": {
        "_x": 10.0,
        "_y": 10.0,
        "_z": 10.0
      }
    }
  },
  "OIIHDBGDNKL": {
    "1": {
      "$type": "MBIKCEBOCKA",
      "OKKNABIAANA": 70010006,
      "LADDMKIFPGM": {
        "_x": 203.2928924560547,
        "_y": 667.7932739257812,
        "_z": -1877.9329833984375
      },
      "MBNFCMGJHAE": {
        "_y": 312.3081970214844
      },
      "NLIDOGBDDGM": {
        "_x": 138.61000061035156,
        "_y": 666.6538696289062,
        "_z": -1858.2769775390625
      },
      "DKGGAAJODMB": true,
      "KEOFPMFNPLO": "",
      "DFEBCOOIEHF": 200.0,
      "MPBBCDDFGKO": "DeadRegion",
      "HPDFOLLGBKL": {
        "$type": "BHMDEDHPEFH",
        "EAIPPAJKGFO": true,
        "NEBDNCNFDJC": 200.0,
        "LDMENJHNDON": "Center",
        "ACIIKIJKEHO": 200.0,
        "IGNNLKPCNOI": 1.0
      },
      "HMDGKCKKKNN": ""
    },
    "2": {
      "$type": "MBIKCEBOCKA",
      "OKKNABIAANA": 70010006,
      "LADDMKIFPGM": {
        "_x": 160.75689697265625,
        "_y": 630.8358764648438,
        "_z": -1839.217041015625
      },
      "MBNFCMGJHAE": {
        "_y": 312.3081970214844
      },
      "NLIDOGBDDGM": {
        "_x": 138.61000061035156,
        "_y": 666.6538696289062,
        "_z": -1858.2769775390625
      },
      "DKGGAAJODMB": true,
      "KEOFPMFNPLO": "",
      "DFEBCOOIEHF": 200.0,
      "MPBBCDDFGKO": "DeadRegion",
      "HPDFOLLGBKL": {
        "$type": "BHMDEDHPEFH",
        "EAIPPAJKGFO": true,
        "NEBDNCNFDJC": 10.0,
        "LDMENJHNDON": "Center",
        "ACIIKIJKEHO": 200.0,
        "IGNNLKPCNOI": 200.0
      },
      "HMDGKCKKKNN": ""
    },
    "3": {
      "$type": "MBIKCEBOCKA",
      "OKKNABIAANA": 70010006,
      "LADDMKIFPGM": {
        "_x": 108.55490112304688,
        "_y": 667.7932739257812,
        "_z": -1911.133056640625
      },
      "MBNFCMGJHAE": {
        "_y": 312.3081970214844
      },
      "NLIDOGBDDGM": {
        "_x": 138.61000061035156,
        "_y": 666.6538696289062,
        "_z": -1858.2769775390625
      },
      "DKGGAAJODMB": true,
      "KEOFPMFNPLO": "",
      "DFEBCOOIEHF": 200.0,
      "MPBBCDDFGKO": "DeadRegion",
      "HPDFOLLGBKL": {
        "$type": "BHMDEDHPEFH",
        "EAIPPAJKGFO": true,
        "NEBDNCNFDJC": 200.0,
        "LDMENJHNDON": "Center",
        "ACIIKIJKEHO": 1.0,
        "IGNNLKPCNOI": 200.0
      },
      "HMDGKCKKKNN": ""
    },
    "4": {
      "$type": "MBIKCEBOCKA",
      "OKKNABIAANA": 70010006,
      "LADDMKIFPGM": {
        "_x": 100.30460357666016,
        "_y": 667.7932739257812,
        "_z": -1784.1939697265625
      },
      "MBNFCMGJHAE": {
        "_y": 312.3081970214844
      },
      "NLIDOGBDDGM": {
        "_x": 138.61000061035156,
        "_y": 666.6538696289062,
        "_z": -1858.2769775390625
      },
      "DKGGAAJODMB": true,
      "KEOFPMFNPLO": "",
      "DFEBCOOIEHF": 200.0,
      "MPBBCDDFGKO": "DeadRegion",
      "HPDFOLLGBKL": {
        "$type": "BHMDEDHPEFH",
        "EAIPPAJKGFO": true,
        "NEBDNCNFDJC": 200.0,
        "LDMENJHNDON": "Center",
        "ACIIKIJKEHO": 200.0,
        "IGNNLKPCNOI": 1.0
      },
      "HMDGKCKKKNN": ""
    },
    "5": {
      "$type": "MBIKCEBOCKA",
      "OKKNABIAANA": 70010006,
      "LADDMKIFPGM": {
        "_x": 230.1593017578125,
        "_y": 667.7932739257812,
        "_z": -1777.530029296875
      },
      "MBNFCMGJHAE": {
        "_y": 312.3081970214844
      },
      "NLIDOGBDDGM": {
        "_x": 138.61000061035156,
        "_y": 666.6538696289062,
        "_z": -1858.2769775390625
      },
      "DKGGAAJODMB": true,
      "KEOFPMFNPLO": "",
      "DFEBCOOIEHF": 200.0,
      "MPBBCDDFGKO": "DeadRegion",
      "HPDFOLLGBKL": {
        "$type": "BHMDEDHPEFH",
        "EAIPPAJKGFO": true,
        "NEBDNCNFDJC": 200.0,
        "LDMENJHNDON": "Center",
        "ACIIKIJKEHO": 1.0,
        "IGNNLKPCNOI": 200.0
      },
      "HMDGKCKKKNN": ""
    }
  },
  "AGHEGEFDJOA": {}
}