{
    "NMLGOIJIDMO": {
        "1": {
            "$type": "FHNGLBIHCJO",
            "gadgetId": 70360001,
            "pos": {
                "x": 34.44301986694336,
                "y": -4.003147125244141,
                "z": 8.848396301269531
            },
            "unlocked": true,
            "alias": "",
            "musicSubStates": {
                "x": 1.0,
                "y": 1.0,
                "z": 1.0
            }
        }
    },
    "AGHEGEFDJOA": {}
}