{
  "NMLGOIJIDMO": {
    "1": {
      "$type": "KJJGLEGGNLA",
      "OKKNABIAANA": 70010006,
      "LADDMKIFPGM": {
        "_x": 722.6641845703125,
        "_y": 90.18372344970703,
        "_z": 774.9194946289062
      },
      "MBNFCMGJHAE": {
        "_y": 334.1542053222656
      },
      "NLIDOGBDDGM": {
        "_x": 724.798583984375,
        "_y": 90.18372344970703,
        "_z": 774.927490234375
      },
      "AALAENIJCGC": {
        "_y": 334.1542053222656
      },
      "KEOFPMFNPLO": "",
      "MGLEAPLEHFN": {
        "_x": 40.0,
        "_y": 5.0,
        "_z": 40.0
      }
    },
    "2": {
      "$type": "FHNGLBIHCJO",
      "OKKNABIAANA": 70120004,
      "LADDMKIFPGM": {
        "_x": 217.4821014404297,
        "_y": 89.4456787109375,
        "_z": 788.090087890625
      },
      "MBNFCMGJHAE": {
        "_y": 44.71493911743164
      },
      "NLIDOGBDDGM": {
        "_x": 217.4821014404297,
        "_y": 89.4456787109375,
        "_z": 788.090087890625
      },
      "DKGGAAJODMB": true,
      "KEOFPMFNPLO": "",
      "MGLEAPLEHFN": {
        "_x": 3.0,
        "_y": 3.0,
        "_z": 3.0
      }
    },
    "3": {
      "$type": "FHNGLBIHCJO",
      "OKKNABIAANA": 70120004,
      "LADDMKIFPGM": {
        "_x": 219.6324005126953,
        "_y": 90.18020629882812,
        "_z": 213.05320739746094
      },
      "MBNFCMGJHAE": {
        "_y": 327.8918151855469
      },
      "NLIDOGBDDGM": {
        "_x": 217.07229614257812,
        "_y": 90.18110656738281,
        "_z": 212.3498992919922
      },
      "DKGGAAJODMB": true,
      "KEOFPMFNPLO": "",
      "MGLEAPLEHFN": {
        "_x": 3.0,
        "_y": 3.0,
        "_z": 3.0
      }
    },
    "4": {
      "$type": "HAMECKLBPHA",
      "OKKNABIAANA": 70010006,
      "LADDMKIFPGM": {
        "_x": 249.48289489746094,
        "_y": 101.21299743652344,
        "_z": 169.48300170898438
      },
      "NLIDOGBDDGM": {
        "_x": 249.48294067382812,
        "_y": 101.21302032470703,
        "_z": 169.4830322265625
      },
      "DKGGAAJODMB": true,
      "KEOFPMFNPLO": "",
      "MGLEAPLEHFN": {
        "_x": 15.0,
        "_y": 10.0,
        "_z": 15.0
      }
    },
    "5": {
      "$type": "KJJGLEGGNLA",
      "OKKNABIAANA": 70010006,
      "LADDMKIFPGM": {
        "_x": 248.1750946044922,
        "_y": 101.04889678955078,
        "_z": 170.6051025390625
      },
      "NLIDOGBDDGM": {
        "_x": 248.17510986328125,
        "_y": 101.04888916015625,
        "_z": 170.6051025390625
      },
      "DKGGAAJODMB": true,
      "KEOFPMFNPLO": "",
      "MGLEAPLEHFN": {
        "_x": 20.0,
        "_y": 10.0,
        "_z": 20.0
      }
    }
  },
  "OIIHDBGDNKL": {
    "1": {
      "$type": "MBIKCEBOCKA",
      "OKKNABIAANA": 70010006,
      "LADDMKIFPGM": {
        "_x": 221.11720275878906,
        "_y": 80.80000305175781,
        "_z": 207.47300720214844
      },
      "NLIDOGBDDGM": {
        "_x": 221.11721801757812,
        "_y": 90.18370056152344,
        "_z": 212.73086547851562
      },
      "DKGGAAJODMB": true,
      "KEOFPMFNPLO": "",
      "DFEBCOOIEHF": 150.0,
      "MPBBCDDFGKO": "DeadRegion",
      "HPDFOLLGBKL": {
        "$type": "BHMDEDHPEFH",
        "EAIPPAJKGFO": true,
        "NEBDNCNFDJC": 3.0,
        "LDMENJHNDON": "Center",
        "ACIIKIJKEHO": 150.0,
        "IGNNLKPCNOI": 150.0
      },
      "HMDGKCKKKNN": ""
    },
    "2": {
      "$type": "MBIKCEBOCKA",
      "OKKNABIAANA": 70010006,
      "LADDMKIFPGM": {
        "_x": 720.2860717773438,
        "_y": 78.5,
        "_z": 773.3397216796875
      },
      "NLIDOGBDDGM": {
        "_x": 720.2861328125,
        "_y": 90.17926025390625,
        "_z": 781.2699584960938
      },
      "DKGGAAJODMB": true,
      "KEOFPMFNPLO": "",
      "DFEBCOOIEHF": 150.0,
      "MPBBCDDFGKO": "DeadRegion",
      "HPDFOLLGBKL": {
        "$type": "BHMDEDHPEFH",
        "EAIPPAJKGFO": true,
        "NEBDNCNFDJC": 3.0,
        "LDMENJHNDON": "Center",
        "ACIIKIJKEHO": 150.0,
        "IGNNLKPCNOI": 150.0
      },
      "HMDGKCKKKNN": ""
    },
    "3": {
      "$type": "MBIKCEBOCKA",
      "OKKNABIAANA": 70010006,
      "LADDMKIFPGM": {
        "_x": 283.7669982910156,
        "_y": 85.57882690429688,
        "_z": 167.9875946044922
      },
      "NLIDOGBDDGM": {
        "_x": 221.11721801757812,
        "_y": 90.18370056152344,
        "_z": 212.73086547851562
      },
      "DKGGAAJODMB": true,
      "KEOFPMFNPLO": "",
      "MPBBCDDFGKO": "DeadRegion",
      "HPDFOLLGBKL": {
        "$type": "BHMDEDHPEFH",
        "EAIPPAJKGFO": true,
        "NEBDNCNFDJC": 10.0,
        "LDMENJHNDON": "Center",
        "ACIIKIJKEHO": 15.0,
        "IGNNLKPCNOI": 15.0
      },
      "HMDGKCKKKNN": ""
    }
  },
  "AGHEGEFDJOA": {}
}