{
    "NMLGOIJIDMO": {
        "1": {
            "$type": "CMNLBNELOAO",
            "gadgetId": 70010002,
            "pos": {
                "x": 10.546600341796875,
                "y": 8.547416687011719,
                "z": 0.10014060139656067
            },
            "rot": {
                "y": 268.79998779296875
            },
            "tranPos": {
                "x": 4448.4140625,
                "y": 122.39540100097656,
                "z": 4616.97509765625
            },
            "tranRot": {
                "y": 166.16000366210938
            },
            "unlocked": true,
            "alias": "",
            "CANCGDNOKLN": 3,
            "AOKNILCKJGO": "UI_SCENE_ENTRY_EXIT_WardenOffice",
            "ILJGBEDCHJH": {
                "x": 3.0,
                "y": 3.0,
                "z": 3.0
            },
            "NENGJNNAAPG": 24.0
        },
        "2": {
            "$type": "BHBMHHGDGKO",
            "gadgetId": 70360286,
            "pos": {
                "x": -0.038559459149837494,
                "y": -3.3379430770874023,
                "z": -0.0023811371065676212
            },
            "tranPos": {
                "x": 3.0980420112609863,
                "y": 0.04378224164247513,
                "z": -6.0233869552612305
            },
            "tranRot": {
                "y": 57.627079010009766
            },
            "alias": "",
            "APIOOIONFEC": "Never",
            "GBLBNCBJIBB": "",
            "BPFIBAOMIMA": [
                1185
            ],
            "FJKMELPOPNO": {},
            "AOKNILCKJGO": "UI_STC_Intee_DungeonEntry",
            "OEEIJBELICH": "UI_Icon_Intee_Talk",
            "NAJPOILINJN": true
        },
        "3": {
            "$type": "KGJCKLAGEEB",
            "gadgetId": 70010001,
            "pos": {
                "x": 3.0980420112609863,
                "y": 0.04378224164247513,
                "z": -6.0233869552612305
            },
            "rot": {
                "y": 57.627079010009766
            },
            "tranPos": {
                "x": 2.2949106693267822,
                "y": 0.07049599289894104,
                "z": -0.03749678283929825
            },
            "alias": "",
            "PNGPIAPKAEG": 2
        }
    },
    "AGHEGEFDJOA": {}
}