{
    "HNGDGDECKOD": {
        "1": {
            "$type": "EGNLKABGENB",
            "gadgetId": 70120004,
            "pos": {
                "x": 502.65509033203125,
                "y": 15.306349754333496,
                "z": 522.819091796875
            },
            "rot": {
                "y": 26.04068946838379
            },
            "tranPos": {
                "x": 502.6550598144531,
                "y": 15.306351661682129,
                "z": 522.819091796875
            },
            "alias": ""
        }
    },
    "PJOEJDKAIKD": {}
}