{
  "NMLGOIJIDMO": {
    "1": {
      "$type": "FHNGLBIHCJO",
      "OKKNABIAANA": 70120004,
      "LADDMKIFPGM": {
        "_x": 32.222679138183594,
        "_y": 2.8923399448394775,
        "_z": 112.82649993896484
      },
      "MBNFCMGJHAE": {
        "_y": 1.1799999475479126
      },
      "DKGGAAJODMB": true,
      "KEOFPMFNPLO": "",
      "MGLEAPLEHFN": {
        "_x": 3.0,
        "_y": 3.0,
        "_z": 3.0
      }
    },
    "3": {
      "$type": "HAMECKLBPHA",
      "OKKNABIAANA": 70010006,
      "LADDMKIFPGM": {
        "_x": 69.99181365966797,
        "_y": 0.3651356101036072,
        "_z": 105.49629974365234
      },
      "MBNFCMGJHAE": {
        "_y": 180.0
      },
      "DKGGAAJODMB": true,
      "KEOFPMFNPLO": "",
      "MGLEAPLEHFN": {
        "_x": 15.0,
        "_y": 10.0,
        "_z": 20.0
      }
    },
    "6": {
      "$type": "KJJGLEGGNLA",
      "OKKNABIAANA": 70010006,
      "LADDMKIFPGM": {
        "_x": 16.637020111083984,
        "_y": 15.707249641418457,
        "_z": 129.3428955078125
      },
      "MBNFCMGJHAE": {
        "_y": 90.0
      },
      "DKGGAAJODMB": true,
      "KEOFPMFNPLO": "",
      "MGLEAPLEHFN": {
        "_x": 10.0,
        "_y": 10.0,
        "_z": 10.0
      }
    },
    "7": {
      "$type": "KJJGLEGGNLA",
      "OKKNABIAANA": 70010006,
      "LADDMKIFPGM": {
        "_x": 57.43595886230469,
        "_y": 28.43191909790039,
        "_z": 75.94615936279297
      },
      "DKGGAAJODMB": true,
      "KEOFPMFNPLO": "",
      "MGLEAPLEHFN": {
        "_x": 8.0,
        "_y": 6.0,
        "_z": 6.0
      }
    },
    "8": {
      "$type": "HAMECKLBPHA",
      "OKKNABIAANA": 70010006,
      "LADDMKIFPGM": {
        "_x": 31.98542022705078,
        "_y": 2.886341094970703,
        "_z": 120.80020141601562
      },
      "DKGGAAJODMB": true,
      "KEOFPMFNPLO": "",
      "MGLEAPLEHFN": {
        "_x": 20.0,
        "_y": 10.0,
        "_z": 20.0
      }
    }
  },
  "OIIHDBGDNKL": {
    "1": {
      "$type": "MBIKCEBOCKA",
      "OKKNABIAANA": 70010006,
      "LADDMKIFPGM": {
        "_x": 34.87874984741211,
        "_y": -7.427349090576172,
        "_z": 97.09597778320312
      },
      "NLIDOGBDDGM": {
        "_x": 30.880950927734375,
        "_y": 2.0035619735717773,
        "_z": 96.75653839111328
      },
      "DKGGAAJODMB": true,
      "KEOFPMFNPLO": "",
      "MPBBCDDFGKO": "NoReviveRegion",
      "HPDFOLLGBKL": {
        "$type": "BHMDEDHPEFH",
        "EAIPPAJKGFO": true,
        "NEBDNCNFDJC": 40.0,
        "LDMENJHNDON": "Center",
        "ACIIKIJKEHO": 60.0,
        "IGNNLKPCNOI": 21.0
      },
      "HMDGKCKKKNN": ""
    },
    "2": {
      "$type": "MBIKCEBOCKA",
      "OKKNABIAANA": 70010006,
      "LADDMKIFPGM": {
        "_x": 53.8773307800293,
        "_y": -14.32843017578125,
        "_z": 117.87429809570312
      },
      "NLIDOGBDDGM": {
        "_x": 66.8731689453125,
        "_y": -14.32843017578125,
        "_z": 119.27428436279297
      },
      "DKGGAAJODMB": true,
      "KEOFPMFNPLO": "",
      "MPBBCDDFGKO": "NoReviveRegion",
      "HPDFOLLGBKL": {
        "$type": "BHMDEDHPEFH",
        "EAIPPAJKGFO": true,
        "NEBDNCNFDJC": 40.0,
        "LDMENJHNDON": "Center",
        "ACIIKIJKEHO": 22.0,
        "IGNNLKPCNOI": 21.0
      },
      "HMDGKCKKKNN": ""
    },
    "3": {
      "$type": "MBIKCEBOCKA",
      "OKKNABIAANA": 70010006,
      "LADDMKIFPGM": {
        "_x": 16.992389678955078,
        "_y": -7.563457012176514,
        "_z": 112.26010131835938
      },
      "NLIDOGBDDGM": {
        "_x": 19.330224990844727,
        "_y": 1.7305933237075806,
        "_z": 115.60597229003906
      },
      "DKGGAAJODMB": true,
      "KEOFPMFNPLO": "",
      "MPBBCDDFGKO": "NoReviveRegion",
      "HPDFOLLGBKL": {
        "$type": "BHMDEDHPEFH",
        "EAIPPAJKGFO": true,
        "NEBDNCNFDJC": 40.0,
        "LDMENJHNDON": "Center",
        "ACIIKIJKEHO": 10.0,
        "IGNNLKPCNOI": 21.0
      },
      "HMDGKCKKKNN": ""
    }
  },
  "AGHEGEFDJOA": {}
}