{
    "MHHCMJDEEJK": {
        "1": {
            "$type": "IMFONKLKLOK",
            "gadgetId": 70360001,
            "musicSubStates": {
                "x": 45.869529724121094,
                "y": 10.064229965209961,
                "z": -72.01032257080078
            },
            "unlocked": true,
            "alias": "",
            "size": {
                "x": 1.0,
                "y": 1.0,
                "z": 1.0
            }
        }
    },
    "AFLIBNAHANB": {}
}