{
  "NMLGOIJIDMO": {
    "1": {
      "$type": "FHNGLBIHCJO",
      "OKKNABIAANA": 70120004,
      "LADDMKIFPGM": {
        "_x": -5.922163009643555,
        "_y": 69.4327621459961,
        "_z": 69.59752655029297
      },
      "MBNFCMGJHAE": {
        "_y": 331.2961120605469
      },
      "DKGGAAJODMB": true,
      "KEOFPMFNPLO": "",
      "MGLEAPLEHFN": {
        "_x": 5.0,
        "_y": 5.0,
        "_z": 5.0
      }
    },
    "2": {
      "$type": "HAMECKLBPHA",
      "OKKNABIAANA": 70010006,
      "LADDMKIFPGM": {
        "_x": -128.1278076171875,
        "_y": 34.291099548339844,
        "_z": 45.91426086425781
      },
      "MBNFCMGJHAE": {
        "_y": 337.4154968261719
      },
      "DKGGAAJODMB": true,
      "KEOFPMFNPLO": "",
      "MGLEAPLEHFN": {
        "_x": 15.0,
        "_y": 15.0,
        "_z": 15.0
      }
    },
    "3": {
      "$type": "HAMECKLBPHA",
      "OKKNABIAANA": 70010006,
      "LADDMKIFPGM": {
        "_x": -122.57740020751953,
        "_y": 47.03615951538086,
        "_z": 137.51730346679688
      },
      "MBNFCMGJHAE": {
        "_y": 11.312100410461426
      },
      "DKGGAAJODMB": true,
      "KEOFPMFNPLO": "",
      "MGLEAPLEHFN": {
        "_x": 15.0,
        "_y": 15.0,
        "_z": 15.0
      }
    },
    "4": {
      "$type": "HAMECKLBPHA",
      "OKKNABIAANA": 70010006,
      "LADDMKIFPGM": {
        "_x": -136.7218017578125,
        "_y": 37.38650894165039,
        "_z": 98.57166290283203
      },
      "MBNFCMGJHAE": {
        "_y": 356.8168029785156
      },
      "DKGGAAJODMB": true,
      "KEOFPMFNPLO": ""
    },
    "5": {
      "$type": "HAMECKLBPHA",
      "OKKNABIAANA": 70010006,
      "LADDMKIFPGM": {
        "_x": -97.51730346679688,
        "_y": 63.50592041015625,
        "_z": 150.52670288085938
      },
      "MBNFCMGJHAE": {
        "_y": 90.40840148925781
      },
      "DKGGAAJODMB": true,
      "KEOFPMFNPLO": "",
      "MGLEAPLEHFN": {
        "_x": 15.0,
        "_y": 15.0,
        "_z": 15.0
      }
    },
    "6": {
      "$type": "HAMECKLBPHA",
      "OKKNABIAANA": 70010006,
      "LADDMKIFPGM": {
        "_x": -51.122188568115234,
        "_y": 67.03736877441406,
        "_z": 127.12999725341797
      },
      "MBNFCMGJHAE": {
        "_y": 103.17240142822266
      },
      "DKGGAAJODMB": true,
      "KEOFPMFNPLO": "",
      "MGLEAPLEHFN": {
        "_x": 15.0,
        "_y": 15.0,
        "_z": 15.0
      }
    },
    "7": {
      "$type": "HAMECKLBPHA",
      "OKKNABIAANA": 70010006,
      "LADDMKIFPGM": {
        "_x": -24.38014030456543,
        "_y": 65.47545623779297,
        "_z": 110.356201171875
      },
      "MBNFCMGJHAE": {
        "_y": 140.72169494628906
      },
      "DKGGAAJODMB": true,
      "KEOFPMFNPLO": "",
      "MGLEAPLEHFN": {
        "_x": 15.0,
        "_y": 15.0,
        "_z": 15.0
      }
    }
  },
  "OIIHDBGDNKL": {
    "1": {
      "$type": "MBIKCEBOCKA",
      "OKKNABIAANA": 70010006,
      "LADDMKIFPGM": {
        "_x": -64.39347076416016,
        "_y": -40.501800537109375,
        "_z": 81.66842651367188
      },
      "DKGGAAJODMB": true,
      "KEOFPMFNPLO": "",
      "DFEBCOOIEHF": 500.0,
      "MPBBCDDFGKO": "DeadRegion",
      "HPDFOLLGBKL": {
        "$type": "BHMDEDHPEFH",
        "EAIPPAJKGFO": true,
        "NEBDNCNFDJC": 100.0,
        "LDMENJHNDON": "Center",
        "ACIIKIJKEHO": 800.0,
        "IGNNLKPCNOI": 800.0
      },
      "PPGKLHKAGII": {
        "_x": 20.0,
        "_y": 20.0,
        "_z": 20.0
      },
      "HMDGKCKKKNN": ""
    }
  },
  "AGHEGEFDJOA": {}
}