{
    "MHHCMJDEEJK": {
        "1": {
            "$type": "IMFONKLKLOK",
            "gadgetId": 70360001,
            "musicSubStates": {
                "x": -43.10696029663086,
                "y": 4.710000038146973,
                "z": -33.363670349121094
            },
            "unlocked": true,
            "alias": "",
            "size": {
                "x": 1.0,
                "y": 1.0,
                "z": 1.0
            }
        }
    },
    "AFLIBNAHANB": {}
}