{
  "NMLGOIJIDMO": {
    "1": {
      "$type": "FHNGLBIHCJO",
      "OKKNABIAANA": 70120004,
      "LADDMKIFPGM": {
        "_x": 284.0456848144531,
        "_y": 248.53860473632812,
        "_z": 346.8953857421875
      },
      "KEOFPMFNPLO": ""
    },
    "2": {
      "$type": "KJJGLEGGNLA",
      "OKKNABIAANA": 70310387,
      "LADDMKIFPGM": {
        "_x": 349.5920104980469,
        "_y": 261.8393859863281,
        "_z": 334.525390625
      },
      "NLIDOGBDDGM": {
        "_x": 349.5920104980469,
        "_y": 261.8393859863281,
        "_z": 334.525390625
      },
      "KEOFPMFNPLO": "",
      "MGLEAPLEHFN": {
        "_x": 10.0,
        "_y": 25.0,
        "_z": 30.0
      },
      "MLEILPJGHHM": true
    },
    "3": {
      "$type": "HAMECKLBPHA",
      "OKKNABIAANA": 70010006,
      "LADDMKIFPGM": {
        "_x": 268.1083984375,
        "_y": 268.5450134277344,
        "_z": 378.5256042480469
      },
      "NLIDOGBDDGM": {
        "_x": 268.1083984375,
        "_y": 268.5653076171875,
        "_z": 384.0958557128906
      },
      "KEOFPMFNPLO": "",
      "MGLEAPLEHFN": {
        "_x": 20.0,
        "_y": 40.0,
        "_z": 10.0
      }
    },
    "4": {
      "$type": "BHBMHHGDGKO",
      "OKKNABIAANA": 70010006,
      "LADDMKIFPGM": {
        "_x": 268.5481872558594,
        "_y": 365.14898681640625,
        "_z": 640.1334838867188
      },
      "NLIDOGBDDGM": {
        "_x": 268.5481872558594,
        "_y": 365.14898681640625,
        "_z": 640.133544921875
      },
      "KEOFPMFNPLO": "",
      "APIOOIONFEC": "Never",
      "GBLBNCBJIBB": "",
      "BPFIBAOMIMA": [
        1177
      ],
      "FJKMELPOPNO": {},
      "AOKNILCKJGO": "UI_STC_Intee_DungeonEntry",
      "OEEIJBELICH": "UI_Icon_Intee_Talk",
      "CLBAGDBECFB": true
    }
  },
  "OIIHDBGDNKL": {
    "12": {
      "$type": "MBIKCEBOCKA",
      "OKKNABIAANA": 70010006,
      "LADDMKIFPGM": {
        "_x": 268.218505859375,
        "_y": 253.60079956054688,
        "_z": 419.6742858886719
      },
      "DKGGAAJODMB": true,
      "KEOFPMFNPLO": "",
      "MPBBCDDFGKO": "DeadRegion",
      "HPDFOLLGBKL": {
        "$type": "BHMDEDHPEFH",
        "EAIPPAJKGFO": true,
        "NEBDNCNFDJC": 20.0,
        "LDMENJHNDON": "Center",
        "ACIIKIJKEHO": 60.0,
        "IGNNLKPCNOI": 80.0
      },
      "HMDGKCKKKNN": ""
    },
    "13": {
      "$type": "MBIKCEBOCKA",
      "OKKNABIAANA": 70010006,
      "LADDMKIFPGM": {
        "_x": 268.218505859375,
        "_y": 254.2469940185547,
        "_z": 419.6742858886719
      },
      "DKGGAAJODMB": true,
      "KEOFPMFNPLO": "",
      "MPBBCDDFGKO": "NoReviveRegion",
      "HPDFOLLGBKL": {
        "$type": "BHMDEDHPEFH",
        "EAIPPAJKGFO": true,
        "NEBDNCNFDJC": 25.0,
        "LDMENJHNDON": "Center",
        "ACIIKIJKEHO": 60.0,
        "IGNNLKPCNOI": 80.0
      },
      "HMDGKCKKKNN": ""
    },
    "14": {
      "$type": "MBIKCEBOCKA",
      "OKKNABIAANA": 70010006,
      "LADDMKIFPGM": {
        "_x": 268.218505859375,
        "_y": 255.97669982910156,
        "_z": 493.6427001953125
      },
      "DKGGAAJODMB": true,
      "KEOFPMFNPLO": "",
      "MPBBCDDFGKO": "NoReviveRegion",
      "HPDFOLLGBKL": {
        "$type": "BHMDEDHPEFH",
        "EAIPPAJKGFO": true,
        "NEBDNCNFDJC": 25.0,
        "LDMENJHNDON": "Center",
        "ACIIKIJKEHO": 80.0,
        "IGNNLKPCNOI": 80.0
      },
      "HMDGKCKKKNN": ""
    },
    "15": {
      "$type": "MBIKCEBOCKA",
      "OKKNABIAANA": 70010006,
      "LADDMKIFPGM": {
        "_x": 268.218505859375,
        "_y": 256.7778015136719,
        "_z": 492.0867919921875
      },
      "DKGGAAJODMB": true,
      "KEOFPMFNPLO": "",
      "MPBBCDDFGKO": "DeadRegion",
      "HPDFOLLGBKL": {
        "$type": "BHMDEDHPEFH",
        "EAIPPAJKGFO": true,
        "NEBDNCNFDJC": 20.0,
        "LDMENJHNDON": "Center",
        "ACIIKIJKEHO": 80.0,
        "IGNNLKPCNOI": 80.0
      },
      "HMDGKCKKKNN": ""
    },
    "16": {
      "$type": "MBIKCEBOCKA",
      "OKKNABIAANA": 70010006,
      "LADDMKIFPGM": {
        "_x": 245.4304962158203,
        "_y": 277.85369873046875,
        "_z": 472.3749084472656
      },
      "DKGGAAJODMB": true,
      "KEOFPMFNPLO": "",
      "MPBBCDDFGKO": "DeadRegion",
      "HPDFOLLGBKL": {
        "$type": "BHMDEDHPEFH",
        "EAIPPAJKGFO": true,
        "NEBDNCNFDJC": 90.0,
        "LDMENJHNDON": "Center",
        "ACIIKIJKEHO": 25.0,
        "IGNNLKPCNOI": 35.0
      },
      "HMDGKCKKKNN": ""
    },
    "17": {
      "$type": "MBIKCEBOCKA",
      "OKKNABIAANA": 70010006,
      "LADDMKIFPGM": {
        "_x": 290.8938903808594,
        "_y": 283.2461853027344,
        "_z": 473.4381103515625
      },
      "DKGGAAJODMB": true,
      "KEOFPMFNPLO": "",
      "MPBBCDDFGKO": "DeadRegion",
      "HPDFOLLGBKL": {
        "$type": "BHMDEDHPEFH",
        "EAIPPAJKGFO": true,
        "NEBDNCNFDJC": 80.0,
        "LDMENJHNDON": "Center",
        "ACIIKIJKEHO": 25.0,
        "IGNNLKPCNOI": 35.0
      },
      "HMDGKCKKKNN": ""
    },
    "18": {
      "$type": "MBIKCEBOCKA",
      "OKKNABIAANA": 70010006,
      "LADDMKIFPGM": {
        "_x": 268.8851013183594,
        "_y": 280.98388671875,
        "_z": 503.0549011230469
      },
      "DKGGAAJODMB": true,
      "KEOFPMFNPLO": "",
      "MPBBCDDFGKO": "DeadRegion",
      "HPDFOLLGBKL": {
        "$type": "BHMDEDHPEFH",
        "EAIPPAJKGFO": true,
        "NEBDNCNFDJC": 70.0,
        "LDMENJHNDON": "Center",
        "ACIIKIJKEHO": 90.0,
        "IGNNLKPCNOI": 30.0
      },
      "HMDGKCKKKNN": ""
    },
    "19": {
      "$type": "MBIKCEBOCKA",
      "OKKNABIAANA": 70010006,
      "LADDMKIFPGM": {
        "_x": 250.1425018310547,
        "_y": 277.85369873046875,
        "_z": 472.3749084472656
      },
      "DKGGAAJODMB": true,
      "KEOFPMFNPLO": "",
      "MPBBCDDFGKO": "NoReviveRegion",
      "HPDFOLLGBKL": {
        "$type": "BHMDEDHPEFH",
        "EAIPPAJKGFO": true,
        "NEBDNCNFDJC": 90.0,
        "LDMENJHNDON": "Center",
        "ACIIKIJKEHO": 25.0,
        "IGNNLKPCNOI": 35.0
      },
      "HMDGKCKKKNN": ""
    },
    "20": {
      "$type": "MBIKCEBOCKA",
      "OKKNABIAANA": 70010006,
      "LADDMKIFPGM": {
        "_x": 285.64990234375,
        "_y": 283.2461853027344,
        "_z": 473.4381103515625
      },
      "DKGGAAJODMB": true,
      "KEOFPMFNPLO": "",
      "MPBBCDDFGKO": "NoReviveRegion",
      "HPDFOLLGBKL": {
        "$type": "BHMDEDHPEFH",
        "EAIPPAJKGFO": true,
        "NEBDNCNFDJC": 80.0,
        "LDMENJHNDON": "Center",
        "ACIIKIJKEHO": 25.0,
        "IGNNLKPCNOI": 35.0
      },
      "HMDGKCKKKNN": ""
    },
    "21": {
      "$type": "MBIKCEBOCKA",
      "OKKNABIAANA": 70010006,
      "LADDMKIFPGM": {
        "_x": 268.8851013183594,
        "_y": 280.98388671875,
        "_z": 502.0928955078125
      },
      "DKGGAAJODMB": true,
      "KEOFPMFNPLO": "",
      "MPBBCDDFGKO": "NoReviveRegion",
      "HPDFOLLGBKL": {
        "$type": "BHMDEDHPEFH",
        "EAIPPAJKGFO": true,
        "NEBDNCNFDJC": 70.0,
        "LDMENJHNDON": "Center",
        "ACIIKIJKEHO": 90.0,
        "IGNNLKPCNOI": 30.0
      },
      "HMDGKCKKKNN": ""
    }
  },
  "AGHEGEFDJOA": {}
}