{
    "MHHCMJDEEJK": {
        "1": {
            "$type": "IMFONKLKLOK",
            "type": "TOWER",
            "gadgetId": 70120004,
            "musicSubStates": {
                "x": 105.4999008178711,
                "y": -9.372852325439453,
                "z": 2.5651230812072754
            },
            "tranPos": {
                "x": 105.4999008178711,
                "y": -9.372852325439453,
                "z": 2.5651230812072754
            },
            "alias": "",
            "size": {
                "x": 3.0,
                "y": 3.0,
                "z": 3.0
            }
        }
    },
    "AFLIBNAHANB": {}
}