{
    "HNGDGDECKOD": {
        "1": {
            "$type": "ECOABNJLDCG",
            "gadgetId": 70010002,
            "pos": {
                "x": 2.5244460105895996,
                "y": 0.05717423930764198,
                "z": -3.2459371089935303
            },
            "tranPos": {
                "x": -466.3696594238281,
                "y": 237.60044860839844,
                "z": 2744.373291015625
            },
            "tranRot": {
                "y": 80.0
            },
            "unlocked": true,
            "alias": "",
            "DDEIKCPFKMP": 3,
            "GINONDIMMJF": "UI_SCENE_ENTRY_EXIT_Coffeehouse",
            "KILONJICBGN": {
                "x": 3.0,
                "y": 3.0,
                "z": 3.0
            },
            "DOAKMJDKNDE": 24.0
        }
    },
    "PJOEJDKAIKD": {}
}