{
    "MHHCMJDEEJK": {
        "1": {
            "$type": "IMFONKLKLOK",
            "gadgetId": 70360001,
            "musicSubStates": {
                "x": 58.8371696472168,
                "y": -0.6270142197608948,
                "z": -60.78120040893555
            },
            "unlocked": true,
            "alias": "",
            "size": {
                "x": 1.0,
                "y": 1.0,
                "z": 1.0
            }
        }
    },
    "AFLIBNAHANB": {}
}