{
    "MHHCMJDEEJK": {
        "1": {
            "$type": "IMFONKLKLOK",
            "gadgetId": 70120004,
            "musicSubStates": {
                "x": 59.65470886230469,
                "y": 0.7850000858306885,
                "z": 99.9548568725586
            },
            "tranPos": {
                "x": 51.759307861328125,
                "y": 0.7850000858306885,
                "z": 99.9548568725586
            },
            "alias": ""
        }
    },
    "AFLIBNAHANB": {}
}