{
    "NMLGOIJIDMO": {
        "1": {
            "$type": "FHNGLBIHCJO",
            "gadgetId": 70120004,
            "tranPos": {
                "x": 12.051570892333984,
                "y": 7.073323726654053,
                "z": -63.51459503173828
            },
            "alias": "",
            "musicSubStates": {
                "x": 5.0,
                "y": 5.0,
                "z": 5.0
            }
        }
    },
    "AGHEGEFDJOA": {}
}