{
    "HNGDGDECKOD": {
        "1": {
            "$type": "ECOABNJLDCG",
            "gadgetId": 70010002,
            "pos": {
                "x": -0.06326618790626526,
                "y": 0.3529999852180481,
                "z": 8.539406776428223
            },
            "tranPos": {
                "x": -584.969970703125,
                "y": 244.3000030517578,
                "z": 347.54998779296875
            },
            "tranRot": {
                "y": 102.04000091552734
            },
            "unlocked": true,
            "alias": "",
            "DDEIKCPFKMP": 3,
            "GINONDIMMJF": "UI_SCENE_ENTRY_EXIT_BeiguoBank",
            "KILONJICBGN": {
                "x": 2.0,
                "y": 2.0,
                "z": 2.0
            },
            "DOAKMJDKNDE": 24.0
        }
    },
    "PJOEJDKAIKD": {}
}