{
    "NMLGOIJIDMO": {
        "1": {
            "$type": "FHNGLBIHCJO",
            "gadgetId": 70120004,
            "pos": {
                "x": -1.2333329916000366,
                "y": 0.14185769855976105,
                "z": -40.875308990478516
            },
            "unlocked": true,
            "alias": "",
            "musicSubStates": {
                "x": 5.0,
                "y": 5.0,
                "z": 5.0
            }
        }
    },
    "AGHEGEFDJOA": {}
}