{
    "NMLGOIJIDMO": {
        "1": {
            "$type": "FHNGLBIHCJO",
            "gadgetId": 70120004,
            "pos": {
                "x": 12.75115966796875,
                "y": 7.3208699226379395,
                "z": -64.14512634277344
            },
            "unlocked": true,
            "alias": "",
            "musicSubStates": {
                "x": 5.0,
                "y": 5.0,
                "z": 5.0
            }
        }
    },
    "AGHEGEFDJOA": {}
}