{
    "MHHCMJDEEJK": {
        "1": {
            "$type": "FJJLNKPMCOD",
            "gadgetId": 70010002,
            "musicSubStates": {
                "x": 0.0019679900724440813,
                "y": -0.18805670738220215,
                "z": 23.460859298706055
            },
            "rot": {
                "y": 180.0
            },
            "tranPos": {
                "x": 3450.583984375,
                "y": 455.4529113769531,
                "z": 4635.5380859375
            },
            "tranRot": {
                "y": 136.22999572753906
            },
            "unlocked": true,
            "alias": "",
            "EHENHAJEEON": 3,
            "GAPEPAJOPIJ": "UI_SCENE_ENTRY_EXIT_FontaineHotel",
            "EFECFJDOEDL": {
                "x": 3.0,
                "y": 3.0,
                "z": 3.0
            },
            "GEPLFOACGLH": 24.0
        }
    },
    "AFLIBNAHANB": {}
}