{
  "NMLGOIJIDMO": {
    "1": {
      "$type": "FHNGLBIHCJO",
      "OKKNABIAANA": 70120004,
      "LADDMKIFPGM": {
        "_x": -0.11199399828910828,
        "_y": 2.5093650817871094,
        "_z": -56.65544891357422
      },
      "DKGGAAJODMB": true,
      "KEOFPMFNPLO": "",
      "MGLEAPLEHFN": {
        "_x": 2.0,
        "_y": 2.0,
        "_z": 2.0
      }
    }
  },
  "OIIHDBGDNKL": {
    "1": {
      "$type": "MBIKCEBOCKA",
      "OKKNABIAANA": 70010006,
      "LADDMKIFPGM": {
        "_x": -3.1175529956817627,
        "_y": -16.13861083984375,
        "_z": -85.54316711425781
      },
      "NLIDOGBDDGM": {
        "_x": -3.117553234100342,
        "_y": 0.0017449641600251198,
        "_z": -12.171515464782715
      },
      "DKGGAAJODMB": true,
      "KEOFPMFNPLO": "",
      "MPBBCDDFGKO": "NoReviveRegion",
      "HPDFOLLGBKL": {
        "$type": "BHMDEDHPEFH",
        "EAIPPAJKGFO": true,
        "NEBDNCNFDJC": 30.0,
        "ACIIKIJKEHO": 200.0,
        "IGNNLKPCNOI": 123.0
      },
      "HMDGKCKKKNN": ""
    }
  },
  "AGHEGEFDJOA": {}
}