{
    "HNGDGDECKOD": {
        "1": {
            "$type": "ECOABNJLDCG",
            "gadgetId": 70010002,
            "pos": {
                "x": -0.018327709287405014,
                "y": 0.03310336172580719,
                "z": 40.081260681152344
            },
            "rot": {
                "y": 179.19000244140625
            },
            "tranPos": {
                "x": 3618.256103515625,
                "y": 509.0440979003906,
                "z": 4627.39404296875
            },
            "tranRot": {
                "y": 225.0
            },
            "unlocked": true,
            "alias": "",
            "DDEIKCPFKMP": 3,
            "GINONDIMMJF": "UI_SCENE_ENTRY_EXIT_Palais",
            "KILONJICBGN": {
                "x": 3.0,
                "y": 3.0,
                "z": 3.0
            },
            "DOAKMJDKNDE": 24.0
        }
    },
    "PJOEJDKAIKD": {}
}