{
    "HNGDGDECKOD": {
        "1": {
            "$type": "ECOABNJLDCG",
            "gadgetId": 70010002,
            "pos": {
                "x": -61.26081085205078,
                "y": 133.47579956054688,
                "z": 0.017338240519165993
            },
            "rot": {
                "y": 90.0
            },
            "tranPos": {
                "x": -368.239990234375,
                "y": 369.0,
                "z": 2898.89990234375
            },
            "tranRot": {
                "y": -18.0
            },
            "unlocked": true,
            "alias": "",
            "DDEIKCPFKMP": 3,
            "GINONDIMMJF": "UI_SCENE_ENTRY_EXIT_Csd",
            "KILONJICBGN": {
                "x": 3.0,
                "y": 3.0,
                "z": 3.0
            },
            "DOAKMJDKNDE": 24.0
        },
        "10": {
            "$type": "MBIJPECFKAJ",
            "gadgetId": 70010006,
            "pos": {
                "x": -29.05975914001465,
                "y": 133.5937957763672,
                "z": -28.981149673461914
            },
            "rot": {
                "y": 223.30169677734375
            },
            "tranPos": {
                "x": -29.05975914001465,
                "y": 133.5937957763672,
                "z": -28.981149673461914
            },
            "tranRot": {
                "y": 223.30169677734375
            },
            "alias": "",
            "COFKMGFMCHE": 9
        },
        "11": {
            "$type": "AIOKJBLOIFB",
            "gadgetId": 70360001,
            "pos": {
                "x": -33.487998962402344,
                "y": 133.95799255371094,
                "z": -33.426658630371094
            },
            "rot": {
                "y": 45.0
            },
            "tranPos": {
                "x": -33.487998962402344,
                "y": 133.95799255371094,
                "z": -33.426658630371094
            },
            "tranRot": {
                "y": 45.000003814697266
            },
            "alias": "",
            "EHHOJMJLBMC": "Never",
            "KLNMMIPIGLF": "",
            "HMNCLEPCAOK": [
                1168
            ],
            "FDENFJGMPKN": {},
            "size": {
                "x": 5.0,
                "y": 5.0,
                "z": 5.0
            },
            "GINONDIMMJF": "UI_STC_Intee_DungeonEntry",
            "BPGMBANCMED": "UI_Icon_Intee_Talk",
            "DBOEBOEEBKL": true
        },
        "12": {
            "$type": "MBIJPECFKAJ",
            "gadgetId": 70010006,
            "pos": {
                "x": -8.321573257446289,
                "y": 128.0438995361328,
                "z": 0.009262487292289734
            },
            "rot": {
                "y": 90.0
            },
            "tranPos": {
                "x": -8.321573257446289,
                "y": 128.0438995361328,
                "z": 0.009262487292289734
            },
            "tranRot": {
                "y": 90.0
            },
            "alias": "",
            "COFKMGFMCHE": 11
        },
        "13": {
            "$type": "AIOKJBLOIFB",
            "gadgetId": 70360001,
            "pos": {
                "x": -3.417670965194702,
                "y": 128.0865936279297,
                "z": -0.0228855200111866
            },
            "rot": {
                "y": 45.0
            },
            "tranPos": {
                "x": -3.4176714420318604,
                "y": 128.0865936279297,
                "z": -0.0228860005736351
            },
            "tranRot": {
                "y": 45.000003814697266
            },
            "alias": "",
            "EHHOJMJLBMC": "Never",
            "KLNMMIPIGLF": "",
            "HMNCLEPCAOK": [
                1170
            ],
            "FDENFJGMPKN": {},
            "size": {
                "x": 5.0,
                "y": 5.0,
                "z": 5.0
            },
            "GINONDIMMJF": "UI_DUNGEON_ENTRY_1075_13",
            "BPGMBANCMED": "UI_Icon_Intee_Talk",
            "DBOEBOEEBKL": true
        },
        "14": {
            "$type": "MBIJPECFKAJ",
            "gadgetId": 70010006,
            "pos": {
                "x": -6.606308937072754,
                "y": 128.0500946044922,
                "z": 0.03175109997391701
            },
            "rot": {
                "y": 90.0
            },
            "tranPos": {
                "x": -6.606308937072754,
                "y": 128.0500946044922,
                "z": 0.03175109997391701
            },
            "tranRot": {
                "y": 90.0
            },
            "alias": "",
            "COFKMGFMCHE": 13
        },
        "15": {
            "$type": "AIOKJBLOIFB",
            "gadgetId": 70360001,
            "pos": {
                "x": -33.487998962402344,
                "y": 133.95799255371094,
                "z": -33.426658630371094
            },
            "rot": {
                "y": 45.0
            },
            "tranPos": {
                "x": -33.487998962402344,
                "y": 133.95799255371094,
                "z": -33.426658630371094
            },
            "tranRot": {
                "y": 45.000003814697266
            },
            "alias": "",
            "EHHOJMJLBMC": "Never",
            "KLNMMIPIGLF": "",
            "HMNCLEPCAOK": [
                1169
            ],
            "FDENFJGMPKN": {},
            "GINONDIMMJF": "UI_STC_Intee_DungeonEntry",
            "BPGMBANCMED": "UI_Icon_Intee_Talk",
            "DBOEBOEEBKL": true
        },
        "16": {
            "$type": "AIOKJBLOIFB",
            "gadgetId": 70360001,
            "pos": {
                "x": -33.487998962402344,
                "y": 133.95799255371094,
                "z": -33.426658630371094
            },
            "rot": {
                "y": 45.0
            },
            "tranPos": {
                "x": -33.487998962402344,
                "y": 133.95799255371094,
                "z": -33.426658630371094
            },
            "tranRot": {
                "y": 45.000003814697266
            },
            "alias": "",
            "EHHOJMJLBMC": "Never",
            "KLNMMIPIGLF": "",
            "HMNCLEPCAOK": [
                1171
            ],
            "FDENFJGMPKN": {},
            "GINONDIMMJF": "UI_STC_Intee_DungeonEntry",
            "BPGMBANCMED": "UI_Icon_Intee_Talk",
            "DBOEBOEEBKL": true
        },
        "17": {
            "$type": "AIOKJBLOIFB",
            "gadgetId": 70360001,
            "pos": {
                "x": -33.487998962402344,
                "y": 133.95799255371094,
                "z": -33.426658630371094
            },
            "rot": {
                "y": 45.0
            },
            "tranPos": {
                "x": -33.487998962402344,
                "y": 133.95799255371094,
                "z": -33.426658630371094
            },
            "tranRot": {
                "y": 45.000003814697266
            },
            "alias": "",
            "EHHOJMJLBMC": "Never",
            "KLNMMIPIGLF": "",
            "HMNCLEPCAOK": [
                1172
            ],
            "FDENFJGMPKN": {},
            "GINONDIMMJF": "UI_STC_Intee_DungeonEntry",
            "BPGMBANCMED": "UI_Icon_Intee_Talk",
            "DBOEBOEEBKL": true
        },
        "18": {
            "$type": "MBIJPECFKAJ",
            "gadgetId": 70010006,
            "pos": {
                "x": -8.321573257446289,
                "y": 128.0438995361328,
                "z": 0.009262487292289734
            },
            "rot": {
                "y": 90.0
            },
            "tranPos": {
                "x": -8.321573257446289,
                "y": 128.0438995361328,
                "z": 0.009262487292289734
            },
            "tranRot": {
                "y": 90.0
            },
            "alias": "",
            "COFKMGFMCHE": 15
        },
        "19": {
            "$type": "MBIJPECFKAJ",