{
    "JEKPPCMCDDL": {
        "1": {
            "$type": "BMMLMKGCJOM",
            "gadgetId": 70010002,
            "pos": {
                "x": -0.055811818689107895,
                "y": 0.1999989002943039,
                "z": 12.945050239562988
            },
            "tranPos": {
                "x": -2536.7529296875,
                "y": 275.8833923339844,
                "z": -4621.15478515625
            },
            "tranRot": {
                "y": 277.0
            },
            "unlocked": true,
            "alias": "",
            "ACNNMCHOGML": 3,
            "DICHPAGGCBE": "UI_SCENE_ENTRY_EXIT_SHEFENGXING",
            "NEFLPEKDAHI": {
                "x": 3.0,
                "y": 3.0,
                "z": 3.0
            },
            "FDLDMPNKLBB": 24.0
        }
    },
    "DDIAGBHNOPL": {}
}