{
  "NMLGOIJIDMO": {
    "1": {
      "$type": "FHNGLBIHCJO",
      "OKKNABIAANA": 70110002,
      "LADDMKIFPGM": {
        "_x": 199.1300048828125,
        "_y": 59.016510009765625,
        "_z": 397.1000061035156
      },
      "MBNFCMGJHAE": {
        "_y": 180.3800048828125
      },
      "DKGGAAJODMB": true,
      "KEOFPMFNPLO": "",
      "MGLEAPLEHFN": {
        "_x": 5.0,
        "_y": 5.0,
        "_z": 5.0
      }
    },
    "3": {
      "$type": "KJJGLEGGNLA",
      "OKKNABIAANA": 70120003,
      "LADDMKIFPGM": {
        "_x": -8.305451393127441,
        "_y": 47.016258239746094,
        "_z": 56.98897933959961
      },
      "MBNFCMGJHAE": {
        "_y": 90.0
      },
      "DKGGAAJODMB": true,
      "KEOFPMFNPLO": "",
      "MGLEAPLEHFN": {
        "_x": 30.0,
        "_y": 20.0,
        "_z": 30.0
      },
      "GPBFFFGELDL": [
        220006002
      ]
    },
    "4": {
      "$type": "KJJGLEGGNLA",
      "OKKNABIAANA": 70120003,
      "LADDMKIFPGM": {
        "_x": 64.21170043945312,
        "_y": 39.516239166259766,
        "_z": 128.5634002685547
      },
      "MBNFCMGJHAE": {
        "_y": 180.0
      },
      "DKGGAAJODMB": true,
      "KEOFPMFNPLO": "",
      "MGLEAPLEHFN": {
        "_x": 10.0,
        "_y": 20.0,
        "_z": 50.0
      },
      "GPBFFFGELDL": [
        220006003,
        220006004
      ]
    },
    "5": {
      "$type": "KJJGLEGGNLA",
      "OKKNABIAANA": 70120003,
      "LADDMKIFPGM": {
        "_x": 204.20689392089844,
        "_y": 46.01652145385742,
        "_z": 180.42840576171875
      },
      "MBNFCMGJHAE": {
        "_y": 270.0
      },
      "DKGGAAJODMB": true,
      "KEOFPMFNPLO": "",
      "MGLEAPLEHFN": {
        "_x": 40.0,
        "_y": 40.0,
        "_z": 40.0
      }
    },
    "6": {
      "$type": "KJJGLEGGNLA",
      "OKKNABIAANA": 70120003,
      "LADDMKIFPGM": {
        "_x": 183.3135986328125,
        "_y": 50.5164794921875,
        "_z": 289.2301025390625
      },
      "MBNFCMGJHAE": {
        "_y": 90.0
      },
      "DKGGAAJODMB": true,
      "KEOFPMFNPLO": "",
      "MGLEAPLEHFN": {
        "_x": 50.0,
        "_y": 50.0,
        "_z": 50.0
      },
      "GPBFFFGELDL": [
        220006005
      ]
    }
  },
  "ELKLIJIIIBL": {
    "1": {
      "$type": "PNLHGEKFOPA",
      "OKKNABIAANA": 70610102,
      "LADDMKIFPGM": {
        "_x": 236.843994140625,
        "_y": 37.285770416259766,
        "_z": 182.93910217285156
      },
      "KEOFPMFNPLO": "",
      "LKNHPCAPFPK": 10.0,
      "CKIOGADJLKJ": "Eff_Windfield_Stay",
      "CGGJNOEBNHN": "Eff_Windfield_Enter"
    },
    "2": {
      "$type": "PNLHGEKFOPA",
      "OKKNABIAANA": 70610102,
      "LADDMKIFPGM": {
        "_x": 247.36610412597656,
        "_y": 46.676170349121094,
        "_z": 230.27879333496094
      },
      "DKGGAAJODMB": true,
      "KEOFPMFNPLO": "",
      "LKNHPCAPFPK": 10.0,
      "CKIOGADJLKJ": "Eff_Windfield_Stay",
      "CGGJNOEBNHN": "Eff_Windfield_Enter"
    },
    "3": {
      "$type": "PNLHGEKFOPA",
      "OKKNABIAANA": 70610102,
      "LADDMKIFPGM": {
        "_x": 234.7252960205078,
        "_y": 51.90692901611328,
        "_z": 257.3619079589844
      },
      "DKGGAAJODMB": true,
      "KEOFPMFNPLO": "",
      "LKNHPCAPFPK": 10.0,
      "CKIOGADJLKJ": "Eff_Windfield_Stay",
      "CGGJNOEBNHN": "Eff_Windfield_Enter"
    }
  },
  "OIIHDBGDNKL": {
    "1": {
      "$type": "MBIKCEBOCKA",
      "OKKNABIAANA": 70010006,
      "LADDMKIFPGM": {
        "_x": 53.222721099853516,
        "_y": 41.20000076293945,
        "_z": 20.56368064880371
      },
      "DKGGAAJODMB": true,
      "KEOFPMFNPLO": "",
      "MPBBCDDFGKO": "DeadRegion",
      "HPDFOLLGBKL": {
        "$type": "BHMDEDHPEFH",
        "EAIPPAJKGFO": true,
        "NEBDNCNFDJC": 7.360000133514404,
        "LDMENJHNDON": "Center",
        "ACIIKIJKEHO": 64.0,
        "IGNNLKPCNOI": 111.83000183105469
      },
      "HMDGKCKKKNN": ""
    },
    "10": {
      "$type": "MBIKCEBOCKA",
      "OKKNABIAANA": 70010006,
      "LADDMKIFPGM": {
        "_x": 16.8221492767334,
        "_y": 22.6299991607666,
        "_z": 176.85719299316406
      },
      "DKGGAAJODMB": true,
      "KEOFPMFNPLO": "",
      "MPBBCDDFGKO": "DeadRegion",
      "HPDFOLLGBKL": {
        "$type": "BHMDEDHPEFH",
        "EAIPPAJKGFO": true,
        "NEBDNCNFDJC": 16.299999237060547,
        "LDMENJHNDON": "Center",
        "ACIIKIJKEHO": 120.4000015258789,
        "IGNNLKPCNOI": 92.80000305175781
      },
      "HMDGKCKKKNN": ""
    },
    "12": {
      "$type": "MBIKCEBOCKA",
      "OKKNABIAANA": 70010006,
      "LADDMKIFPGM": {
        "_x": 154.10000610351562,
        "_y": 46.161380767822266,
        "_z": 84.69999694824219
      },
      "DKGGAAJODMB": true,
      "KEOFPMFNPLO": "",
      "MPBBCDDFGKO": "ReturnRegion",
      "HPDFOLLGBKL": {
        "$type": "BHMDEDHPEFH",
        "EAIPPAJKGFO": true,
        "NEBDNCNFDJC": 200.0,
        "LDMENJHNDON": "Center",
        "ACIIKIJKEHO": 200.0,
        "IGNNLKPCNOI": 5.0
      },
      "KCLOOFKBMKO": 15.0,
      "HMDGKCKKKNN": ""
    },
    "13": {
      "$type": "MBIKCEBOCKA",
      "OKKNABIAANA": 70010006,
      "LADDMKIFPGM": {
        "_x": 288.0,
        "_y": 50.516700744628906,
        "_z": 295.0
      },
      "DKGGAAJODMB": true,
      "KEOFPMFNPLO": "",
      "MPBBCDDFGKO": "ReturnRegion",
      "HPDFOLLGBKL": {
        "$type": "BHMDEDHPEFH",
        "EAIPPAJKGFO": true,
        "NEBDNCNFDJC": 200.0,
        "LDMENJHNDON": "Center",
        "ACIIKIJKEHO": 150.0,
        "IGNNLKPCNOI": 5.0
      },
      "KCLOOFKBMKO": 15.0,
      "HMDGKCKKKNN": ""
    },
    "14": {
      "$type": "MBIKCEBOCKA",
      "OKKNABIAANA": 70010006,
      "LADDMKIFPGM": {
        "_x": 94.80000305175781,
        "_y": 50.51668930053711,
        "_z": 289.9305114746094
      },
      "DKGGAAJODMB": true,
      "KEOFPMFNPLO": "",
      "MPBBCDDFGKO": "NoReviveRegion",
      "HPDFOLLGBKL": {
        "$type": "BHMDEDHPEFH",
        "EAIPPAJKGFO": true,
        "NEBDNCNFDJC": 200.0,
        "LDMENJHNDON": "Center",
        "ACIIKIJKEHO": 150.0,
        "IGNNLKPCNOI": 5.0
      },
      "KCLOOFKBMKO": 15.0,
      "HMDGKCKKKNN": ""
    },
    "15": {
      "$type": "MBIKCEBOCKA",
      "OKKNABIAANA": 70010006,
      "LADDMKIFPGM": {
        "_x": 78.4000015258789,
        "_y": 39.516571044921875,
        "_z": 145.5
      },
      "DKGGAAJODMB": true,
      "KEOFPMFNPLO": "",
      "MPBBCDDFGKO": "ReturnRegion",
      "HPDFOLLGBKL": {
        "$type": "BHMDEDHPEFH",
        "EAIPPAJKGFO": true,
        "NEBDNCNFDJC": 200.0,
        "LDMENJHNDON": "Center",
        "ACIIKIJKEHO": 200.0,
        "IGNNLKPCNOI": 5.0
      },
      "KCLOOFKBMKO": 15.0,
      "HMDGKCKKKNN": ""
    },
    "16": {
      "$type": "MBIKCEBOCKA",
      "OKKNABIAANA": 70010006,
      "LADDMKIFPGM": {
        "_x": 165.0,
        "_y": 49.18949890136719,
        "_z": 216.0
      },
      "DKGGAAJODMB": true,
      "KEOFPMFNPLO": "",
      "MPBBCDDFGKO": "ReturnRegion",
      "HPDFOLLGBKL": {
        "$type": "BHMDEDHPEFH",
        "EAIPPAJKGFO": true,
        "NEBDNCNFDJC": 200.0,
        "LDMENJHNDON": "Center",
        "ACIIKIJKEHO": 5.0,
        "IGNNLKPCNOI": 150.0
      },
      "KCLOOFKBMKO": 15.0,
      "HMDGKCKKKNN": ""
    },
    "17": {
      "$type": "MBIKCEBOCKA",
      "OKKNABIAANA": 70010006,
      "LADDMKIFPGM": {
        "_x": -9.336709022521973,
        "_y": 52.0,
        "_z": -30.200000762939453
      },
      "DKGGAAJODMB": true,
      "KEOFPMFNPLO": "",
      "MPBBCDDFGKO": "ReturnRegion",
      "HPDFOLLGBKL": {
        "$type": "BHMDEDHPEFH",
        "EAIPPAJKGFO": true,
        "NEBDNCNFDJC": 200.0,
        "LDMENJHNDON": "Center",
        "ACIIKIJKEHO": 150.0,
        "IGNNLKPCNOI": 5.0
      },
      "KCLOOFKBMKO": 15.0,
      "HMDGKCKKKNN": ""
    },
    "18": {
      "$type": "MBIKCEBOCKA",
      "OKKNABIAANA": 70010006,
      "LADDMKIFPGM": {
        "_x": 28.200000762939453,
        "_y": 51.88438034057617,