{
  "NMLGOIJIDMO": {
    "1": {
      "$type": "FHNGLBIHCJO",
      "OKKNABIAANA": 70120004,
      "LADDMKIFPGM": {
        "_x": -112.44249725341797,
        "_y": 81.12174987792969,
        "_z": 30.245969772338867
      },
      "NLIDOGBDDGM": {
        "_x": 1524.96337890625,
        "_y": 377.5333557128906,
        "_z": 322.8018798828125
      },
      "KEOFPMFNPLO": "",
      "MGLEAPLEHFN": {
        "_x": 3.0,
        "_y": 3.0,
        "_z": 3.0
      }
    },
    "10": {
      "$type": "HAMECKLBPHA",
      "OKKNABIAANA": 70010006,
      "LADDMKIFPGM": {
        "_x": 50.15729904174805,
        "_y": 97.95944213867188,
        "_z": -67.7841796875
      },
      "NLIDOGBDDGM": {
        "_x": 50.15730285644531,
        "_y": 97.95944213867188,
        "_z": -67.7841796875
      },
      "KEOFPMFNPLO": "",
      "MGLEAPLEHFN": {
        "_x": 30.0,
        "_y": 20.0,
        "_z": 30.0
      }
    },
    "11": {
      "$type": "HAMECKLBPHA",
      "OKKNABIAANA": 70010006,
      "LADDMKIFPGM": {
        "_x": 49.87247085571289,
        "_y": 35.092960357666016,
        "_z": -45.62078857421875
      },
      "NLIDOGBDDGM": {
        "_x": 49.872474670410156,
        "_y": 35.09295654296875,
        "_z": -45.620792388916016
      },
      "KEOFPMFNPLO": "",
      "MGLEAPLEHFN": {
        "_x": 30.0,
        "_y": 20.0,
        "_z": 30.0
      }
    },
    "12": {
      "$type": "HAMECKLBPHA",
      "OKKNABIAANA": 70010006,
      "LADDMKIFPGM": {
        "_x": -10.458499908447266,
        "_y": 32.033790588378906,
        "_z": -0.7922207713127136
      },
      "MBNFCMGJHAE": {
        "_y": 269.5816955566406
      },
      "NLIDOGBDDGM": {
        "_x": -10.458499908447266,
        "_y": 32.03378677368164,
        "_z": -0.7922207713127136
      },
      "AALAENIJCGC": {
        "_y": 269.5816955566406
      },
      "KEOFPMFNPLO": "",
      "MGLEAPLEHFN": {
        "_x": 30.0,
        "_y": 20.0,
        "_z": 30.0
      }
    },
    "13": {
      "$type": "HAMECKLBPHA",
      "OKKNABIAANA": 70010006,
      "LADDMKIFPGM": {
        "_x": 103.5886001586914,
        "_y": 109.84950256347656,
        "_z": 22.787019729614258
      },
      "MBNFCMGJHAE": {
        "_y": 90.49120330810547
      },
      "NLIDOGBDDGM": {
        "_x": 103.58863830566406,
        "_y": 109.8494873046875,
        "_z": 22.787015914916992
      },
      "AALAENIJCGC": {
        "_y": 90.49122619628906
      },
      "KEOFPMFNPLO": "",
      "MGLEAPLEHFN": {
        "_x": 30.0,
        "_y": 20.0,
        "_z": 30.0
      }
    },
    "14": {
      "$type": "KJJGLEGGNLA",
      "OKKNABIAANA": 70010006,
      "LADDMKIFPGM": {
        "_x": -29.879009246826172,
        "_y": 84.82935333251953,
        "_z": 22.534130096435547
      },
      "MBNFCMGJHAE": {
        "_y": 95.36319732666016
      },
      "NLIDOGBDDGM": {
        "_x": -29.879005432128906,
        "_y": 84.82935333251953,
        "_z": 22.534128189086914
      },
      "AALAENIJCGC": {
        "_y": 95.36315155029297
      },
      "KEOFPMFNPLO": "",
      "MGLEAPLEHFN": {
        "_x": 30.0,
        "_y": 20.0,
        "_z": 30.0
      }
    },
    "16": {
      "$type": "KJJGLEGGNLA",
      "OKKNABIAANA": 70010006,
      "LADDMKIFPGM": {
        "_x": 56.82973098754883,
        "_y": 100.4717025756836,
        "_z": 69.9185562133789
      },
      "MBNFCMGJHAE": {
        "_y": 311.3127136230469
      },
      "NLIDOGBDDGM": {
        "_x": 56.82972717285156,
        "_y": 100.47174835205078,
        "_z": 69.9185562133789
      },
      "AALAENIJCGC": {
        "_y": 311.3127136230469
      },
      "KEOFPMFNPLO": "",
      "MGLEAPLEHFN": {
        "_x": 30.0,
        "_y": 20.0,
        "_z": 30.0
      }
    },
    "17": {
      "$type": "KJJGLEGGNLA",
      "OKKNABIAANA": 70010006,
      "LADDMKIFPGM": {
        "_x": -35.12628173828125,
        "_y": 87.27491760253906,
        "_z": -86.04061126708984
      },
      "MBNFCMGJHAE": {
        "_y": 272.87701416015625
      },
      "NLIDOGBDDGM": {
        "_x": -35.12628173828125,
        "_y": 87.27491760253906,
        "_z": -86.04061126708984
      },
      "AALAENIJCGC": {
        "_y": 272.87701416015625
      },
      "KEOFPMFNPLO": "",
      "MGLEAPLEHFN": {
        "_x": 30.0,
        "_y": 20.0,
        "_z": 30.0
      }
    },
    "18": {
      "$type": "KJJGLEGGNLA",
      "OKKNABIAANA": 70010006,
      "LADDMKIFPGM": {
        "_x": 5.692368984222412,
        "_y": 97.70626831054688,
        "_z": -128.87249755859375
      },
      "MBNFCMGJHAE": {
        "_y": 87.97720336914062
      },
      "NLIDOGBDDGM": {
        "_x": 5.69236946105957,
        "_y": 97.70626831054688,
        "_z": -128.87252807617188
      },
      "AALAENIJCGC": {
        "_y": 87.97721862792969
      },
      "KEOFPMFNPLO": "",
      "MGLEAPLEHFN": {
        "_x": 30.0,
        "_y": 20.0,
        "_z": 30.0
      }
    },
    "19": {
      "$type": "KJJGLEGGNLA",
      "OKKNABIAANA": 70010006,
      "LADDMKIFPGM": {
        "_x": 49.97037887573242,
        "_y": 35.09284973144531,
        "_z": -46.13051986694336
      },
      "NLIDOGBDDGM": {
        "_x": 49.97038269042969,
        "_y": 35.09285354614258,
        "_z": -46.130523681640625
      },
      "KEOFPMFNPLO": "",
      "MGLEAPLEHFN": {
        "_x": 30.0,
        "_y": 20.0,
        "_z": 30.0
      }
    },
    "20": {
      "$type": "KJJGLEGGNLA",
      "OKKNABIAANA": 70010006,
      "LADDMKIFPGM": {
        "_x": -11.191200256347656,
        "_y": 32.033790588378906,
        "_z": -0.6949813961982727
      },
      "MBNFCMGJHAE": {
        "_y": 268.9643859863281
      },
      "NLIDOGBDDGM": {
        "_x": -11.191197395324707,
        "_y": 32.03378677368164,
        "_z": -0.6949813961982727
      },
      "AALAENIJCGC": {
        "_y": 268.9643859863281
      },
      "KEOFPMFNPLO": "",
      "MGLEAPLEHFN": {
        "_x": 30.0,
        "_y": 20.0,
        "_z": 30.0
      }
    },
    "21": {
      "$type": "KJJGLEGGNLA",
      "OKKNABIAANA": 70010006,
      "LADDMKIFPGM": {
        "_x": 102.94850158691406,
        "_y": 109.84950256347656,
        "_z": 22.763320922851562
      },
      "MBNFCMGJHAE": {
        "_y": 88.8427963256836
      },
      "NLIDOGBDDGM": {
        "_x": 102.94845581054688,
        "_y": 109.8494873046875,
        "_z": 22.763324737548828
      },
      "AALAENIJCGC": {
        "_y": 88.8427734375
      },
      "KEOFPMFNPLO": "",
      "MGLEAPLEHFN": {
        "_x": 30.0,
        "_y": 20.0,
        "_z": 30.0
      }
    },
    "22": {
      "$type": "KJJGLEGGNLA",
      "OKKNABIAANA": 70310387,
      "LADDMKIFPGM": {
        "_x": -29.84147071838379,
        "_y": 84.79499053955078,
        "_z": 7.772696018218994
      },
      "MBNFCMGJHAE": {
        "_y": 88.8676986694336
      },
      "NLIDOGBDDGM": {
        "_x": -25.471710205078125,
        "_y": 84.79499053955078,
        "_z": 11.167400360107422
      },
      "AALAENIJCGC": {
        "_y": 78.84484100341797
      },
      "KEOFPMFNPLO": "",
      "MGLEAPLEHFN": {
        "_x": 30.0,
        "_y": 20.0,
        "_z": 30.0
      }
    },
    "3": {
      "$type": "HAMECKLBPHA",
      "OKKNABIAANA": 70010006,
      "LADDMKIFPGM": {
        "_x": -34.82733917236328,
        "_y": 84.79499053955078,
        "_z": 22.477449417114258
      },
      "MBNFCMGJHAE": {
        "_y": 92.43769836425781
      },
      "NLIDOGBDDGM": {
        "_x": -34.82733917236328,
        "_y": 84.79499053955078,
        "_z": 22.477447509765625
      },
      "AALAENIJCGC": {
        "_y": 92.43766784667969
      },
      "KEOFPMFNPLO": "",
      "MGLEAPLEHFN": {
        "_x": 30.0,
        "_y": 20.0,
        "_z": 30.0
      }
    },
    "5": {
      "$type": "HAMECKLBPHA",
      "OKKNABIAANA": 70010006,
      "LADDMKIFPGM": {
        "_x": 62.111351013183594,
        "_y": 95.68572998046875,
        "_z": 162.25070190429688
      },
      "MBNFCMGJHAE": {
        "_y": 176.36000061035156
      },