{
  "NMLGOIJIDMO": {
    "1": {
      "$type": "KJJGLEGGNLA",
      "OKKNABIAANA": 70120003,
      "LADDMKIFPGM": {
        "_x": 473.4386901855469,
        "_y": -20.033489227294922,
        "_z": 55.62363815307617
      },
      "MBNFCMGJHAE": {
        "_y": 90.0
      },
      "DKGGAAJODMB": true,
      "KEOFPMFNPLO": "",
      "MGLEAPLEHFN": {
        "_x": 35.0,
        "_y": 10.0,
        "_z": 40.0
      }
    },
    "2": {
      "$type": "KJJGLEGGNLA",
      "OKKNABIAANA": 70120003,
      "LADDMKIFPGM": {
        "_x": 456.45001220703125,
        "_y": -9.568479537963867,
        "_z": 133.1425018310547
      },
      "MBNFCMGJHAE": {
        "_y": 270.0
      },
      "DKGGAAJODMB": true,
      "KEOFPMFNPLO": "",
      "MGLEAPLEHFN": {
        "_x": 30.0,
        "_y": 10.0,
        "_z": 30.0
      }
    },
    "3": {
      "$type": "FHNGLBIHCJO",
      "OKKNABIAANA": 70120004,
      "LADDMKIFPGM": {
        "_x": 533.5604858398438,
        "_y": -1.9837150573730469,
        "_z": 262.8517150878906
      },
      "MBNFCMGJHAE": {
        "_y": 177.01089477539062
      },
      "DKGGAAJODMB": true,
      "KEOFPMFNPLO": "",
      "MGLEAPLEHFN": {
        "_x": 8.0,
        "_y": 8.0,
        "_z": 8.0
      }
    },
    "4": {
      "$type": "KJJGLEGGNLA",
      "OKKNABIAANA": 70120003,
      "LADDMKIFPGM": {
        "_x": 542.7703247070312,
        "_y": -7.883275985717773,
        "_z": 197.59410095214844
      },
      "DKGGAAJODMB": true,
      "KEOFPMFNPLO": "",
      "MGLEAPLEHFN": {
        "_x": 30.0,
        "_y": 20.0,
        "_z": 20.0
      }
    }
  },
  "ELKLIJIIIBL": {
    "1": {
      "$type": "PNLHGEKFOPA",
      "OKKNABIAANA": 70610102,
      "LADDMKIFPGM": {
        "_x": 498.3882141113281,
        "_y": -59.98133087158203,
        "_z": 67.59562683105469
      },
      "DKGGAAJODMB": true,
      "KEOFPMFNPLO": "",
      "LKNHPCAPFPK": 5.0,
      "CKIOGADJLKJ": "Eff_Windfield_Stay",
      "CGGJNOEBNHN": "Eff_Windfield_Enter"
    },
    "2": {
      "$type": "PNLHGEKFOPA",
      "OKKNABIAANA": 70610102,
      "LADDMKIFPGM": {
        "_x": 424.956298828125,
        "_y": -49.52442932128906,
        "_z": 121.78900146484375
      },
      "DKGGAAJODMB": true,
      "KEOFPMFNPLO": "",
      "LKNHPCAPFPK": 8.0,
      "CKIOGADJLKJ": "Eff_Windfield_Stay",
      "CGGJNOEBNHN": "Eff_Windfield_Enter"
    },
    "4": {
      "$type": "PNLHGEKFOPA",
      "OKKNABIAANA": 70610102,
      "LADDMKIFPGM": {
        "_x": 531.7468872070312,
        "_y": -50.460079193115234,
        "_z": 151.0
      },
      "KEOFPMFNPLO": "",
      "LKNHPCAPFPK": 10.0,
      "CKIOGADJLKJ": "Eff_Windfield_Stay",
      "CGGJNOEBNHN": "Eff_Windfield_Enter"
    }
  },
  "OIIHDBGDNKL": {
    "1": {
      "$type": "MBIKCEBOCKA",
      "OKKNABIAANA": 70010006,
      "LADDMKIFPGM": {
        "_x": 400.1199951171875,
        "_y": 4.300000190734863,
        "_z": 120.7844009399414
      },
      "DKGGAAJODMB": true,
      "KEOFPMFNPLO": "",
      "MPBBCDDFGKO": "ReturnRegion",
      "HPDFOLLGBKL": {
        "$type": "BHMDEDHPEFH",
        "EAIPPAJKGFO": true,
        "NEBDNCNFDJC": 20.0,
        "LDMENJHNDON": "Center",
        "ACIIKIJKEHO": 30.0,
        "IGNNLKPCNOI": 30.0
      },
      "KCLOOFKBMKO": 15.0,
      "HMDGKCKKKNN": ""
    },
    "10": {
      "$type": "MBIKCEBOCKA",
      "OKKNABIAANA": 70010006,
      "LADDMKIFPGM": {
        "_x": 212.5,
        "_y": -33.975521087646484,
        "_z": -83.9000015258789
      },
      "DKGGAAJODMB": true,
      "KEOFPMFNPLO": "",
      "MPBBCDDFGKO": "DeadRegion",
      "HPDFOLLGBKL": {
        "$type": "BHMDEDHPEFH",
        "EAIPPAJKGFO": true,
        "NEBDNCNFDJC": 150.0,
        "LDMENJHNDON": "Center",
        "ACIIKIJKEHO": 300.0,
        "IGNNLKPCNOI": 50.0
      },
      "HMDGKCKKKNN": ""
    },
    "11": {
      "$type": "MBIKCEBOCKA",
      "OKKNABIAANA": 70010006,
      "LADDMKIFPGM": {
        "_x": 450.3999938964844,
        "_y": -23.5,
        "_z": 199.60000610351562
      },
      "DKGGAAJODMB": true,
      "KEOFPMFNPLO": "",
      "MPBBCDDFGKO": "DeadRegion",
      "HPDFOLLGBKL": {
        "$type": "BHMDEDHPEFH",
        "EAIPPAJKGFO": true,
        "NEBDNCNFDJC": 100.0,
        "LDMENJHNDON": "Center",
        "ACIIKIJKEHO": 100.0,
        "IGNNLKPCNOI": 100.0
      },
      "HMDGKCKKKNN": ""
    },
    "12": {
      "$type": "MBIKCEBOCKA",
      "OKKNABIAANA": 70010006,
      "LADDMKIFPGM": {
        "_x": 592.0999755859375,
        "_y": -38.08340835571289,
        "_z": 87.9000015258789
      },
      "DKGGAAJODMB": true,
      "KEOFPMFNPLO": "",
      "MPBBCDDFGKO": "DeadRegion",
      "HPDFOLLGBKL": {
        "$type": "BHMDEDHPEFH",
        "EAIPPAJKGFO": true,
        "NEBDNCNFDJC": 200.0,
        "LDMENJHNDON": "Center",
        "ACIIKIJKEHO": 50.0,
        "IGNNLKPCNOI": 400.0
      },
      "HMDGKCKKKNN": ""
    },
    "13": {
      "$type": "MBIKCEBOCKA",
      "OKKNABIAANA": 70010006,
      "LADDMKIFPGM": {
        "_x": 481.01568603515625,
        "_y": -38.083518981933594,
        "_z": -155.8798065185547
      },
      "DKGGAAJODMB": true,
      "KEOFPMFNPLO": "",
      "MPBBCDDFGKO": "DeadRegion",
      "HPDFOLLGBKL": {
        "$type": "BHMDEDHPEFH",
        "EAIPPAJKGFO": true,
        "NEBDNCNFDJC": 200.0,
        "LDMENJHNDON": "Center",
        "ACIIKIJKEHO": 50.0,
        "IGNNLKPCNOI": 400.0
      },
      "HMDGKCKKKNN": ""
    },
    "14": {
      "$type": "MBIKCEBOCKA",
      "OKKNABIAANA": 70010006,
      "LADDMKIFPGM": {
        "_x": 529.0883178710938,
        "_y": -37.79999923706055,
        "_z": 97.47881317138672
      },
      "DKGGAAJODMB": true,
      "KEOFPMFNPLO": "",
      "MPBBCDDFGKO": "ReturnRegion",
      "HPDFOLLGBKL": {
        "$type": "BHMDEDHPEFH",
        "EAIPPAJKGFO": true,
        "NEBDNCNFDJC": 20.0,
        "LDMENJHNDON": "Center",
        "ACIIKIJKEHO": 50.0,
        "IGNNLKPCNOI": 15.0
      },
      "KCLOOFKBMKO": 15.0,
      "HMDGKCKKKNN": ""
    },
    "15": {
      "$type": "MBIKCEBOCKA",
      "OKKNABIAANA": 70010006,
      "LADDMKIFPGM": {
        "_x": 425.29998779296875,
        "_y": -6.900000095367432,
        "_z": 108.46479797363281
      },
      "DKGGAAJODMB": true,
      "KEOFPMFNPLO": "",
      "MPBBCDDFGKO": "ReturnRegion",
      "HPDFOLLGBKL": {
        "$type": "BHMDEDHPEFH",
        "EAIPPAJKGFO": true,
        "NEBDNCNFDJC": 50.0,
        "LDMENJHNDON": "Center",
        "ACIIKIJKEHO": 15.0,
        "IGNNLKPCNOI": 10.0
      },
      "KCLOOFKBMKO": 15.0,
      "HMDGKCKKKNN": ""
    },
    "16": {
      "$type": "MBIKCEBOCKA",
      "OKKNABIAANA": 70010006,
      "LADDMKIFPGM": {
        "_x": 427.1799011230469,
        "_y": -9.283441543579102,
        "_z": 135.75010681152344
      },
      "DKGGAAJODMB": true,
      "KEOFPMFNPLO": "",
      "MPBBCDDFGKO": "ReturnRegion",
      "HPDFOLLGBKL": {
        "$type": "BHMDEDHPEFH",
        "EAIPPAJKGFO": true,
        "NEBDNCNFDJC": 50.0,
        "LDMENJHNDON": "Center",
        "ACIIKIJKEHO": 20.0,
        "IGNNLKPCNOI": 10.0
      },
      "KCLOOFKBMKO": 15.0,
      "HMDGKCKKKNN": ""
    },
    "17": {
      "$type": "MBIKCEBOCKA",
      "OKKNABIAANA": 70010006,
      "LADDMKIFPGM": {
        "_x": 424.5596923828125,
        "_y": -38.20000076293945,
        "_z": 92.38558959960938
      },
      "DKGGAAJODMB": true,
      "KEOFPMFNPLO": "",
      "MPBBCDDFGKO": "ReturnRegion",
      "HPDFOLLGBKL": {
        "$type": "BHMDEDHPEFH",
        "EAIPPAJKGFO": true,
        "NEBDNCNFDJC": 30.0,
        "LDMENJHNDON": "Center",
        "ACIIKIJKEHO": 22.0,
        "IGNNLKPCNOI": 22.0
      },
      "KCLOOFKBMKO": 15.0,
      "HMDGKCKKKNN": ""
    },
    "18": {
      "$type": "MBIKCEBOCKA",
      "OKKNABIAANA": 70010006,
      "LADDMKIFPGM": {
        "_x": 391.76409912109375,
        "_y": -37.900001525878906,
        "_z": 94.32626342773438
      },
      "DKGGAAJODMB": true,
      "KEOFPMFNPLO": "",
      "MPBBCDDFGKO": "DeadRegion",