{
  "NMLGOIJIDMO": {
    "1": {
      "$type": "KJJGLEGGNLA",
      "OKKNABIAANA": 70120003,
      "LADDMKIFPGM": {
        "_x": -7.412833213806152,
        "_y": 4.28511905670166,
        "_z": -11.731369972229004
      },
      "DKGGAAJODMB": true,
      "KEOFPMFNPLO": "",
      "MGLEAPLEHFN": {
        "_x": 28.809999465942383,
        "_y": 28.100000381469727,
        "_z": 59.09000015258789
      }
    },
    "2": {
      "$type": "KJJGLEGGNLA",
      "OKKNABIAANA": 70120003,
      "LADDMKIFPGM": {
        "_x": -84.46082305908203,
        "_y": 18.535120010375977,
        "_z": 10.984140396118164
      },
      "MBNFCMGJHAE": {
        "_y": 90.0
      },
      "DKGGAAJODMB": true,
      "KEOFPMFNPLO": "",
      "MGLEAPLEHFN": {
        "_x": 21.399999618530273,
        "_y": 15.0,
        "_z": 25.600000381469727
      }
    },
    "3": {
      "$type": "KJJGLEGGNLA",
      "OKKNABIAANA": 70120003,
      "LADDMKIFPGM": {
        "_x": -198.96319580078125,
        "_y": 21.58237075805664,
        "_z": 33.97372055053711
      },
      "MBNFCMGJHAE": {
        "_y": 90.0
      },
      "DKGGAAJODMB": true,
      "KEOFPMFNPLO": "",
      "MGLEAPLEHFN": {
        "_x": 49.20000076293945,
        "_y": 15.0,
        "_z": 13.6899995803833
      }
    },
    "5": {
      "$type": "FHNGLBIHCJO",
      "OKKNABIAANA": 70120004,
      "LADDMKIFPGM": {
        "_x": -309.9845886230469,
        "_y": 31.598400115966797,
        "_z": 170.41720581054688
      },
      "MBNFCMGJHAE": {
        "_y": 265.6308898925781
      },
      "DKGGAAJODMB": true,
      "KEOFPMFNPLO": "",
      "MGLEAPLEHFN": {
        "_x": 10.0,
        "_y": 10.0,
        "_z": 10.0
      }
    },
    "6": {
      "$type": "KJJGLEGGNLA",
      "OKKNABIAANA": 70120003,
      "LADDMKIFPGM": {
        "_x": -190.9228057861328,
        "_y": 25.275760650634766,
        "_z": 187.70359802246094
      },
      "DKGGAAJODMB": true,
      "KEOFPMFNPLO": "",
      "MGLEAPLEHFN": {
        "_x": 61.79999923706055,
        "_y": 23.600000381469727,
        "_z": 72.5999984741211
      }
    }
  },
  "OIIHDBGDNKL": {
    "1": {
      "$type": "MBIKCEBOCKA",
      "OKKNABIAANA": 40000007,
      "LADDMKIFPGM": {
        "_x": -124.13780212402344,
        "_y": 9.879530906677246,
        "_z": 43.738651275634766
      },
      "DKGGAAJODMB": true,
      "KEOFPMFNPLO": "",
      "DFEBCOOIEHF": 500.0,
      "BJPHFBMFCKK": true,
      "MPBBCDDFGKO": "DeadRegion",
      "HPDFOLLGBKL": {
        "$type": "BHMDEDHPEFH",
        "EAIPPAJKGFO": true,
        "NEBDNCNFDJC": 10.0,
        "LDMENJHNDON": "Center",
        "ACIIKIJKEHO": 100.0,
        "IGNNLKPCNOI": 100.0
      },
      "KCLOOFKBMKO": 0.10000000149011612,
      "HMDGKCKKKNN": ""
    },
    "10": {
      "$type": "MBIKCEBOCKA",
      "OKKNABIAANA": 40000007,
      "LADDMKIFPGM": {
        "_x": -207.6824951171875,
        "_y": 1.5010470151901245,
        "_z": 50.77288818359375
      },
      "DKGGAAJODMB": true,
      "KEOFPMFNPLO": "",
      "DFEBCOOIEHF": 500.0,
      "BJPHFBMFCKK": true,
      "MPBBCDDFGKO": "NoReviveRegion",
      "HPDFOLLGBKL": {
        "$type": "BHMDEDHPEFH",
        "EAIPPAJKGFO": true,
        "NEBDNCNFDJC": 36.75,
        "LDMENJHNDON": "Center",
        "ACIIKIJKEHO": 251.89999389648438,
        "IGNNLKPCNOI": 256.6000061035156
      },
      "HMDGKCKKKNN": ""
    },
    "11": {
      "$type": "MBIKCEBOCKA",
      "OKKNABIAANA": 40000007,
      "LADDMKIFPGM": {
        "_x": -140.59469604492188,
        "_y": 21.57076072692871,
        "_z": -23.19852066040039
      },
      "DKGGAAJODMB": true,
      "KEOFPMFNPLO": "",
      "DFEBCOOIEHF": 500.0,
      "BJPHFBMFCKK": true,
      "MPBBCDDFGKO": "NoReviveRegion",
      "HPDFOLLGBKL": {
        "$type": "BHMDEDHPEFH",
        "EAIPPAJKGFO": true,
        "NEBDNCNFDJC": 156.89999389648438,
        "LDMENJHNDON": "Center",
        "ACIIKIJKEHO": 153.39999389648438,
        "IGNNLKPCNOI": 82.30000305175781
      },
      "HMDGKCKKKNN": ""
    },
    "12": {
      "$type": "MBIKCEBOCKA",
      "OKKNABIAANA": 40000007,
      "LADDMKIFPGM": {
        "_x": 26.141830444335938,
        "_y": 4.435791969299316,
        "_z": -66.84805297851562
      },
      "DKGGAAJODMB": true,
      "KEOFPMFNPLO": "",
      "DFEBCOOIEHF": 500.0,
      "BJPHFBMFCKK": true,
      "MPBBCDDFGKO": "NoReviveRegion",
      "HPDFOLLGBKL": {
        "$type": "BHMDEDHPEFH",
        "EAIPPAJKGFO": true,
        "NEBDNCNFDJC": 156.89999389648438,
        "LDMENJHNDON": "Center",
        "ACIIKIJKEHO": 153.39999389648438,
        "IGNNLKPCNOI": 82.30000305175781
      },
      "HMDGKCKKKNN": ""
    },
    "13": {
      "$type": "MBIKCEBOCKA",
      "OKKNABIAANA": 40000007,
      "LADDMKIFPGM": {
        "_x": 11.242670059204102,
        "_y": 4.46860408782959,
        "_z": 64.82264709472656
      },
      "DKGGAAJODMB": true,
      "KEOFPMFNPLO": "",
      "DFEBCOOIEHF": 500.0,
      "BJPHFBMFCKK": true,
      "MPBBCDDFGKO": "NoReviveRegion",
      "HPDFOLLGBKL": {
        "$type": "BHMDEDHPEFH",
        "EAIPPAJKGFO": true,
        "NEBDNCNFDJC": 156.89999389648438,
        "LDMENJHNDON": "Center",
        "ACIIKIJKEHO": 153.39999389648438,
        "IGNNLKPCNOI": 82.30000305175781
      },
      "HMDGKCKKKNN": ""
    },
    "14": {
      "$type": "MBIKCEBOCKA",
      "OKKNABIAANA": 40000007,
      "LADDMKIFPGM": {
        "_x": 25.43695068359375,
        "_y": -82.57981872558594,
        "_z": 1.7550749778747559
      },
      "DKGGAAJODMB": true,
      "KEOFPMFNPLO": "",
      "DFEBCOOIEHF": 500.0,
      "BJPHFBMFCKK": true,
      "MPBBCDDFGKO": "NoReviveRegion",
      "HPDFOLLGBKL": {
        "$type": "BHMDEDHPEFH",
        "EAIPPAJKGFO": true,
        "NEBDNCNFDJC": 156.89999389648438,
        "LDMENJHNDON": "Center",
        "ACIIKIJKEHO": 161.1999969482422,
        "IGNNLKPCNOI": 191.39999389648438
      },
      "HMDGKCKKKNN": ""
    },
    "15": {
      "$type": "MBIKCEBOCKA",
      "OKKNABIAANA": 40000007,
      "LADDMKIFPGM": {
        "_x": -62.803321838378906,
        "_y": 19.756790161132812,
        "_z": 31.744060516357422
      },
      "DKGGAAJODMB": true,
      "KEOFPMFNPLO": "",
      "DFEBCOOIEHF": 500.0,
      "BJPHFBMFCKK": true,
      "MPBBCDDFGKO": "ReturnRegion",
      "HPDFOLLGBKL": {
        "$type": "BHMDEDHPEFH",
        "EAIPPAJKGFO": true,
        "NEBDNCNFDJC": 24.100000381469727,
        "LDMENJHNDON": "Center",
        "ACIIKIJKEHO": -17.399999618530273,
        "IGNNLKPCNOI": -9.699999809265137
      },
      "KCLOOFKBMKO": 2.0,
      "HMDGKCKKKNN": ""
    },
    "16": {
      "$type": "MBIKCEBOCKA",
      "OKKNABIAANA": 40000007,
      "LADDMKIFPGM": {
        "_x": -56.91701126098633,
        "_y": 16.91452980041504,
        "_z": 49.3124885559082
      },
      "DKGGAAJODMB": true,
      "KEOFPMFNPLO": "",
      "DFEBCOOIEHF": 500.0,
      "BJPHFBMFCKK": true,
      "MPBBCDDFGKO": "NoReviveRegion",
      "HPDFOLLGBKL": {
        "$type": "BHMDEDHPEFH",
        "EAIPPAJKGFO": true,
        "NEBDNCNFDJC": 37.709999084472656,
        "LDMENJHNDON": "Center",
        "ACIIKIJKEHO": 35.70000076293945,
        "IGNNLKPCNOI": 52.25
      },
      "HMDGKCKKKNN": ""
    },
    "17": {
      "$type": "MBIKCEBOCKA",
      "OKKNABIAANA": 70010006,
      "LADDMKIFPGM": {
        "_x": -67.936279296875,
        "_y": 11.536820411682129,
        "_z": 21.828420639038086
      },
      "DKGGAAJODMB": true,
      "KEOFPMFNPLO": "",
      "DFEBCOOIEHF": 500.0,
      "BJPHFBMFCKK": true,
      "MPBBCDDFGKO": "DeadRegion",
      "HPDFOLLGBKL": {
        "$type": "BHMDEDHPEFH",
        "EAIPPAJKGFO": true,
        "NEBDNCNFDJC": 10.0,
        "LDMENJHNDON": "Center",
        "ACIIKIJKEHO": 10.0,
        "IGNNLKPCNOI": 10.0
      },
      "PPGKLHKAGII": {
        "_x": 10.0,
        "_y": 10.0,
        "_z": 10.0
      },
      "HMDGKCKKKNN": ""
    },
    "2": {
      "$type": "MBIKCEBOCKA",
      "OKKNABIAANA": 70010006,
      "LADDMKIFPGM": {
        "_x": -111.95870208740234,