{
    "NMLGOIJIDMO": {
        "1": {
            "$type": "CMNLBNELOAO",
            "gadgetId": 70010002,
            "pos": {
                "x": 0.03163028135895729,
                "y": 6.415838811335561e-07,
                "z": -4.962438106536865
            },
            "tranPos": {
                "x": -560.8660278320312,
                "y": 228.0,
                "z": 335.02099609375
            },
            "unlocked": true,
            "alias": "",
            "CANCGDNOKLN": 3,
            "AOKNILCKJGO": "UI_SCENE_ENTRY_EXIT_XINYUEXUAN",
            "ILJGBEDCHJH": {
                "x": 3.0,
                "y": 3.0,
                "z": 3.0
            },
            "NENGJNNAAPG": 24.0
        }
    },
    "AGHEGEFDJOA": {}
}