{
    "KCHJLAHIGAD": {
        "1": {
            "$type": "FPKKHCHCHPP",
            "gadgetId": 70120004,
            "pos": {
                "x": 471.44390869140625,
                "y": 5.852166175842285,
                "z": 488.36810302734375
            },
            "tranPos": {
                "x": 471.4439392089844,
                "y": 5.852166175842285,
                "z": 488.3680725097656
            },
            "alias": ""
        }
    },
    "APCJABIOJLB": {}
}