{
    "MHHCMJDEEJK": {
        "1": {
            "$type": "IMFONKLKLOK",
            "gadgetId": 70120004,
            "musicSubStates": {
                "x": -179.09410095214844,
                "y": 21.860000610351562,
                "z": -5.652523994445801
            },
            "unlocked": true,
            "alias": "",
            "size": {
                "x": 3.0,
                "y": 3.0,
                "z": 3.0
            }
        }
    },
    "AFLIBNAHANB": {}
}