{
  "NMLGOIJIDMO": {
    "1": {
      "$type": "HAMECKLBPHA",
      "OKKNABIAANA": 70010006,
      "LADDMKIFPGM": {
        "_x": 736.9937133789062,
        "_y": 92.14423370361328,
        "_z": 751.0617065429688
      },
      "NLIDOGBDDGM": {
        "_x": 736.99365234375,
        "_y": 92.14423370361328,
        "_z": 751.0617065429688
      },
      "DKGGAAJODMB": true,
      "KEOFPMFNPLO": "",
      "MGLEAPLEHFN": {
        "_x": 15.0,
        "_y": 10.0,
        "_z": 15.0
      }
    },
    "2": {
      "$type": "KJJGLEGGNLA",
      "OKKNABIAANA": 70010006,
      "LADDMKIFPGM": {
        "_x": 737.1024169921875,
        "_y": 92.02897644042969,
        "_z": 752.2327270507812
      },
      "NLIDOGBDDGM": {
        "_x": 737.1024169921875,
        "_y": 92.02898406982422,
        "_z": 752.2327270507812
      },
      "DKGGAAJODMB": true,
      "KEOFPMFNPLO": "",
      "MGLEAPLEHFN": {
        "_x": 20.0,
        "_y": 10.0,
        "_z": 20.0
      }
    }
  },
  "OIIHDBGDNKL": {
    "1": {
      "$type": "MBIKCEBOCKA",
      "OKKNABIAANA": 70010006,
      "LADDMKIFPGM": {
        "_x": 719.9166870117188,
        "_y": 78.5,
        "_z": 782.0891723632812
      },
      "NLIDOGBDDGM": {
        "_x": 719.9166870117188,
        "_y": 90.18095397949219,
        "_z": 782.0892333984375
      },
      "DKGGAAJODMB": true,
      "KEOFPMFNPLO": "",
      "DFEBCOOIEHF": 150.0,
      "MPBBCDDFGKO": "DeadRegion",
      "HPDFOLLGBKL": {
        "$type": "BHMDEDHPEFH",
        "EAIPPAJKGFO": true,
        "NEBDNCNFDJC": 3.0,
        "LDMENJHNDON": "Center",
        "ACIIKIJKEHO": 150.0,
        "IGNNLKPCNOI": 150.0
      },
      "HMDGKCKKKNN": ""
    }
  },
  "AGHEGEFDJOA": {}
}