{
    "HNGDGDECKOD": {
        "1": {
            "$type": "EGNLKABGENB",
            "gadgetId": 70120004,
            "pos": {
                "x": 0.18071520328521729,
                "y": 2.9011731147766113,
                "z": -79.94667053222656
            },
            "unlocked": true,
            "alias": "",
            "size": {
                "x": 5.0,
                "y": 5.0,
                "z": 5.0
            }
        }
    },
    "PJOEJDKAIKD": {}
}