{
    "MHHCMJDEEJK": {
        "1": {
            "$type": "IMFONKLKLOK",
            "gadgetId": 70120004,
            "musicSubStates": {
                "x": 1578.498046875,
                "y": -5.9604641222676946e-08,
                "z": 2563.7490234375
            },
            "tranPos": {
                "x": 1486.9423828125,
                "y": -2.2888188766501116e-07,
                "z": 2531.922607421875
            },
            "unlocked": true,
            "alias": "",
            "size": {
                "x": 3.0,
                "y": 3.0,
                "z": 3.0
            }
        }
    },
    "AFLIBNAHANB": {}
}