{
    "MHHCMJDEEJK": {
        "1": {
            "$type": "IMFONKLKLOK",
            "gadgetId": 70120004,
            "musicSubStates": {
                "x": 0.08681715279817581,
                "y": -1.8999979496002197,
                "z": 65.2941665649414
            },
            "unlocked": true,
            "alias": "",
            "size": {
                "x": 5.0,
                "y": 5.0,
                "z": 5.0
            }
        },
        "2": {
            "$type": "DNICPJHOBKK",
            "gadgetId": 70360001,
            "musicSubStates": {
                "x": 0.7229936718940735,
                "y": -1.899999976158142,
                "z": 52.1408805847168
            },
            "unlocked": true,
            "alias": "",
            "size": {
                "x": 20.0,
                "y": 20.0,
                "z": 20.0
            }
        }
    },
    "AFLIBNAHANB": {}
}