{
    "JEKPPCMCDDL": {
        "1": {
            "$type": "BMMLMKGCJOM",
            "gadgetId": 70010002,
            "pos": {
                "x": -0.5472040176391602,
                "y": 0.16164399683475494,
                "z": 6.790163040161133
            },
            "rot": {
                "y": 266.3338928222656
            },
            "tranPos": {
                "x": 3543.0,
                "y": 446.3999938964844,
                "z": 4434.2998046875
            },
            "alias": "",
            "ACNNMCHOGML": 3,
            "DICHPAGGCBE": "UI_SCENE_ENTRY_ENTER_ChioriRoom",
            "NEFLPEKDAHI": {
                "x": 5.0,
                "y": 5.0,
                "z": 5.0
            },
            "FDLDMPNKLBB": 24.0
        }
    },
    "DDIAGBHNOPL": {}
}