{
  "NMLGOIJIDMO": {
    "1": {
      "$type": "FHNGLBIHCJO",
      "OKKNABIAANA": 70120004,
      "LADDMKIFPGM": {
        "_x": 267.318603515625,
        "_y": 253.64010620117188,
        "_z": 618.7868041992188
      },
      "KEOFPMFNPLO": "",
      "MGLEAPLEHFN": {
        "_x": 5.0,
        "_y": 5.0,
        "_z": 5.0
      }
    },
    "10": {
      "$type": "HAMECKLBPHA",
      "OKKNABIAANA": 70010006,
      "LADDMKIFPGM": {
        "_x": 268.218505859375,
        "_y": 268.614501953125,
        "_z": 377.8822937011719
      },
      "NLIDOGBDDGM": {
        "_x": 268.2184753417969,
        "_y": 268.6144714355469,
        "_z": 377.8822937011719
      },
      "KEOFPMFNPLO": "",
      "MGLEAPLEHFN": {
        "_x": 20.0,
        "_y": 40.0,
        "_z": 10.0
      }
    },
    "11": {
      "$type": "BHBMHHGDGKO",
      "OKKNABIAANA": 70010006,
      "LADDMKIFPGM": {
        "_x": 267.793212890625,
        "_y": 373.22021484375,
        "_z": 647.0062866210938
      },
      "NLIDOGBDDGM": {
        "_x": 267.793212890625,
        "_y": 373.2201843261719,
        "_z": 647.00634765625
      },
      "KEOFPMFNPLO": "",
      "APIOOIONFEC": "Never",
      "GBLBNCBJIBB": "",
      "BPFIBAOMIMA": [
        1177
      ],
      "FJKMELPOPNO": {},
      "AOKNILCKJGO": "UI_STC_Intee_DungeonEntry",
      "OEEIJBELICH": "UI_Icon_Intee_Talk",
      "CLBAGDBECFB": true
    },
    "2": {
      "$type": "KJJGLEGGNLA",
      "OKKNABIAANA": 70010006,
      "LADDMKIFPGM": {
        "_x": 109.77330017089844,
        "_y": 300.1785888671875,
        "_z": 409.53179931640625
      },
      "NLIDOGBDDGM": {
        "_x": 109.77330017089844,
        "_y": 300.7438049316406,
        "_z": 409.53179931640625
      },
      "KEOFPMFNPLO": "",
      "MGLEAPLEHFN": {
        "_x": 20.0,
        "_y": 20.0,
        "_z": 15.0
      }
    },
    "3": {
      "$type": "KJJGLEGGNLA",
      "OKKNABIAANA": 70310387,
      "LADDMKIFPGM": {
        "_x": 349.5920104980469,
        "_y": 261.8393859863281,
        "_z": 334.525390625
      },
      "NLIDOGBDDGM": {
        "_x": 349.7987060546875,
        "_y": 261.83935546875,
        "_z": 338.7538146972656
      },
      "KEOFPMFNPLO": "",
      "MGLEAPLEHFN": {
        "_x": 10.0,
        "_y": 25.0,
        "_z": 30.0
      },
      "MLEILPJGHHM": true
    },
    "4": {
      "$type": "KJJGLEGGNLA",
      "OKKNABIAANA": 70010006,
      "LADDMKIFPGM": {
        "_x": 151.70309448242188,
        "_y": 318.7854919433594,
        "_z": 399.3382873535156
      },
      "MBNFCMGJHAE": {
        "_y": 180.0
      },
      "NLIDOGBDDGM": {
        "_x": 151.70309448242188,
        "_y": 318.78546142578125,
        "_z": 399.3382873535156
      },
      "AALAENIJCGC": {
        "_y": 180.0
      },
      "KEOFPMFNPLO": "",
      "MGLEAPLEHFN": {
        "_x": 15.0,
        "_y": 40.0,
        "_z": 10.0
      }
    },
    "5": {
      "$type": "HAMECKLBPHA",
      "OKKNABIAANA": 70010006,
      "LADDMKIFPGM": {
        "_x": 306.3857116699219,
        "_y": 331.0733947753906,
        "_z": 308.0429992675781
      },
      "MBNFCMGJHAE": {
        "_y": 25.0
      },
      "NLIDOGBDDGM": {
        "_x": 306.3857116699219,
        "_y": 331.07342529296875,
        "_z": 308.04302978515625
      },
      "KEOFPMFNPLO": "",
      "MLEILPJGHHM": true
    },
    "6": {
      "$type": "HAMECKLBPHA",
      "OKKNABIAANA": 70010006,
      "LADDMKIFPGM": {
        "_x": 345.8302917480469,
        "_y": 355.4596862792969,
        "_z": 349.37030029296875
      },
      "MBNFCMGJHAE": {
        "_y": 250.0
      },
      "NLIDOGBDDGM": {
        "_x": 345.8302917480469,
        "_y": 355.4597473144531,
        "_z": 349.3702697753906
      },
      "AALAENIJCGC": {
        "_y": 250.0
      },
      "KEOFPMFNPLO": "",
      "MLEILPJGHHM": true
    },
    "7": {
      "$type": "HAMECKLBPHA",
      "OKKNABIAANA": 70010006,
      "LADDMKIFPGM": {
        "_x": 151.91810607910156,
        "_y": 335.8116149902344,
        "_z": 310.4455871582031
      },
      "NLIDOGBDDGM": {
        "_x": 151.9180908203125,
        "_y": 335.8115539550781,
        "_z": 310.445556640625
      },
      "KEOFPMFNPLO": "",
      "MLEILPJGHHM": true
    },
    "8": {
      "$type": "HAMECKLBPHA",
      "OKKNABIAANA": 70010006,
      "LADDMKIFPGM": {
        "_x": 169.70579528808594,
        "_y": 338.73541259765625,
        "_z": 364.7344055175781
      },
      "MBNFCMGJHAE": {
        "_y": 180.0
      },
      "NLIDOGBDDGM": {
        "_x": 169.7057647705078,
        "_y": 338.7353820800781,
        "_z": 364.7344055175781
      },
      "AALAENIJCGC": {
        "_y": 180.0
      },
      "KEOFPMFNPLO": "",
      "MLEILPJGHHM": true
    },
    "9": {
      "$type": "HAMECKLBPHA",
      "OKKNABIAANA": 70010006,
      "LADDMKIFPGM": {
        "_x": 317.6235046386719,
        "_y": 323.9307861328125,
        "_z": 334.9034118652344
      },
      "KEOFPMFNPLO": ""
    }
  },
  "OIIHDBGDNKL": {
    "1": {
      "$type": "MBIKCEBOCKA",
      "OKKNABIAANA": 70010006,
      "LADDMKIFPGM": {
        "_x": 152.75,
        "_y": 313.42999267578125,
        "_z": 339.6700134277344
      },
      "DKGGAAJODMB": true,
      "KEOFPMFNPLO": "",
      "MPBBCDDFGKO": "DeadRegion",
      "HPDFOLLGBKL": {
        "$type": "BHMDEDHPEFH",
        "EAIPPAJKGFO": true,
        "NEBDNCNFDJC": 10.0,
        "LDMENJHNDON": "Center",
        "ACIIKIJKEHO": 80.0,
        "IGNNLKPCNOI": 80.0
      },
      "HMDGKCKKKNN": ""
    },
    "10": {
      "$type": "MBIKCEBOCKA",
      "OKKNABIAANA": 70010006,
      "LADDMKIFPGM": {
        "_x": 342.4584045410156,
        "_y": 315.9740905761719,
        "_z": 327.4309997558594
      },
      "MBNFCMGJHAE": {
        "_y": 225.0
      },
      "DKGGAAJODMB": true,
      "KEOFPMFNPLO": "",
      "MPBBCDDFGKO": "DeadRegion",
      "HPDFOLLGBKL": {
        "$type": "BHMDEDHPEFH",
        "EAIPPAJKGFO": true,
        "NEBDNCNFDJC": 10.0,
        "LDMENJHNDON": "Center",
        "ACIIKIJKEHO": 30.0,
        "IGNNLKPCNOI": 30.0
      },
      "HMDGKCKKKNN": ""
    },
    "11": {
      "$type": "MBIKCEBOCKA",
      "OKKNABIAANA": 70010006,
      "LADDMKIFPGM": {
        "_x": 322.47210693359375,
        "_y": 314.85040283203125,
        "_z": 346.7355041503906
      },
      "MBNFCMGJHAE": {
        "_y": 22.500009536743164
      },
      "NLIDOGBDDGM": {
        "_x": 322.47210693359375,
        "_y": 320.91546630859375,
        "_z": 346.73553466796875
      },
      "DKGGAAJODMB": true,
      "KEOFPMFNPLO": "",
      "MPBBCDDFGKO": "NoReviveRegion",
      "HPDFOLLGBKL": {
        "$type": "BHMDEDHPEFH",
        "EAIPPAJKGFO": true,
        "NEBDNCNFDJC": 10.0,
        "LDMENJHNDON": "Center",
        "ACIIKIJKEHO": 100.0,
        "IGNNLKPCNOI": 100.0
      },
      "HMDGKCKKKNN": ""
    },
    "12": {
      "$type": "MBIKCEBOCKA",
      "OKKNABIAANA": 70010006,
      "LADDMKIFPGM": {
        "_x": 268.218505859375,
        "_y": 253.60079956054688,
        "_z": 419.6742858886719
      },
      "DKGGAAJODMB": true,
      "KEOFPMFNPLO": "",
      "MPBBCDDFGKO": "DeadRegion",
      "HPDFOLLGBKL": {
        "$type": "BHMDEDHPEFH",
        "EAIPPAJKGFO": true,
        "NEBDNCNFDJC": 20.0,
        "LDMENJHNDON": "Center",
        "ACIIKIJKEHO": 60.0,
        "IGNNLKPCNOI": 80.0
      },
      "HMDGKCKKKNN": ""
    },
    "13": {
      "$type": "MBIKCEBOCKA",
      "OKKNABIAANA": 70010006,
      "LADDMKIFPGM": {
        "_x": 268.218505859375,
        "_y": 254.2469940185547,
        "_z": 419.6742858886719
      },
      "DKGGAAJODMB": true,
      "KEOFPMFNPLO": "",
      "MPBBCDDFGKO": "NoReviveRegion",
      "HPDFOLLGBKL": {
        "$type": "BHMDEDHPEFH",
        "EAIPPAJKGFO": true,
        "NEBDNCNFDJC": 25.0,
        "LDMENJHNDON": "Center",
        "ACIIKIJKEHO": 60.0,
        "IGNNLKPCNOI": 80.0
      },
      "HMDGKCKKKNN": ""
    },
    "14": {
      "$type": "MBIKCEBOCKA",
      "OKKNABIAANA": 70010006,