{
    "MHHCMJDEEJK": {
        "1": {
            "$type": "IMFONKLKLOK",
            "gadgetId": 70010001,
            "musicSubStates": {
                "x": 320.12109375,
                "y": 52.32286071777344,
                "z": 529.8572998046875
            },
            "tranPos": {
                "x": 320.1210632324219,
                "y": 52.32286071777344,
                "z": 529.8572998046875
            },
            "alias": "",
            "size": {
                "x": 5.0,
                "y": 5.0,
                "z": 5.0
            }
        }
    },
    "AFLIBNAHANB": {}
}