{
    "JEKPPCMCDDL": {
        "1": {
            "$type": "BMMLMKGCJOM",
            "gadgetId": 70010002,
            "pos": {
                "x": -0.010502819903194904,
                "y": -9.015790283228853e-07,
                "z": 8.5
            },
            "rot": {
                "y": 180.0
            },
            "tranPos": {
                "x": -3123.89990234375,
                "y": 253.1999969482422,
                "z": -4453.0
            },
            "tranRot": {
                "y": 124.0
            },
            "unlocked": true,
            "alias": "",
            "ACNNMCHOGML": 3,
            "DICHPAGGCBE": "UI_SCENE_ENTRY_EXIT_UYUTEI",
            "NEFLPEKDAHI": {
                "x": 5.0,
                "y": 5.0,
                "z": 5.0
            },
            "FDLDMPNKLBB": 24.0
        }
    },
    "DDIAGBHNOPL": {}
}