{
  "NMLGOIJIDMO": {
    "1": {
      "$type": "FHNGLBIHCJO",
      "OKKNABIAANA": 70120004,
      "LADDMKIFPGM": {
        "_x": 190.5041046142578,
        "_y": 41.99951934814453,
        "_z": 134.67210388183594
      },
      "DKGGAAJODMB": true,
      "KEOFPMFNPLO": "",
      "MGLEAPLEHFN": {
        "_x": 5.0,
        "_y": 5.0,
        "_z": 5.0
      }
    },
    "2": {
      "$type": "KJJGLEGGNLA",
      "OKKNABIAANA": 70120003,
      "LADDMKIFPGM": {
        "_x": -8.703619956970215,
        "_y": 47.01673126220703,
        "_z": 55.11759948730469
      },
      "MBNFCMGJHAE": {
        "_y": 90.0
      },
      "DKGGAAJODMB": true,
      "KEOFPMFNPLO": "",
      "MGLEAPLEHFN": {
        "_x": 20.0,
        "_y": 20.0,
        "_z": 69.0
      },
      "GPBFFFGELDL": [
        220022004
      ]
    },
    "3": {
      "$type": "KJJGLEGGNLA",
      "OKKNABIAANA": 70120003,
      "LADDMKIFPGM": {
        "_x": 67.34822845458984,
        "_y": 39.51642990112305,
        "_z": 113.40570068359375
      },
      "DKGGAAJODMB": true,
      "KEOFPMFNPLO": "",
      "MGLEAPLEHFN": {
        "_x": 20.0,
        "_y": 20.0,
        "_z": 20.0
      },
      "GPBFFFGELDL": [
        220022005,
        220022006,
        220022007
      ]
    },
    "4": {
      "$type": "HAMECKLBPHA",
      "OKKNABIAANA": 70010006,
      "LADDMKIFPGM": {
        "_x": 72.37892150878906,
        "_y": 39.51667022705078,
        "_z": 120.49240112304688
      },
      "MBNFCMGJHAE": {
        "_y": 89.39869689941406
      },
      "DKGGAAJODMB": true,
      "KEOFPMFNPLO": "",
      "MGLEAPLEHFN": {
        "_x": 20.0,
        "_y": 20.0,
        "_z": 40.0
      }
    },
    "5": {
      "$type": "HAMECKLBPHA",
      "OKKNABIAANA": 70010006,
      "LADDMKIFPGM": {
        "_x": 155.0836944580078,
        "_y": 39.516719818115234,
        "_z": 121.00189971923828
      },
      "MBNFCMGJHAE": {
        "_y": 89.39869689941406
      },
      "DKGGAAJODMB": true,
      "KEOFPMFNPLO": "",
      "MGLEAPLEHFN": {
        "_x": 20.0,
        "_y": 20.0,
        "_z": 40.0
      }
    },
    "6": {
      "$type": "HAMECKLBPHA",
      "OKKNABIAANA": 70010006,
      "LADDMKIFPGM": {
        "_x": 182.13519287109375,
        "_y": 41.99951934814453,
        "_z": 120.69239807128906
      },
      "MBNFCMGJHAE": {
        "_y": 89.39869689941406
      },
      "DKGGAAJODMB": true,
      "KEOFPMFNPLO": "",
      "MGLEAPLEHFN": {
        "_x": 20.0,
        "_y": 20.0,
        "_z": 40.0
      }
    }
  },
  "OIIHDBGDNKL": {
    "10": {
      "$type": "MBIKCEBOCKA",
      "OKKNABIAANA": 70010006,
      "LADDMKIFPGM": {
        "_x": 152.87570190429688,
        "_y": 36.17987823486328,
        "_z": 50.89223098754883
      },
      "DKGGAAJODMB": true,
      "KEOFPMFNPLO": "",
      "DFEBCOOIEHF": 500.0,
      "BJPHFBMFCKK": true,
      "MPBBCDDFGKO": "DeadRegion",
      "HPDFOLLGBKL": {
        "$type": "BHMDEDHPEFH",
        "EAIPPAJKGFO": true,
        "NEBDNCNFDJC": 100.0,
        "LDMENJHNDON": "Center",
        "ACIIKIJKEHO": 200.0,
        "IGNNLKPCNOI": 100.0
      },
      "HMDGKCKKKNN": ""
    },
    "11": {
      "$type": "MBIKCEBOCKA",
      "OKKNABIAANA": 70010006,
      "LADDMKIFPGM": {
        "_x": 258.0046081542969,
        "_y": 56.792999267578125,
        "_z": 123.62010192871094
      },
      "DKGGAAJODMB": true,
      "KEOFPMFNPLO": "",
      "DFEBCOOIEHF": 500.0,
      "BJPHFBMFCKK": true,
      "MPBBCDDFGKO": "DeadRegion",
      "HPDFOLLGBKL": {
        "$type": "BHMDEDHPEFH",
        "EAIPPAJKGFO": true,
        "NEBDNCNFDJC": 31.5,
        "LDMENJHNDON": "Center",
        "ACIIKIJKEHO": 100.0,
        "IGNNLKPCNOI": 50.0
      },
      "HMDGKCKKKNN": ""
    },
    "2": {
      "$type": "MBIKCEBOCKA",
      "OKKNABIAANA": 70010006,
      "LADDMKIFPGM": {
        "_x": 68.86131286621094,
        "_y": 22.891630172729492,
        "_z": 126.01219940185547
      },
      "DKGGAAJODMB": true,
      "KEOFPMFNPLO": "",
      "DFEBCOOIEHF": 500.0,
      "BJPHFBMFCKK": true,
      "MPBBCDDFGKO": "NoReviveRegion",
      "HPDFOLLGBKL": {
        "$type": "BHMDEDHPEFH",
        "EAIPPAJKGFO": true,
        "NEBDNCNFDJC": 31.5,
        "LDMENJHNDON": "Center",
        "ACIIKIJKEHO": 367.0,
        "IGNNLKPCNOI": 317.70001220703125
      },
      "HMDGKCKKKNN": ""
    },
    "3": {
      "$type": "MBIKCEBOCKA",
      "OKKNABIAANA": 70010006,
      "LADDMKIFPGM": {
        "_x": -0.018737390637397766,
        "_y": 33.89527130126953,
        "_z": -6.486285209655762
      },
      "DKGGAAJODMB": true,
      "KEOFPMFNPLO": "",
      "DFEBCOOIEHF": 500.0,
      "BJPHFBMFCKK": true,
      "MPBBCDDFGKO": "NoReviveRegion",
      "HPDFOLLGBKL": {
        "$type": "BHMDEDHPEFH",
        "EAIPPAJKGFO": true,
        "NEBDNCNFDJC": 31.5,
        "LDMENJHNDON": "Center",
        "ACIIKIJKEHO": 75.37999725341797,
        "IGNNLKPCNOI": 68.30000305175781
      },
      "HMDGKCKKKNN": ""
    },
    "4": {
      "$type": "MBIKCEBOCKA",
      "OKKNABIAANA": 70010006,
      "LADDMKIFPGM": {
        "_x": 67.11953735351562,
        "_y": 51.0,
        "_z": 63.01285934448242
      },
      "DKGGAAJODMB": true,
      "KEOFPMFNPLO": "",
      "DFEBCOOIEHF": 500.0,
      "BJPHFBMFCKK": true,
      "MPBBCDDFGKO": "ReturnRegion",
      "HPDFOLLGBKL": {
        "$type": "BHMDEDHPEFH",
        "EAIPPAJKGFO": true,
        "NEBDNCNFDJC": 45.09000015258789,
        "LDMENJHNDON": "Center",
        "ACIIKIJKEHO": 85.5,
        "IGNNLKPCNOI": 6.829999923706055
      },
      "HMDGKCKKKNN": ""
    },
    "5": {
      "$type": "MBIKCEBOCKA",
      "OKKNABIAANA": 70010006,
      "LADDMKIFPGM": {
        "_x": 203.02279663085938,
        "_y": 42.0166015625,
        "_z": 109.63600158691406
      },
      "DKGGAAJODMB": true,
      "KEOFPMFNPLO": "",
      "DFEBCOOIEHF": 500.0,
      "BJPHFBMFCKK": true,
      "MPBBCDDFGKO": "NoReviveRegion",
      "HPDFOLLGBKL": {
        "$type": "BHMDEDHPEFH",
        "EAIPPAJKGFO": true,
        "NEBDNCNFDJC": 31.5,
        "LDMENJHNDON": "Center",
        "ACIIKIJKEHO": 20.0,
        "IGNNLKPCNOI": 20.0
      },
      "HMDGKCKKKNN": ""
    },
    "6": {
      "$type": "MBIKCEBOCKA",
      "OKKNABIAANA": 70010006,
      "LADDMKIFPGM": {
        "_x": 217.37950134277344,
        "_y": 42.709991455078125,
        "_z": 101.30500030517578
      },
      "DKGGAAJODMB": true,
      "KEOFPMFNPLO": "",
      "DFEBCOOIEHF": 500.0,
      "BJPHFBMFCKK": true,
      "MPBBCDDFGKO": "ReturnRegion",
      "HPDFOLLGBKL": {
        "$type": "BHMDEDHPEFH",
        "EAIPPAJKGFO": true,
        "NEBDNCNFDJC": 50.0,
        "LDMENJHNDON": "Center",
        "ACIIKIJKEHO": 10.0,
        "IGNNLKPCNOI": 50.0
      },
      "HMDGKCKKKNN": ""
    },
    "7": {
      "$type": "MBIKCEBOCKA",
      "OKKNABIAANA": 70010006,
      "LADDMKIFPGM": {
        "_x": 205.24850463867188,
        "_y": 42.01665115356445,
        "_z": 85.60975646972656
      },
      "DKGGAAJODMB": true,
      "KEOFPMFNPLO": "",
      "DFEBCOOIEHF": 500.0,
      "BJPHFBMFCKK": true,
      "MPBBCDDFGKO": "ReturnRegion",
      "HPDFOLLGBKL": {
        "$type": "BHMDEDHPEFH",
        "EAIPPAJKGFO": true,
        "NEBDNCNFDJC": 50.0,
        "LDMENJHNDON": "Center",
        "ACIIKIJKEHO": 56.0,
        "IGNNLKPCNOI": 10.0
      },
      "HMDGKCKKKNN": ""
    },
    "8": {
      "$type": "MBIKCEBOCKA",
      "OKKNABIAANA": 70010006,
      "LADDMKIFPGM": {
        "_x": 96.00910949707031,
        "_y": 17.800989151000977,
        "_z": 67.79412078857422
      },
      "DKGGAAJODMB": true,
      "KEOFPMFNPLO": "",
      "DFEBCOOIEHF": 500.0,
      "BJPHFBMFCKK": true,
      "MPBBCDDFGKO": "DeadRegion",
      "HPDFOLLGBKL": {
        "$type": "BHMDEDHPEFH",
        "EAIPPAJKGFO": true,
        "NEBDNCNFDJC": 31.5,
        "LDMENJHNDON": "Center",
        "ACIIKIJKEHO": 367.0,
        "IGNNLKPCNOI": 317.70001220703125
      },
      "HMDGKCKKKNN": ""
    },
    "9": {
      "$type": "MBIKCEBOCKA",
      "OKKNABIAANA": 70010006,