{
  "NMLGOIJIDMO": {
    "1": {
      "$type": "FHNGLBIHCJO",
      "OKKNABIAANA": 70120004,
      "LADDMKIFPGM": {
        "_x": 2497.783935546875,
        "_y": 571.246826171875,
        "_z": -1393.72900390625
      },
      "NLIDOGBDDGM": {
        "_x": -9.340493202209473,
        "_y": 139.9784698486328,
        "_z": 601.1798095703125
      },
      "KEOFPMFNPLO": "",
      "MGLEAPLEHFN": {
        "_x": 2.0,
        "_y": 2.0,
        "_z": 2.0
      }
    }
  },
  "OIIHDBGDNKL": {
    "1": {
      "$type": "MBIKCEBOCKA",
      "OKKNABIAANA": 70010006,
      "LADDMKIFPGM": {
        "_x": 2223.5419921875,
        "_y": 453.9856872558594,
        "_z": 37.173248291015625
      },
      "NLIDOGBDDGM": {
        "_x": 2273.989990234375,
        "_y": 509.65948486328125,
        "_z": 451.97174072265625
      },
      "DKGGAAJODMB": true,
      "KEOFPMFNPLO": "",
      "DFEBCOOIEHF": 1400.0,
      "MPBBCDDFGKO": "DeadRegion",
      "HPDFOLLGBKL": {
        "$type": "BHMDEDHPEFH",
        "EAIPPAJKGFO": true,
        "NEBDNCNFDJC": 100.0,
        "ACIIKIJKEHO": 1200.0,
        "IGNNLKPCNOI": 1200.0
      },
      "HMDGKCKKKNN": ""
    },
    "2": {
      "$type": "MBIKCEBOCKA",
      "OKKNABIAANA": 70010006,
      "LADDMKIFPGM": {
        "_x": 2092.864990234375,
        "_y": 406.9739074707031,
        "_z": 422.72198486328125
      },
      "NLIDOGBDDGM": {
        "_x": 2055.78076171875,
        "_y": 522.4524536132812,
        "_z": 422.7219543457031
      },
      "DKGGAAJODMB": true,
      "KEOFPMFNPLO": "",
      "DFEBCOOIEHF": 1400.0,
      "MPBBCDDFGKO": "NoReviveRegion",
      "HPDFOLLGBKL": {
        "$type": "CBEPDCAIJDC",
        "EAIPPAJKGFO": true,
        "NEBDNCNFDJC": 500.0,
        "ACIIKIJKEHO": 1200.0,
        "IGNNLKPCNOI": 1200.0
      },
      "HMDGKCKKKNN": ""
    },
    "3": {
      "$type": "MBIKCEBOCKA",
      "OKKNABIAANA": 70010006,
      "LADDMKIFPGM": {
        "_x": 2387.52490234375,
        "_y": 536.238525390625,
        "_z": 341.860107421875
      },
      "NLIDOGBDDGM": {
        "_x": 2358.205322265625,
        "_y": 536.2384643554688,
        "_z": 561.8160400390625
      },
      "DKGGAAJODMB": true,
      "KEOFPMFNPLO": "",
      "DFEBCOOIEHF": 800.0,
      "HPDFOLLGBKL": {
        "$type": "BHMDEDHPEFH",
        "EAIPPAJKGFO": true,
        "NEBDNCNFDJC": 300.0,
        "ACIIKIJKEHO": 120.0,
        "IGNNLKPCNOI": 700.0
      },
      "HMDGKCKKKNN": ""
    },
    "4": {
      "$type": "MBIKCEBOCKA",
      "OKKNABIAANA": 70010006,
      "LADDMKIFPGM": {
        "_x": 2037.550048828125,
        "_y": 536.238525390625,
        "_z": 318.8351135253906
      },
      "NLIDOGBDDGM": {
        "_x": 2358.205322265625,
        "_y": 536.2384643554688,
        "_z": 561.8160400390625
      },
      "DKGGAAJODMB": true,
      "KEOFPMFNPLO": "",
      "DFEBCOOIEHF": 800.0,
      "HPDFOLLGBKL": {
        "$type": "BHMDEDHPEFH",
        "EAIPPAJKGFO": true,
        "NEBDNCNFDJC": 300.0,
        "ACIIKIJKEHO": 120.0,
        "IGNNLKPCNOI": 700.0
      },
      "HMDGKCKKKNN": ""
    },
    "5": {
      "$type": "MBIKCEBOCKA",
      "OKKNABIAANA": 70010006,
      "LADDMKIFPGM": {
        "_x": 2263.618896484375,
        "_y": 536.238525390625,
        "_z": 775.13232421875
      },
      "NLIDOGBDDGM": {
        "_x": 2358.205322265625,
        "_y": 536.2384643554688,
        "_z": 561.8160400390625
      },
      "DKGGAAJODMB": true,
      "KEOFPMFNPLO": "",
      "DFEBCOOIEHF": 800.0,
      "HPDFOLLGBKL": {
        "$type": "BHMDEDHPEFH",
        "EAIPPAJKGFO": true,
        "NEBDNCNFDJC": 300.0,
        "ACIIKIJKEHO": 600.0,
        "IGNNLKPCNOI": 200.0
      },
      "HMDGKCKKKNN": ""
    },
    "6": {
      "$type": "MBIKCEBOCKA",
      "OKKNABIAANA": 70010006,
      "LADDMKIFPGM": {
        "_x": 2263.618896484375,
        "_y": 536.238525390625,
        "_z": 152.99169921875
      },
      "NLIDOGBDDGM": {
        "_x": 2358.205322265625,
        "_y": 536.2384643554688,
        "_z": 561.8160400390625
      },
      "DKGGAAJODMB": true,
      "KEOFPMFNPLO": "",
      "DFEBCOOIEHF": 800.0,
      "HPDFOLLGBKL": {
        "$type": "BHMDEDHPEFH",
        "EAIPPAJKGFO": true,
        "NEBDNCNFDJC": 300.0,
        "ACIIKIJKEHO": 600.0,
        "IGNNLKPCNOI": 200.0
      },
      "HMDGKCKKKNN": ""
    }
  },
  "AGHEGEFDJOA": {}
}