{
  "NMLGOIJIDMO": {
    "1": {
      "$type": "FHNGLBIHCJO",
      "OKKNABIAANA": 70120004,
      "LADDMKIFPGM": {
        "_x": -66.58360290527344,
        "_y": 126.46520233154297,
        "_z": 74.64559173583984
      },
      "MBNFCMGJHAE": {
        "_y": 104.37899780273438
      },
      "DKGGAAJODMB": true,
      "KEOFPMFNPLO": "",
      "MGLEAPLEHFN": {
        "_x": 6.0,
        "_y": 5.0,
        "_z": 5.0
      }
    },
    "2": {
      "$type": "HAMECKLBPHA",
      "OKKNABIAANA": 70010006,
      "LADDMKIFPGM": {
        "_x": -130.0146026611328,
        "_y": 34.29082107543945,
        "_z": 49.08124923706055
      },
      "MBNFCMGJHAE": {
        "_y": 351.9455871582031
      },
      "DKGGAAJODMB": true,
      "KEOFPMFNPLO": "",
      "MGLEAPLEHFN": {
        "_x": 15.0,
        "_y": 15.0,
        "_z": 15.0
      }
    },
    "3": {
      "$type": "HAMECKLBPHA",
      "OKKNABIAANA": 70010006,
      "LADDMKIFPGM": {
        "_x": -122.97209930419922,
        "_y": 47.03947830200195,
        "_z": 137.91360473632812
      },
      "MBNFCMGJHAE": {
        "_y": 41.95389938354492
      },
      "DKGGAAJODMB": true,
      "KEOFPMFNPLO": "",
      "MGLEAPLEHFN": {
        "_x": 15.0,
        "_y": 15.0,
        "_z": 15.0
      }
    },
    "4": {
      "$type": "HAMECKLBPHA",
      "OKKNABIAANA": 70010006,
      "LADDMKIFPGM": {
        "_x": -93.93446350097656,
        "_y": 63.377620697021484,
        "_z": 148.59410095214844
      },
      "MBNFCMGJHAE": {
        "_y": 73.63179779052734
      },
      "DKGGAAJODMB": true,
      "KEOFPMFNPLO": "",
      "MGLEAPLEHFN": {
        "_x": 20.0,
        "_y": 20.0,
        "_z": 20.0
      }
    },
    "5": {
      "$type": "HAMECKLBPHA",
      "OKKNABIAANA": 70010006,
      "LADDMKIFPGM": {
        "_x": -22.265350341796875,
        "_y": 65.50019073486328,
        "_z": 109.53469848632812
      },
      "MBNFCMGJHAE": {
        "_y": 141.2115020751953
      },
      "DKGGAAJODMB": true,
      "KEOFPMFNPLO": "",
      "MGLEAPLEHFN": {
        "_x": 15.0,
        "_y": 15.0,
        "_z": 15.0
      }
    },
    "6": {
      "$type": "HAMECKLBPHA",
      "OKKNABIAANA": 70010006,
      "LADDMKIFPGM": {
        "_x": -11.848810195922852,
        "_y": 111.69640350341797,
        "_z": 68.45023345947266
      },
      "MBNFCMGJHAE": {
        "_y": 263.7818908691406
      },
      "DKGGAAJODMB": true,
      "KEOFPMFNPLO": "",
      "MGLEAPLEHFN": {
        "_x": 15.0,
        "_y": 15.0,
        "_z": 15.0
      }
    }
  },
  "OIIHDBGDNKL": {
    "1": {
      "$type": "MBIKCEBOCKA",
      "OKKNABIAANA": 70010006,
      "LADDMKIFPGM": {
        "_x": -98.82579040527344,
        "_y": -6.6196770668029785,
        "_z": 21.492889404296875
      },
      "DKGGAAJODMB": true,
      "KEOFPMFNPLO": "",
      "DFEBCOOIEHF": 500.0,
      "BJPHFBMFCKK": true,
      "MPBBCDDFGKO": "DeadRegion",
      "HPDFOLLGBKL": {
        "$type": "BHMDEDHPEFH",
        "EAIPPAJKGFO": true,
        "NEBDNCNFDJC": 50.0,
        "LDMENJHNDON": "Center",
        "ACIIKIJKEHO": 600.0,
        "IGNNLKPCNOI": 600.0
      },
      "HMDGKCKKKNN": ""
    }
  },
  "AGHEGEFDJOA": {}
}