{
  "NMLGOIJIDMO": {
    "1": {
      "$type": "KJJGLEGGNLA",
      "OKKNABIAANA": 70010006,
      "LADDMKIFPGM": {
        "_x": 884.20751953125,
        "_y": 34.871559143066406,
        "_z": 402.4643859863281
      },
      "NLIDOGBDDGM": {
        "_x": 884.207275390625,
        "_y": 24.969999313354492,
        "_z": 413.7615051269531
      },
      "DKGGAAJODMB": true,
      "KEOFPMFNPLO": "",
      "MGLEAPLEHFN": {
        "_x": 30.0,
        "_y": 40.0,
        "_z": 10.0
      }
    },
    "2": {
      "$type": "KJJGLEGGNLA",
      "OKKNABIAANA": 70010006,
      "LADDMKIFPGM": {
        "_x": 884.2299194335938,
        "_y": 27.159870147705078,
        "_z": 482.2681884765625
      },
      "NLIDOGBDDGM": {
        "_x": 884.7081298828125,
        "_y": 27.006000518798828,
        "_z": 482.4309997558594
      },
      "DKGGAAJODMB": true,
      "KEOFPMFNPLO": "",
      "MGLEAPLEHFN": {
        "_x": 30.0,
        "_y": 40.0,
        "_z": 15.0
      }
    },
    "3": {
      "$type": "KJJGLEGGNLA",
      "OKKNABIAANA": 70010006,
      "LADDMKIFPGM": {
        "_x": 832.67431640625,
        "_y": -41.682979583740234,
        "_z": 598.2750244140625
      },
      "MBNFCMGJHAE": {
        "_y": 180.0
      },
      "NLIDOGBDDGM": {
        "_x": 832.67431640625,
        "_y": -41.682979583740234,
        "_z": 598.2750244140625
      },
      "AALAENIJCGC": {
        "_y": 180.0
      },
      "DKGGAAJODMB": true,
      "KEOFPMFNPLO": "",
      "MGLEAPLEHFN": {
        "_x": 30.0,
        "_y": 40.0,
        "_z": 20.0
      }
    },
    "5": {
      "$type": "KJJGLEGGNLA",
      "OKKNABIAANA": 70010006,
      "LADDMKIFPGM": {
        "_x": 772.5054931640625,
        "_y": 32.41212844848633,
        "_z": 326.6590881347656
      },
      "MBNFCMGJHAE": {
        "_y": 90.0
      },
      "NLIDOGBDDGM": {
        "_x": 772.505615234375,
        "_y": 32.41212844848633,
        "_z": 326.6590881347656
      },
      "AALAENIJCGC": {
        "_y": 90.0
      },
      "DKGGAAJODMB": true,
      "KEOFPMFNPLO": "",
      "MGLEAPLEHFN": {
        "_x": 20.0,
        "_y": 30.0,
        "_z": 30.0
      }
    },
    "6": {
      "$type": "KJJGLEGGNLA",
      "OKKNABIAANA": 70010006,
      "LADDMKIFPGM": {
        "_x": 809.1262817382812,
        "_y": 25.162090301513672,
        "_z": 371.9932861328125
      },
      "NLIDOGBDDGM": {
        "_x": 809.1262817382812,
        "_y": 25.162090301513672,
        "_z": 371.9932861328125
      },
      "DKGGAAJODMB": true,
      "KEOFPMFNPLO": "",
      "MGLEAPLEHFN": {
        "_x": 30.0,
        "_y": 30.0,
        "_z": 15.0
      }
    },
    "8": {
      "$type": "KJJGLEGGNLA",
      "OKKNABIAANA": 70010006,
      "LADDMKIFPGM": {
        "_x": 701.365478515625,
        "_y": 37.772300720214844,
        "_z": 527.8521118164062
      },
      "MBNFCMGJHAE": {
        "_y": 270.0
      },
      "NLIDOGBDDGM": {
        "_x": 668.9124145507812,
        "_y": 35.63999938964844,
        "_z": 527.8521118164062
      },
      "AALAENIJCGC": {
        "_y": 270.0
      },
      "DKGGAAJODMB": true,
      "KEOFPMFNPLO": "",
      "MGLEAPLEHFN": {
        "_x": 15.0,
        "_y": 35.0,
        "_z": 30.0
      }
    }
  },
  "OIIHDBGDNKL": {
    "1": {
      "$type": "MBIKCEBOCKA",
      "OKKNABIAANA": 70010006,
      "LADDMKIFPGM": {
        "_x": 901.1961059570312,
        "_y": 14.836339950561523,
        "_z": 496.4139099121094
      },
      "NLIDOGBDDGM": {
        "_x": 905.00146484375,
        "_y": 6.5970048904418945,
        "_z": 493.8440246582031
      },
      "DKGGAAJODMB": true,
      "KEOFPMFNPLO": "",
      "MPBBCDDFGKO": "DeadRegion",
      "HPDFOLLGBKL": {
        "$type": "BHMDEDHPEFH",
        "EAIPPAJKGFO": true,
        "NEBDNCNFDJC": 20.0,
        "LDMENJHNDON": "Center",
        "ACIIKIJKEHO": 40.0,
        "IGNNLKPCNOI": 50.0
      },
      "HMDGKCKKKNN": ""
    },
    "2": {
      "$type": "MBIKCEBOCKA",
      "OKKNABIAANA": 70010006,
      "LADDMKIFPGM": {
        "_x": 808.2125854492188,
        "_y": 6.779413223266602,
        "_z": 402.5896911621094
      },
      "NLIDOGBDDGM": {
        "_x": 820.0875244140625,
        "_y": -0.15999841690063477,
        "_z": 402.5897216796875
      },
      "DKGGAAJODMB": true,
      "KEOFPMFNPLO": "",
      "MPBBCDDFGKO": "DeadRegion",
      "HPDFOLLGBKL": {
        "$type": "BHMDEDHPEFH",
        "EAIPPAJKGFO": true,
        "NEBDNCNFDJC": 30.0,
        "LDMENJHNDON": "Center",
        "ACIIKIJKEHO": 50.0,
        "IGNNLKPCNOI": 60.0
      },
      "HMDGKCKKKNN": ""
    },
    "3": {
      "$type": "MBIKCEBOCKA",
      "OKKNABIAANA": 70010006,
      "LADDMKIFPGM": {
        "_x": 635.0546264648438,
        "_y": 18.990840911865234,
        "_z": 527.4827270507812
      },
      "NLIDOGBDDGM": {
        "_x": 662.162841796875,
        "_y": 16.476999282836914,
        "_z": 539.3280639648438
      },
      "DKGGAAJODMB": true,
      "KEOFPMFNPLO": "",
      "MPBBCDDFGKO": "DeadRegion",
      "HPDFOLLGBKL": {
        "$type": "BHMDEDHPEFH",
        "EAIPPAJKGFO": true,
        "NEBDNCNFDJC": 30.0,
        "LDMENJHNDON": "Center",
        "ACIIKIJKEHO": 100.0,
        "IGNNLKPCNOI": 50.0
      },
      "HMDGKCKKKNN": ""
    },
    "4": {
      "$type": "MBIKCEBOCKA",
      "OKKNABIAANA": 70010006,
      "LADDMKIFPGM": {
        "_x": 883.431396484375,
        "_y": 11.171660423278809,
        "_z": 437.8934020996094
      },
      "NLIDOGBDDGM": {
        "_x": 884.239990234375,
        "_y": 24.969999313354492,
        "_z": 418.28399658203125
      },
      "DKGGAAJODMB": true,
      "KEOFPMFNPLO": "",
      "MPBBCDDFGKO": "DeadRegion",
      "HPDFOLLGBKL": {
        "$type": "BHMDEDHPEFH",
        "EAIPPAJKGFO": true,
        "NEBDNCNFDJC": 20.0,
        "LDMENJHNDON": "Center",
        "ACIIKIJKEHO": 50.0,
        "IGNNLKPCNOI": 70.0
      },
      "HMDGKCKKKNN": ""
    }
  },
  "AGHEGEFDJOA": {}
}