{
  "NMLGOIJIDMO": {
    "1": {
      "$type": "FHNGLBIHCJO",
      "OKKNABIAANA": 70120004,
      "LADDMKIFPGM": {
        "_x": 7.241470813751221,
        "_y": 193.63510131835938,
        "_z": 358.1632995605469
      },
      "MBNFCMGJHAE": {
        "_y": 303.0401916503906
      },
      "NLIDOGBDDGM": {
        "_x": -5.385487079620361,
        "_y": 80.05000305175781,
        "_z": -1.6789770126342773
      },
      "KEOFPMFNPLO": "",
      "MGLEAPLEHFN": {
        "_x": 5.0,
        "_y": 5.0,
        "_z": 5.0
      }
    },
    "2": {
      "$type": "HAMECKLBPHA",
      "OKKNABIAANA": 70010006,
      "LADDMKIFPGM": {
        "_x": 23.184659957885742,
        "_y": 200.97799682617188,
        "_z": 306.92779541015625
      },
      "DKGGAAJODMB": true,
      "KEOFPMFNPLO": "",
      "MGLEAPLEHFN": {
        "_x": 30.0,
        "_y": 40.0,
        "_z": 30.0
      }
    },
    "3": {
      "$type": "KJJGLEGGNLA",
      "OKKNABIAANA": 70010006,
      "LADDMKIFPGM": {
        "_x": 23.184659957885742,
        "_y": 200.97799682617188,
        "_z": 306.92779541015625
      },
      "NLIDOGBDDGM": {
        "_x": 8.270000457763672,
        "_y": 195.0,
        "_z": 340.0
      },
      "DKGGAAJODMB": true,
      "KEOFPMFNPLO": "",
      "MGLEAPLEHFN": {
        "_x": 30.0,
        "_y": 40.0,
        "_z": 30.0
      }
    },
    "4": {
      "$type": "KJJGLEGGNLA",
      "OKKNABIAANA": 70010006,
      "LADDMKIFPGM": {
        "_x": 607.2567749023438,
        "_y": 125.6011962890625,
        "_z": 363.15289306640625
      },
      "MBNFCMGJHAE": {
        "_y": 349.16558837890625
      },
      "NLIDOGBDDGM": {
        "_x": 623.0,
        "_y": 128.0,
        "_z": 342.0
      },
      "AALAENIJCGC": {
        "_y": 120.0
      },
      "DKGGAAJODMB": true,
      "KEOFPMFNPLO": "",
      "MGLEAPLEHFN": {
        "_x": 50.0,
        "_y": 50.0,
        "_z": 50.0
      }
    },
    "5": {
      "$type": "KJJGLEGGNLA",
      "OKKNABIAANA": 70010006,
      "LADDMKIFPGM": {
        "_x": 658.0216064453125,
        "_y": 114.66449737548828,
        "_z": 478.11309814453125
      },
      "MBNFCMGJHAE": {
        "_x": 1.320876955986023,
        "_y": 2.1114590167999268,
        "_z": 359.2484130859375
      },
      "NLIDOGBDDGM": {
        "_x": 657.0,
        "_y": 115.0,
        "_z": 479.0
      },
      "AALAENIJCGC": {
        "_y": -60.0
      },
      "DKGGAAJODMB": true,
      "KEOFPMFNPLO": "",
      "MGLEAPLEHFN": {
        "_x": 20.0,
        "_y": 20.0,
        "_z": 20.0
      }
    },
    "6": {
      "$type": "HAMECKLBPHA",
      "OKKNABIAANA": 70010006,
      "LADDMKIFPGM": {
        "_x": 613.2202758789062,
        "_y": 114.59600067138672,
        "_z": 496.77978515625
      },
      "NLIDOGBDDGM": {
        "_x": 600.0,
        "_y": 115.0,
        "_z": 506.0
      },
      "AALAENIJCGC": {
        "_y": -76.0
      },
      "DKGGAAJODMB": true,
      "KEOFPMFNPLO": "",
      "MGLEAPLEHFN": {
        "_x": 30.0,
        "_y": 25.0,
        "_z": 30.0
      }
    },
    "7": {
      "$type": "HAMECKLBPHA",
      "OKKNABIAANA": 70010006,
      "LADDMKIFPGM": {
        "_x": 449.2384948730469,
        "_y": 161.53219604492188,
        "_z": 506.9151916503906
      },
      "NLIDOGBDDGM": {
        "_x": 429.0439758300781,
        "_y": 161.24713134765625,
        "_z": 513.07080078125
      },
      "DKGGAAJODMB": true,
      "KEOFPMFNPLO": "",
      "MGLEAPLEHFN": {
        "_x": 30.0,
        "_y": 30.0,
        "_z": 30.0
      }
    },
    "8": {
      "$type": "HAMECKLBPHA",
      "OKKNABIAANA": 70010006,
      "LADDMKIFPGM": {
        "_x": 427.206787109375,
        "_y": 159.98159790039062,
        "_z": 528.4650268554688
      },
      "NLIDOGBDDGM": {
        "_x": 427.206787109375,
        "_y": 159.98159790039062,
        "_z": 528.4650268554688
      },
      "DKGGAAJODMB": true,
      "KEOFPMFNPLO": "",
      "MGLEAPLEHFN": {
        "_x": 40.0,
        "_y": 30.0,
        "_z": 20.0
      }
    },
    "9": {
      "$type": "KJJGLEGGNLA",
      "OKKNABIAANA": 70010006,
      "LADDMKIFPGM": {
        "_x": 427.4482116699219,
        "_y": 159.12539672851562,
        "_z": 525.8541259765625
      },
      "NLIDOGBDDGM": {
        "_x": 428.6701965332031,
        "_y": 158.89981079101562,
        "_z": 528.5631713867188
      },
      "DKGGAAJODMB": true,
      "KEOFPMFNPLO": "",
      "MGLEAPLEHFN": {
        "_x": 25.0,
        "_y": 30.0,
        "_z": 25.0
      }
    }
  },
  "OIIHDBGDNKL": {
    "1": {
      "$type": "MBIKCEBOCKA",
      "OKKNABIAANA": 70010006,
      "LADDMKIFPGM": {
        "_x": 9.396129608154297,
        "_y": 182.9344024658203,
        "_z": 357.8487854003906
      },
      "NLIDOGBDDGM": {
        "_x": 23.0,
        "_y": 200.0,
        "_z": 306.0
      },
      "DKGGAAJODMB": true,
      "KEOFPMFNPLO": "",
      "DFEBCOOIEHF": 200.0,
      "MPBBCDDFGKO": "DeadRegion",
      "HPDFOLLGBKL": {
        "$type": "BHMDEDHPEFH",
        "EAIPPAJKGFO": true,
        "NEBDNCNFDJC": 10.0,
        "LDMENJHNDON": "Center",
        "ACIIKIJKEHO": 200.0,
        "IGNNLKPCNOI": 200.0
      },
      "HMDGKCKKKNN": ""
    },
    "10": {
      "$type": "MBIKCEBOCKA",
      "OKKNABIAANA": 70010006,
      "LADDMKIFPGM": {
        "_x": 515.4099731445312,
        "_y": 131.58999633789062,
        "_z": 484.79998779296875
      },
      "NLIDOGBDDGM": {
        "_x": 512.674072265625,
        "_y": 142.2030487060547,
        "_z": 487.4372863769531
      },
      "DKGGAAJODMB": true,
      "KEOFPMFNPLO": "",
      "MPBBCDDFGKO": "DeadRegion",
      "HPDFOLLGBKL": {
        "$type": "BHMDEDHPEFH",
        "EAIPPAJKGFO": true,
        "NEBDNCNFDJC": 8.0,
        "LDMENJHNDON": "Center",
        "ACIIKIJKEHO": 23.0,
        "IGNNLKPCNOI": 23.0
      },
      "HMDGKCKKKNN": ""
    },
    "11": {
      "$type": "MBIKCEBOCKA",
      "OKKNABIAANA": 70010006,
      "LADDMKIFPGM": {
        "_x": 512.1900024414062,
        "_y": 134.72999572753906,
        "_z": 484.79998779296875
      },
      "NLIDOGBDDGM": {
        "_x": 512.674072265625,
        "_y": 142.2030487060547,
        "_z": 487.4372863769531
      },
      "DKGGAAJODMB": true,
      "KEOFPMFNPLO": "",
      "MPBBCDDFGKO": "DeadRegion",
      "HPDFOLLGBKL": {
        "$type": "BHMDEDHPEFH",
        "EAIPPAJKGFO": true,
        "NEBDNCNFDJC": 8.0,
        "LDMENJHNDON": "Center",
        "ACIIKIJKEHO": 23.0,
        "IGNNLKPCNOI": 23.0
      },
      "HMDGKCKKKNN": ""
    },
    "12": {
      "$type": "MBIKCEBOCKA",
      "OKKNABIAANA": 70010006,
      "LADDMKIFPGM": {
        "_x": 508.0199890136719,
        "_y": 138.88999938964844,
        "_z": 488.1300048828125
      },
      "NLIDOGBDDGM": {
        "_x": 512.674072265625,
        "_y": 142.2030487060547,
        "_z": 487.4372863769531
      },
      "DKGGAAJODMB": true,
      "KEOFPMFNPLO": "",
      "MPBBCDDFGKO": "DeadRegion",
      "HPDFOLLGBKL": {
        "$type": "BHMDEDHPEFH",
        "EAIPPAJKGFO": true,
        "NEBDNCNFDJC": 8.0,
        "LDMENJHNDON": "Center",
        "ACIIKIJKEHO": 23.0,
        "IGNNLKPCNOI": 23.0
      },
      "HMDGKCKKKNN": ""
    },
    "13": {
      "$type": "MBIKCEBOCKA",
      "OKKNABIAANA": 70010006,
      "LADDMKIFPGM": {
        "_x": 500.989990234375,
        "_y": 141.38999938964844,
        "_z": 488.1300048828125
      },
      "NLIDOGBDDGM": {
        "_x": 512.674072265625,
        "_y": 142.2030487060547,
        "_z": 487.4372863769531
      },
      "DKGGAAJODMB": true,
      "KEOFPMFNPLO": "",
      "MPBBCDDFGKO": "DeadRegion",
      "HPDFOLLGBKL": {
        "$type": "BHMDEDHPEFH",
        "EAIPPAJKGFO": true,
        "NEBDNCNFDJC": 8.0,
        "LDMENJHNDON": "Center",
        "ACIIKIJKEHO": 23.0,
        "IGNNLKPCNOI": 23.0
      },
      "HMDGKCKKKNN": ""
    },
    "2": {
      "$type": "MBIKCEBOCKA",
      "OKKNABIAANA": 70010006,
      "LADDMKIFPGM": {
        "_x": 544.7686157226562,
        "_y": 102.70999908447266,