{
  "NMLGOIJIDMO": {
    "1": {
      "$type": "FHNGLBIHCJO",
      "OKKNABIAANA": 70120004,
      "LADDMKIFPGM": {
        "_x": 499.985595703125,
        "_y": 612.2706909179688,
        "_z": -1569.239013671875
      },
      "NLIDOGBDDGM": {
        "_x": -1.3307570219039917,
        "_y": -7.232944965362549,
        "_z": 93.71742248535156
      },
      "KEOFPMFNPLO": "",
      "MGLEAPLEHFN": {
        "_x": 3.0,
        "_y": 3.0,
        "_z": 3.0
      }
    },
    "2": {
      "$type": "KJJGLEGGNLA",
      "OKKNABIAANA": 70310387,
      "LADDMKIFPGM": {
        "_x": 229.46290588378906,
        "_y": 637.7000122070312,
        "_z": -1709.155029296875
      },
      "MBNFCMGJHAE": {
        "_y": 148.77149963378906
      },
      "NLIDOGBDDGM": {
        "_x": 232.0,
        "_y": 637.0,
        "_z": -1714.0
      },
      "DKGGAAJODMB": true,
      "KEOFPMFNPLO": "",
      "MGLEAPLEHFN": {
        "_x": 10.0,
        "_y": 10.0,
        "_z": 10.0
      }
    },
    "3": {
      "$type": "KJJGLEGGNLA",
      "OKKNABIAANA": 70310387,
      "LADDMKIFPGM": {
        "_x": 463.85211181640625,
        "_y": 612.77001953125,
        "_z": -1609.843017578125
      },
      "MBNFCMGJHAE": {
        "_y": 242.74620056152344
      },
      "NLIDOGBDDGM": {
        "_x": 454.0,
        "_y": 612.0,
        "_z": -1612.0
      },
      "DKGGAAJODMB": true,
      "KEOFPMFNPLO": "",
      "MGLEAPLEHFN": {
        "_x": 10.0,
        "_y": 10.0,
        "_z": 10.0
      }
    },
    "4": {
      "$type": "KJJGLEGGNLA",
      "OKKNABIAANA": 70310387,
      "LADDMKIFPGM": {
        "_x": 315.67401123046875,
        "_y": 625.3599853515625,
        "_z": -1656.927978515625
      },
      "MBNFCMGJHAE": {
        "_y": 151.11419677734375
      },
      "NLIDOGBDDGM": {
        "_x": 318.0,
        "_y": 625.0,
        "_z": -1662.0
      },
      "KEOFPMFNPLO": "",
      "MGLEAPLEHFN": {
        "_x": 15.0,
        "_y": 15.0,
        "_z": 35.0
      }
    }
  },
  "OIIHDBGDNKL": {
    "1": {
      "$type": "MBIKCEBOCKA",
      "OKKNABIAANA": 70010006,
      "LADDMKIFPGM": {
        "_x": 233.82369995117188,
        "_y": 607.9987182617188,
        "_z": -1718.9949951171875
      },
      "MBNFCMGJHAE": {
        "_y": 327.2862854003906
      },
      "NLIDOGBDDGM": {
        "_x": 452.0,
        "_y": 613.0,
        "_z": -1615.0
      },
      "DKGGAAJODMB": true,
      "KEOFPMFNPLO": "",
      "DFEBCOOIEHF": 200.0,
      "MPBBCDDFGKO": "DeadRegion",
      "HPDFOLLGBKL": {
        "$type": "BHMDEDHPEFH",
        "EAIPPAJKGFO": true,
        "NEBDNCNFDJC": 10.0,
        "LDMENJHNDON": "Center",
        "ACIIKIJKEHO": 200.0,
        "IGNNLKPCNOI": 200.0
      },
      "HMDGKCKKKNN": ""
    },
    "2": {
      "$type": "MBIKCEBOCKA",
      "OKKNABIAANA": 70010006,
      "LADDMKIFPGM": {
        "_x": 363.47979736328125,
        "_y": 580.8363037109375,
        "_z": -1635.7130126953125
      },
      "MBNFCMGJHAE": {
        "_y": 327.2862854003906
      },
      "NLIDOGBDDGM": {
        "_x": 452.0,
        "_y": 613.0,
        "_z": -1615.0
      },
      "DKGGAAJODMB": true,
      "KEOFPMFNPLO": "",
      "DFEBCOOIEHF": 200.0,
      "MPBBCDDFGKO": "DeadRegion",
      "HPDFOLLGBKL": {
        "$type": "BHMDEDHPEFH",
        "EAIPPAJKGFO": true,
        "NEBDNCNFDJC": 10.0,
        "LDMENJHNDON": "Center",
        "ACIIKIJKEHO": 200.0,
        "IGNNLKPCNOI": 200.0
      },
      "HMDGKCKKKNN": ""
    },
    "3": {
      "$type": "MBIKCEBOCKA",
      "OKKNABIAANA": 70010006,
      "LADDMKIFPGM": {
        "_x": 271.3297119140625,
        "_y": 642.9987182617188,
        "_z": -1814.7120361328125
      },
      "MBNFCMGJHAE": {
        "_y": 327.2862854003906
      },
      "NLIDOGBDDGM": {
        "_x": 452.0,
        "_y": 613.0,
        "_z": -1615.0
      },
      "DKGGAAJODMB": true,
      "KEOFPMFNPLO": "",
      "DFEBCOOIEHF": 1000.0,
      "MPBBCDDFGKO": "DeadRegion",
      "HPDFOLLGBKL": {
        "$type": "BHMDEDHPEFH",
        "EAIPPAJKGFO": true,
        "NEBDNCNFDJC": 100.0,
        "LDMENJHNDON": "Center",
        "ACIIKIJKEHO": 1000.0,
        "IGNNLKPCNOI": 1.0
      },
      "HMDGKCKKKNN": ""
    },
    "4": {
      "$type": "MBIKCEBOCKA",
      "OKKNABIAANA": 70010006,
      "LADDMKIFPGM": {
        "_x": 69.88838958740234,
        "_y": 603.4838256835938,
        "_z": -1824.2950439453125
      },
      "MBNFCMGJHAE": {
        "_y": 327.2862854003906
      },
      "NLIDOGBDDGM": {
        "_x": 452.0,
        "_y": 613.0,
        "_z": -1615.0
      },
      "DKGGAAJODMB": true,
      "KEOFPMFNPLO": "",
      "DFEBCOOIEHF": 300.0,
      "MPBBCDDFGKO": "DeadRegion",
      "HPDFOLLGBKL": {
        "$type": "BHMDEDHPEFH",
        "EAIPPAJKGFO": true,
        "NEBDNCNFDJC": 10.0,
        "LDMENJHNDON": "Center",
        "ACIIKIJKEHO": 200.0,
        "IGNNLKPCNOI": 200.0
      },
      "HMDGKCKKKNN": ""
    },
    "5": {
      "$type": "MBIKCEBOCKA",
      "OKKNABIAANA": 70010006,
      "LADDMKIFPGM": {
        "_x": 174.46490478515625,
        "_y": 642.9987182617188,
        "_z": -1663.9090576171875
      },
      "MBNFCMGJHAE": {
        "_y": 327.2862854003906
      },
      "NLIDOGBDDGM": {
        "_x": 452.0,
        "_y": 613.0,
        "_z": -1615.0
      },
      "DKGGAAJODMB": true,
      "KEOFPMFNPLO": "",
      "DFEBCOOIEHF": 1000.0,
      "MPBBCDDFGKO": "DeadRegion",
      "HPDFOLLGBKL": {
        "$type": "BHMDEDHPEFH",
        "EAIPPAJKGFO": true,
        "NEBDNCNFDJC": 100.0,
        "LDMENJHNDON": "Center",
        "ACIIKIJKEHO": 1000.0,
        "IGNNLKPCNOI": 1.0
      },
      "HMDGKCKKKNN": ""
    }
  },
  "AGHEGEFDJOA": {}
}