{
    "MHHCMJDEEJK": {
        "1": {
            "$type": "IMFONKLKLOK",
            "gadgetId": 70120004,
            "musicSubStates": {
                "x": 367.13531494140625,
                "y": -20.169530868530273,
                "z": 173.64990234375
            },
            "rot": {
                "y": 89.64209747314453
            },
            "unlocked": true,
            "alias": "",
            "size": {
                "x": 5.0,
                "y": 5.0,
                "z": 5.0
            }
        }
    },
    "AFLIBNAHANB": {}
}