{
    "NMLGOIJIDMO": {
        "1": {
            "$type": "FHNGLBIHCJO",
            "gadgetId": 70120004,
            "pos": {
                "x": 11.837240219116211,
                "y": 7.312163829803467,
                "z": -66.3131103515625
            },
            "unlocked": true,
            "alias": "",
            "musicSubStates": {
                "x": 5.0,
                "y": 5.0,
                "z": 5.0
            }
        }
    },
    "AGHEGEFDJOA": {}
}