{
    "NMLGOIJIDMO": {
        "1": {
            "$type": "CMNLBNELOAO",
            "OKKNABIAANA": 70010002,
            "LADDMKIFPGM": {
                "x": 15.380390167236328,
                "y": 0.1909734010696411,
                "z": 0.4082416892051697
            },
            "NLIDOGBDDGM": {
                "x": 2201.60009765625,
                "y": 455.79998779296875,
                "z": 4569.7998046875
            },
            "AALAENIJCGC": {
                "y": 90.0
            },
            "DKGGAAJODMB": true,
            "KEOFPMFNPLO": "",
            "CANCGDNOKLN": 3,
            "AOKNILCKJGO": "UI_SCENE_ENTRY_EXIT_Fdck",
            "ILJGBEDCHJH": {
                "x": 3.0,
                "y": 3.0,
                "z": 3.0
            },
            "NENGJNNAAPG": 24.0
        }
    },
    "AGHEGEFDJOA": {}
}