{
  "NMLGOIJIDMO": {
    "1": {
      "$type": "HAMECKLBPHA",
      "OKKNABIAANA": 70010006,
      "LADDMKIFPGM": {
        "_x": 20.755859375,
        "_y": 37.63711929321289,
        "_z": 67.12989807128906
      },
      "NLIDOGBDDGM": {
        "_x": 22.150480270385742,
        "_y": 36.601741790771484,
        "_z": 67.1119155883789
      },
      "DKGGAAJODMB": true,
      "KEOFPMFNPLO": "",
      "MGLEAPLEHFN": {
        "_x": 4.0,
        "_y": 3.0,
        "_z": 6.0
      }
    },
    "10": {
      "$type": "HAMECKLBPHA",
      "OKKNABIAANA": 70010006,
      "LADDMKIFPGM": {
        "_x": 93.24073028564453,
        "_y": 80.79163360595703,
        "_z": -35.016990661621094
      },
      "MBNFCMGJHAE": {
        "_y": 270.0
      },
      "NLIDOGBDDGM": {
        "_x": 93.73858642578125,
        "_y": 80.7916259765625,
        "_z": -34.693748474121094
      },
      "AALAENIJCGC": {
        "_y": 270.0
      },
      "DKGGAAJODMB": true,
      "KEOFPMFNPLO": "",
      "MGLEAPLEHFN": {
        "_x": 12.0,
        "_y": 3.0,
        "_z": 12.0
      }
    },
    "11": {
      "$type": "HAMECKLBPHA",
      "OKKNABIAANA": 70010006,
      "LADDMKIFPGM": {
        "_x": 57.933929443359375,
        "_y": 80.95958709716797,
        "_z": 2.824160099029541
      },
      "MBNFCMGJHAE": {
        "_y": 270.0
      },
      "NLIDOGBDDGM": {
        "_x": 59.08735275268555,
        "_y": 80.95958709716797,
        "_z": 3.024813652038574
      },
      "DKGGAAJODMB": true,
      "KEOFPMFNPLO": "",
      "MGLEAPLEHFN": {
        "_x": 6.0,
        "_y": 3.0,
        "_z": 12.0
      }
    },
    "12": {
      "$type": "KJJGLEGGNLA",
      "OKKNABIAANA": 70010006,
      "LADDMKIFPGM": {
        "_x": -47.19070053100586,
        "_y": 85.1859130859375,
        "_z": -41.010108947753906
      },
      "MBNFCMGJHAE": {
        "_y": 90.0
      },
      "NLIDOGBDDGM": {
        "_x": -47.00503158569336,
        "_y": 84.15206146240234,
        "_z": -39.6359977722168
      },
      "AALAENIJCGC": {
        "_y": 90.0
      },
      "DKGGAAJODMB": true,
      "KEOFPMFNPLO": "",
      "MGLEAPLEHFN": {
        "_x": 4.0,
        "_y": 3.0,
        "_z": 10.0
      }
    },
    "13": {
      "$type": "KJJGLEGGNLA",
      "OKKNABIAANA": 70010006,
      "LADDMKIFPGM": {
        "_x": 58.177608489990234,
        "_y": 80.90247344970703,
        "_z": 3.05887508392334
      },
      "MBNFCMGJHAE": {
        "_y": 270.0
      },
      "NLIDOGBDDGM": {
        "_x": 58.1776123046875,
        "_y": 80.90247344970703,
        "_z": 3.05887508392334
      },
      "AALAENIJCGC": {
        "_y": 270.0
      },
      "DKGGAAJODMB": true,
      "KEOFPMFNPLO": "",
      "MGLEAPLEHFN": {
        "_x": 4.0,
        "_y": 3.0,
        "_z": 15.0
      }
    },
    "14": {
      "$type": "HAMECKLBPHA",
      "OKKNABIAANA": 70010006,
      "LADDMKIFPGM": {
        "_x": -20.94346046447754,
        "_y": 36.684608459472656,
        "_z": 68.98771667480469
      },
      "MBNFCMGJHAE": {
        "_y": 90.0
      },
      "NLIDOGBDDGM": {
        "_x": -27.5112361907959,
        "_y": 36.68461227416992,
        "_z": 66.31661224365234
      },
      "AALAENIJCGC": {
        "_y": 90.0
      },
      "DKGGAAJODMB": true,
      "KEOFPMFNPLO": "",
      "MGLEAPLEHFN": {
        "_x": 25.0,
        "_y": 10.0,
        "_z": 25.0
      }
    },
    "16": {
      "$type": "KJJGLEGGNLA",
      "OKKNABIAANA": 70010006,
      "LADDMKIFPGM": {
        "_x": 39.08858871459961,
        "_y": 74.10527801513672,
        "_z": -64.91069030761719
      },
      "MBNFCMGJHAE": {
        "_y": 90.0
      },
      "NLIDOGBDDGM": {
        "_x": 39.08858871459961,
        "_y": 74.10527801513672,
        "_z": -64.91069030761719
      },
      "AALAENIJCGC": {
        "_y": 90.0
      },
      "DKGGAAJODMB": true,
      "KEOFPMFNPLO": "",
      "MGLEAPLEHFN": {
        "_x": 15.0,
        "_y": 5.0,
        "_z": 15.0
      }
    },
    "2": {
      "$type": "HAMECKLBPHA",
      "OKKNABIAANA": 70010006,
      "LADDMKIFPGM": {
        "_x": 2.769351005554199,
        "_y": 49.0536003112793,
        "_z": 87.18916320800781
      },
      "NLIDOGBDDGM": {
        "_x": 2.694694757461548,
        "_y": 49.05360412597656,
        "_z": 87.30699157714844
      },
      "DKGGAAJODMB": true,
      "KEOFPMFNPLO": "",
      "MGLEAPLEHFN": {
        "_x": 10.0,
        "_y": 3.0,
        "_z": 4.0
      }
    },
    "3": {
      "$type": "HAMECKLBPHA",
      "OKKNABIAANA": 70010006,
      "LADDMKIFPGM": {
        "_x": 2.567518949508667,
        "_y": 59.300350189208984,
        "_z": 55.42169189453125
      },
      "MBNFCMGJHAE": {
        "_y": 180.0
      },
      "NLIDOGBDDGM": {
        "_x": 2.567518949508667,
        "_y": 59.30034637451172,
        "_z": 55.42169189453125
      },
      "AALAENIJCGC": {
        "_y": 180.0
      },
      "DKGGAAJODMB": true,
      "KEOFPMFNPLO": "",
      "MGLEAPLEHFN": {
        "_x": 8.0,
        "_y": 3.0,
        "_z": 4.0
      }
    },
    "4": {
      "$type": "HAMECKLBPHA",
      "OKKNABIAANA": 70010006,
      "LADDMKIFPGM": {
        "_x": 2.725430965423584,
        "_y": 56.509830474853516,
        "_z": 15.449549674987793
      },
      "NLIDOGBDDGM": {
        "_x": 2.725430965423584,
        "_y": 56.50983428955078,
        "_z": 10.161252975463867
      },
      "AALAENIJCGC": {
        "_y": 180.0
      },
      "DKGGAAJODMB": true,
      "KEOFPMFNPLO": "",
      "MGLEAPLEHFN": {
        "_x": 12.0,
        "_y": 3.0,
        "_z": 4.0
      }
    },
    "5": {
      "$type": "HAMECKLBPHA",
      "LADDMKIFPGM": {
        "_x": -35.30080032348633,
        "_y": 57.18333053588867,
        "_z": -10.753219604492188
      },
      "MBNFCMGJHAE": {
        "_y": 270.0
      },
      "NLIDOGBDDGM": {
        "_x": -35.30079650878906,
        "_y": 57.18333435058594,
        "_z": -10.753223419189453
      },
      "AALAENIJCGC": {
        "_y": 270.0
      },
      "DKGGAAJODMB": true,
      "KEOFPMFNPLO": "",
      "MGLEAPLEHFN": {
        "_x": 4.0,
        "_y": 3.0,
        "_z": 6.0
      }
    },
    "6": {
      "$type": "HAMECKLBPHA",
      "OKKNABIAANA": 70010006,
      "LADDMKIFPGM": {
        "_x": -65.37288665771484,
        "_y": 56.03799819946289,
        "_z": 5.421611785888672
      },
      "MBNFCMGJHAE": {
        "_y": 180.0
      },
      "NLIDOGBDDGM": {
        "_x": -65.49131774902344,
        "_y": 56.038002014160156,
        "_z": 4.881417751312256
      },
      "AALAENIJCGC": {
        "_y": 180.0
      },
      "DKGGAAJODMB": true,
      "KEOFPMFNPLO": "",
      "MGLEAPLEHFN": {
        "_x": 6.0,
        "_y": 3.0,
        "_z": 3.0
      }
    },
    "7": {
      "$type": "HAMECKLBPHA",
      "OKKNABIAANA": 70010006,
      "LADDMKIFPGM": {
        "_x": -48.82020950317383,
        "_y": 67.64053344726562,
        "_z": -10.40641975402832
      },
      "MBNFCMGJHAE": {
        "_y": 90.0
      },
      "NLIDOGBDDGM": {
        "_x": -48.82020950317383,
        "_y": 67.6405258178711,
        "_z": -10.40641975402832
      },
      "AALAENIJCGC": {
        "_y": 90.0
      },
      "DKGGAAJODMB": true,
      "KEOFPMFNPLO": "",
      "MGLEAPLEHFN": {
        "_x": 4.0,
        "_y": 3.0,
        "_z": 8.0
      }
    },
    "8": {
      "$type": "HAMECKLBPHA",
      "OKKNABIAANA": 70010006,
      "LADDMKIFPGM": {
        "_x": -33.379669189453125,
        "_y": 83.78378295898438,
        "_z": -54.01156997680664
      },
      "MBNFCMGJHAE": {
        "_y": 180.0
      },
      "NLIDOGBDDGM": {
        "_x": -33.379669189453125,
        "_y": 83.78377532958984,
        "_z": -53.43153762817383
      },
      "AALAENIJCGC": {
        "_y": 180.0
      },
      "DKGGAAJODMB": true,
      "KEOFPMFNPLO": "",
      "MGLEAPLEHFN": {
        "_x": 6.0,
        "_y": 3.0,
        "_z": 4.0
      }
    },
    "9": {
      "$type": "HAMECKLBPHA",
      "OKKNABIAANA": 70010006,
      "LADDMKIFPGM": {
        "_x": 39.07954025268555,