{
    "MHHCMJDEEJK": {
        "1": {
            "$type": "KELLAPAEBON",
            "gadgetId": 70010006,
            "musicSubStates": {
                "x": 3530.867919921875,
                "y": 470.2976989746094,
                "z": 3599.153076171875
            },
            "rot": {
                "y": 317.9299011230469
            },
            "tranPos": {
                "x": 3528.648681640625,
                "y": 470.29766845703125,
                "z": 3599.152587890625
            },
            "alias": "",
            "isActive": true,
            "ODHLPHFOKEO": "Mirror"
        },
        "2": {
            "$type": "CDBLFNAFLBC",
            "gadgetId": 70010006,
            "musicSubStates": {
                "x": 3413.741943359375,
                "y": 463.0205078125,
                "z": 3723.097900390625
            },
            "rot": {
                "y": 321.4039001464844
            },
            "tranPos": {
                "x": 3414.6005859375,
                "y": 463.0205383300781,
                "z": 3722.589111328125
            },
            "tranRot": {
                "y": 309.13665771484375
            },
            "alias": "",
            "ABBPNCAELGI": "Never",
            "HLMHGBIHKHE": "",
            "PAKIFEJAGGP": [
                1188
            ],
            "KDCKIDKKGMH": {},
            "GAPEPAJOPIJ": "UI_STC_Intee_DungeonEntry",
            "HPLPDFIFDLF": "UI_Icon_Intee_Talk",
            "KIHGFODNMPP": true
        }
    },
    "AFLIBNAHANB": {}
}