{
    "MHHCMJDEEJK": {
        "1": {
            "$type": "IMFONKLKLOK",
            "gadgetId": 70120004,
            "musicSubStates": {
                "x": 15.738149642944336,
                "y": 8.36713695526123,
                "z": 89.88288879394531
            },
            "tranPos": {
                "x": 14.817688941955566,
                "y": 8.36713695526123,
                "z": 89.88288879394531
            },
            "alias": ""
        }
    },
    "AFLIBNAHANB": {}
}