{
    "MHHCMJDEEJK": {
        "2": {
            "$type": "IMFONKLKLOK",
            "gadgetId": 70120004,
            "musicSubStates": {
                "x": -0.11957009881734848,
                "y": 2.509366035461426,
                "z": -56.60118103027344
            },
            "unlocked": true,
            "alias": "",
            "size": {
                "x": 5.0,
                "y": 5.0,
                "z": 5.0
            }
        }
    },
    "AFLIBNAHANB": {}
}