{
    "MHHCMJDEEJK": {
        "1": {
            "$type": "FJJLNKPMCOD",
            "gadgetId": 70010002,
            "areaId": 1077,
            "musicSubStates": {
                "x": 2.521256923675537,
                "y": -0.15460549294948578,
                "z": -1.474410057067871
            },
            "rot": {
                "y": 180.0
            },
            "tranPos": {
                "x": -2014.0518798828125,
                "y": 300.3475036621094,
                "z": 4106.9140625
            },
            "tranRot": {
                "y": 140.0
            },
            "unlocked": true,
            "alias": "",
            "EHENHAJEEON": 3,
            "GAPEPAJOPIJ": "UI_SCENE_ENTRY_EXIT_Chunzhangjia",
            "EFECFJDOEDL": {
                "x": 3.0,
                "y": 3.0,
                "z": 3.0
            },
            "GEPLFOACGLH": 24.0
        }
    },
    "AFLIBNAHANB": {}
}