{
    "KCHJLAHIGAD": {
        "1": {
            "$type": "FPKKHCHCHPP",
            "gadgetId": 70120004,
            "pos": {
                "x": 0.23419159650802612,
                "y": 2.907599925994873,
                "z": -79.80471801757812
            },
            "unlocked": true,
            "alias": "",
            "size": {
                "x": 5.0,
                "y": 5.0,
                "z": 5.0
            }
        }
    },
    "APCJABIOJLB": {}
}