{
  "NMLGOIJIDMO": {
    "1": {
      "$type": "KJJGLEGGNLA",
      "OKKNABIAANA": 70120003,
      "LADDMKIFPGM": {
        "_x": 338.2182922363281,
        "_y": -28.00489044189453,
        "_z": 472.5708923339844
      },
      "MBNFCMGJHAE": {
        "_y": 90.6624984741211
      },
      "DKGGAAJODMB": true,
      "KEOFPMFNPLO": "",
      "MGLEAPLEHFN": {
        "_x": 10.0,
        "_y": 15.0,
        "_z": 30.0
      }
    },
    "2": {
      "$type": "FHNGLBIHCJO",
      "OKKNABIAANA": 70120004,
      "LADDMKIFPGM": {
        "_x": 350.91009521484375,
        "_y": -12.853280067443848,
        "_z": 250.5865936279297
      },
      "DKGGAAJODMB": true,
      "KEOFPMFNPLO": "",
      "MGLEAPLEHFN": {
        "_x": 5.0,
        "_y": 5.0,
        "_z": 5.0
      }
    },
    "3": {
      "$type": "KJJGLEGGNLA",
      "OKKNABIAANA": 70120003,
      "LADDMKIFPGM": {
        "_x": 355.4324951171875,
        "_y": -19.264270782470703,
        "_z": 355.74200439453125
      },
      "MBNFCMGJHAE": {
        "_y": 270.0
      },
      "DKGGAAJODMB": true,
      "KEOFPMFNPLO": "",
      "MGLEAPLEHFN": {
        "_x": 15.0,
        "_y": 15.0,
        "_z": 60.0
      }
    },
    "4": {
      "$type": "KJJGLEGGNLA",
      "OKKNABIAANA": 70120003,
      "LADDMKIFPGM": {
        "_x": 360.13531494140625,
        "_y": -11.353529930114746,
        "_z": 284.3756103515625
      },
      "MBNFCMGJHAE": {
        "_y": 90.0
      },
      "DKGGAAJODMB": true,
      "KEOFPMFNPLO": "",
      "MGLEAPLEHFN": {
        "_x": 10.0,
        "_y": 15.0,
        "_z": 90.0
      }
    },
    "5": {
      "$type": "HAMECKLBPHA",
      "OKKNABIAANA": 70010006,
      "LADDMKIFPGM": {
        "_x": 343.6044921875,
        "_y": -28.497180938720703,
        "_z": 444.0008850097656
      },
      "MBNFCMGJHAE": {
        "_y": 181.72470092773438
      },
      "DKGGAAJODMB": true,
      "KEOFPMFNPLO": "",
      "MGLEAPLEHFN": {
        "_x": 15.0,
        "_y": 15.0,
        "_z": 15.0
      }
    },
    "6": {
      "$type": "HAMECKLBPHA",
      "OKKNABIAANA": 70010006,
      "LADDMKIFPGM": {
        "_x": 343.6195068359375,
        "_y": -18.904399871826172,
        "_z": 363.1294860839844
      },
      "MBNFCMGJHAE": {
        "_y": 181.72470092773438
      },
      "DKGGAAJODMB": true,
      "KEOFPMFNPLO": "",
      "MGLEAPLEHFN": {
        "_x": 15.0,
        "_y": 15.0,
        "_z": 15.0
      }
    },
    "7": {
      "$type": "HAMECKLBPHA",
      "OKKNABIAANA": 70010006,
      "LADDMKIFPGM": {
        "_x": 343.227294921875,
        "_y": -11.35359001159668,
        "_z": 282.84051513671875
      },
      "MBNFCMGJHAE": {
        "_y": 181.72470092773438
      },
      "DKGGAAJODMB": true,
      "KEOFPMFNPLO": "",
      "MGLEAPLEHFN": {
        "_x": 15.0,
        "_y": 15.0,
        "_z": 15.0
      }
    }
  },
  "OIIHDBGDNKL": {
    "1": {
      "$type": "MBIKCEBOCKA",
      "OKKNABIAANA": 70010006,
      "LADDMKIFPGM": {
        "_x": 364.0943908691406,
        "_y": -65.5438232421875,
        "_z": 427.1391906738281
      },
      "DKGGAAJODMB": true,
      "KEOFPMFNPLO": "",
      "DFEBCOOIEHF": 500.0,
      "BJPHFBMFCKK": true,
      "MPBBCDDFGKO": "DeadRegion",
      "HPDFOLLGBKL": {
        "$type": "BHMDEDHPEFH",
        "EAIPPAJKGFO": true,
        "NEBDNCNFDJC": 50.0,
        "LDMENJHNDON": "Center",
        "ACIIKIJKEHO": 500.0,
        "IGNNLKPCNOI": 500.0
      },
      "HMDGKCKKKNN": ""
    },
    "2": {
      "$type": "MBIKCEBOCKA",
      "OKKNABIAANA": 70010006,
      "LADDMKIFPGM": {
        "_x": 338.9645080566406,
        "_y": -55.660160064697266,
        "_z": 439.86090087890625
      },
      "DKGGAAJODMB": true,
      "KEOFPMFNPLO": "",
      "DFEBCOOIEHF": 500.0,
      "BJPHFBMFCKK": true,
      "MPBBCDDFGKO": "NoReviveRegion",
      "HPDFOLLGBKL": {
        "$type": "BHMDEDHPEFH",
        "EAIPPAJKGFO": true,
        "NEBDNCNFDJC": 50.0,
        "LDMENJHNDON": "Center",
        "ACIIKIJKEHO": 500.0,
        "IGNNLKPCNOI": 500.0
      },
      "HMDGKCKKKNN": ""
    },
    "3": {
      "$type": "MBIKCEBOCKA",
      "OKKNABIAANA": 70010006,
      "LADDMKIFPGM": {
        "_x": 374.0765075683594,
        "_y": -24.242279052734375,
        "_z": 357.4408874511719
      },
      "NLIDOGBDDGM": {
        "_x": 390.4484558105469,
        "_y": -14.76533031463623,
        "_z": 410.0600891113281
      },
      "KEOFPMFNPLO": "",
      "MPBBCDDFGKO": "DeadRegion",
      "HPDFOLLGBKL": {
        "$type": "BHMDEDHPEFH",
        "EAIPPAJKGFO": true,
        "NEBDNCNFDJC": 100.0,
        "ACIIKIJKEHO": 30.0,
        "IGNNLKPCNOI": 100.0
      },
      "HMDGKCKKKNN": ""
    },
    "4": {
      "$type": "MBIKCEBOCKA",
      "OKKNABIAANA": 70010006,
      "LADDMKIFPGM": {
        "_x": 311.9552001953125,
        "_y": -9.70928955078125,
        "_z": 291.3288879394531
      },
      "NLIDOGBDDGM": {
        "_x": 338.36767578125,
        "_y": -10.160003662109375,
        "_z": 382.1678466796875
      },
      "KEOFPMFNPLO": "",
      "MPBBCDDFGKO": "DeadRegion",
      "HPDFOLLGBKL": {
        "$type": "BHMDEDHPEFH",
        "EAIPPAJKGFO": true,
        "NEBDNCNFDJC": 100.0,
        "ACIIKIJKEHO": 30.0,
        "IGNNLKPCNOI": 300.0
      },
      "HMDGKCKKKNN": ""
    },
    "5": {
      "$type": "MBIKCEBOCKA",
      "OKKNABIAANA": 70010006,
      "LADDMKIFPGM": {
        "_x": 382.2768859863281,
        "_y": 0.5084952712059021,
        "_z": 337.6148986816406
      },
      "NLIDOGBDDGM": {
        "_x": 364.4189147949219,
        "_y": 15.34731674194336,
        "_z": 267.85516357421875
      },
      "KEOFPMFNPLO": "",
      "MPBBCDDFGKO": "DeadRegion",
      "HPDFOLLGBKL": {
        "$type": "BHMDEDHPEFH",
        "EAIPPAJKGFO": true,
        "NEBDNCNFDJC": 100.0,
        "ACIIKIJKEHO": 40.0,
        "IGNNLKPCNOI": 100.0
      },
      "HMDGKCKKKNN": ""
    },
    "6": {
      "$type": "MBIKCEBOCKA",
      "OKKNABIAANA": 70010006,
      "LADDMKIFPGM": {
        "_x": 376.6112976074219,
        "_y": 15.347260475158691,
        "_z": 288.62451171875
      },
      "NLIDOGBDDGM": {
        "_x": 359.64080810546875,
        "_y": 15.34726333618164,
        "_z": 274.4986572265625
      },
      "KEOFPMFNPLO": "",
      "MPBBCDDFGKO": "DeadRegion",
      "HPDFOLLGBKL": {
        "$type": "BHMDEDHPEFH",
        "EAIPPAJKGFO": true,
        "NEBDNCNFDJC": 100.0,
        "ACIIKIJKEHO": 30.0,
        "IGNNLKPCNOI": 20.0
      },
      "HMDGKCKKKNN": ""
    },
    "7": {
      "$type": "MBIKCEBOCKA",
      "OKKNABIAANA": 70010006,
      "LADDMKIFPGM": {
        "_x": 344.0172119140625,
        "_y": 15.031350135803223,
        "_z": 359.412109375
      },
      "NLIDOGBDDGM": {
        "_x": 344.0172119140625,
        "_y": -9.829828262329102,
        "_z": 374.2524719238281
      },
      "KEOFPMFNPLO": "",
      "MPBBCDDFGKO": "DeadRegion",
      "HPDFOLLGBKL": {
        "$type": "BHMDEDHPEFH",
        "EAIPPAJKGFO": true,
        "NEBDNCNFDJC": 50.0,
        "ACIIKIJKEHO": 100.0,
        "IGNNLKPCNOI": 100.0
      },
      "HMDGKCKKKNN": ""
    },
    "8": {
      "$type": "MBIKCEBOCKA",
      "OKKNABIAANA": 70010006,
      "LADDMKIFPGM": {
        "_x": 381.4751892089844,
        "_y": 0.832353413105011,
        "_z": 300.95159912109375
      },
      "NLIDOGBDDGM": {
        "_x": 368.2512512207031,
        "_y": 0.832353413105011,
        "_z": 319.3396911621094
      },
      "KEOFPMFNPLO": "",
      "MPBBCDDFGKO": "DeadRegion",
      "HPDFOLLGBKL": {
        "$type": "BHMDEDHPEFH",
        "EAIPPAJKGFO": true,
        "NEBDNCNFDJC": 100.0,
        "ACIIKIJKEHO": 20.0,
        "IGNNLKPCNOI": 80.0
      },
      "HMDGKCKKKNN": ""
    },
    "9": {
      "$type": "MBIKCEBOCKA",
      "OKKNABIAANA": 70010006,
      "LADDMKIFPGM": {
        "_x": 347.2515869140625,
        "_y": 12.041830062866211,
        "_z": 289.58740234375
      },
      "NLIDOGBDDGM": {
        "_x": 365.8445739746094,
        "_y": 0.8323541879653931,