{
    "MHHCMJDEEJK": {
        "1": {
            "$type": "IMFONKLKLOK",
            "gadgetId": 70360001,
            "musicSubStates": {
                "x": 106.5636978149414,
                "y": -9.62600326538086,
                "z": 20.581480026245117
            },
            "unlocked": true,
            "alias": "",
            "size": {
                "x": 1.0,
                "y": 1.0,
                "z": 1.0
            }
        }
    },
    "AFLIBNAHANB": {}
}