{
    "MHHCMJDEEJK": {
        "1": {
            "$type": "IMFONKLKLOK",
            "gadgetId": 70120004,
            "musicSubStates": {
                "x": 0.22283640503883362,
                "y": 2.9220919609069824,
                "z": -79.87409210205078
            },
            "unlocked": true,
            "alias": "",
            "size": {
                "x": 5.0,
                "y": 5.0,
                "z": 5.0
            }
        }
    },
    "AFLIBNAHANB": {}
}