{
    "MHHCMJDEEJK": {
        "1": {
            "$type": "IMFONKLKLOK",
            "gadgetId": 70120004,
            "musicSubStates": {
                "x": 0.24466000497341156,
                "y": 2.939939022064209,
                "z": -79.96711730957031
            },
            "unlocked": true,
            "alias": "",
            "size": {
                "x": 5.0,
                "y": 5.0,
                "z": 5.0
            }
        }
    },
    "AFLIBNAHANB": {}
}