{
    "MHHCMJDEEJK": {
        "1": {
            "$type": "IMFONKLKLOK",
            "gadgetId": 70120004,
            "musicSubStates": {
                "x": 519.3179931640625,
                "y": 74.1795883178711,
                "z": 494.98779296875
            },
            "rot": {
                "y": 180.0
            },
            "unlocked": true,
            "alias": "",
            "size": {
                "x": 5.0,
                "y": 5.0,
                "z": 5.0
            }
        }
    },
    "AFLIBNAHANB": {}
}