{
  "NMLGOIJIDMO": {
    "1": {
      "$type": "FHNGLBIHCJO",
      "OKKNABIAANA": 70120004,
      "LADDMKIFPGM": {
        "_x": 56.2241096496582,
        "_y": 96.87000274658203,
        "_z": -39.25983810424805
      },
      "NLIDOGBDDGM": {
        "_x": 56.2241096496582,
        "_y": 97.02871704101562,
        "_z": -43.131561279296875
      },
      "DKGGAAJODMB": true,
      "KEOFPMFNPLO": "",
      "MGLEAPLEHFN": {
        "_x": 4.0,
        "_y": 10.0,
        "_z": 4.0
      }
    },
    "2": {
      "$type": "HAMECKLBPHA",
      "OKKNABIAANA": 70010006,
      "LADDMKIFPGM": {
        "_x": 4.957846164703369,
        "_y": 1.7587649822235107,
        "_z": 21.77496910095215
      },
      "MBNFCMGJHAE": {
        "_y": 91.8350830078125
      },
      "NLIDOGBDDGM": {
        "_x": 4.957845687866211,
        "_y": 1.673608660697937,
        "_z": 21.77496910095215
      },
      "AALAENIJCGC": {
        "_y": 91.8350830078125
      },
      "DKGGAAJODMB": true,
      "KEOFPMFNPLO": "",
      "MGLEAPLEHFN": {
        "_x": 20.0,
        "_y": 20.0,
        "_z": 30.0
      }
    },
    "3": {
      "$type": "KJJGLEGGNLA",
      "OKKNABIAANA": 70010006,
      "LADDMKIFPGM": {
        "_x": 67.2046890258789,
        "_y": 6.368313789367676,
        "_z": -9.57914924621582
      },
      "NLIDOGBDDGM": {
        "_x": 67.2046890258789,
        "_y": 6.06222677230835,
        "_z": -9.57914924621582
      },
      "AALAENIJCGC": {
        "_y": 90.0
      },
      "DKGGAAJODMB": true,
      "KEOFPMFNPLO": "",
      "MGLEAPLEHFN": {
        "_x": 10.0,
        "_y": 25.0,
        "_z": 40.0
      }
    },
    "4": {
      "$type": "HAMECKLBPHA",
      "OKKNABIAANA": 70010006,
      "LADDMKIFPGM": {
        "_x": 89.59036254882812,
        "_y": 21.180389404296875,
        "_z": -14.569259643554688
      },
      "MBNFCMGJHAE": {
        "_y": 180.0
      },
      "NLIDOGBDDGM": {
        "_x": 74.43219757080078,
        "_y": 43.9459342956543,
        "_z": -43.5408935546875
      },
      "AALAENIJCGC": {
        "_y": 180.0
      },
      "DKGGAAJODMB": true,
      "KEOFPMFNPLO": "",
      "MGLEAPLEHFN": {
        "_x": 50.0,
        "_y": 30.0,
        "_z": 50.0
      }
    },
    "5": {
      "$type": "KJJGLEGGNLA",
      "OKKNABIAANA": 70010006,
      "LADDMKIFPGM": {
        "_x": 20.894439697265625,
        "_y": 66.23944091796875,
        "_z": -102.55970001220703
      },
      "NLIDOGBDDGM": {
        "_x": 20.894439697265625,
        "_y": 59.45000457763672,
        "_z": -102.55967712402344
      },
      "DKGGAAJODMB": true,
      "KEOFPMFNPLO": "",
      "MGLEAPLEHFN": {
        "_x": 40.0,
        "_y": 10.0,
        "_z": 40.0
      }
    },
    "6": {
      "$type": "KJJGLEGGNLA",
      "OKKNABIAANA": 70010006,
      "LADDMKIFPGM": {
        "_x": 32.80215835571289,
        "_y": 99.8270263671875,
        "_z": -70.4376220703125
      },
      "NLIDOGBDDGM": {
        "_x": 56.2210693359375,
        "_y": 97.31526184082031,
        "_z": -66.31303405761719
      },
      "DKGGAAJODMB": true,
      "KEOFPMFNPLO": "",
      "MGLEAPLEHFN": {
        "_x": 50.0,
        "_y": 30.0,
        "_z": 50.0
      }
    },
    "7": {
      "$type": "KJJGLEGGNLA",
      "OKKNABIAANA": 70010006,
      "LADDMKIFPGM": {
        "_x": 77.78315734863281,
        "_y": 39.20777893066406,
        "_z": -28.182199478149414
      },
      "NLIDOGBDDGM": {
        "_x": 74.63700103759766,
        "_y": 44.60300064086914,
        "_z": -38.380001068115234
      },
      "AALAENIJCGC": {
        "_y": 180.0
      },
      "DKGGAAJODMB": true,
      "KEOFPMFNPLO": "",
      "MGLEAPLEHFN": {
        "_x": 50.0,
        "_y": 10.0,
        "_z": 50.0
      }
    }
  },
  "OIIHDBGDNKL": {
    "1": {
      "$type": "MBIKCEBOCKA",
      "OKKNABIAANA": 70010006,
      "LADDMKIFPGM": {
        "_x": 13.862480163574219,
        "_y": -8.336251258850098,
        "_z": 18.871580123901367
      },
      "NLIDOGBDDGM": {
        "_x": 33.996551513671875,
        "_y": -10.90000057220459,
        "_z": 18.87158203125
      },
      "DKGGAAJODMB": true,
      "KEOFPMFNPLO": "",
      "MPBBCDDFGKO": "DeadRegion",
      "HPDFOLLGBKL": {
        "$type": "BHMDEDHPEFH",
        "EAIPPAJKGFO": true,
        "NEBDNCNFDJC": 5.0,
        "LDMENJHNDON": "Center",
        "ACIIKIJKEHO": 65.0,
        "IGNNLKPCNOI": 20.0
      },
      "HMDGKCKKKNN": ""
    },
    "2": {
      "$type": "MBIKCEBOCKA",
      "OKKNABIAANA": 70010006,
      "LADDMKIFPGM": {
        "_x": 94.86353302001953,
        "_y": 40.186378479003906,
        "_z": -48.52077102661133
      },
      "NLIDOGBDDGM": {
        "_x": 73.63946533203125,
        "_y": 43.970680236816406,
        "_z": -50.639564514160156
      },
      "DKGGAAJODMB": true,
      "KEOFPMFNPLO": "",
      "MPBBCDDFGKO": "DeadRegion",
      "HPDFOLLGBKL": {
        "$type": "BHMDEDHPEFH",
        "EAIPPAJKGFO": true,
        "NEBDNCNFDJC": 5.0,
        "LDMENJHNDON": "Center",
        "ACIIKIJKEHO": 30.0,
        "IGNNLKPCNOI": 80.0
      },
      "HMDGKCKKKNN": ""
    },
    "3": {
      "$type": "MBIKCEBOCKA",
      "OKKNABIAANA": 70010006,
      "LADDMKIFPGM": {
        "_x": 54.97235870361328,
        "_y": 40.2115592956543,
        "_z": -46.530399322509766
      },
      "NLIDOGBDDGM": {
        "_x": 73.63946533203125,
        "_y": 43.970680236816406,
        "_z": -50.639564514160156
      },
      "DKGGAAJODMB": true,
      "KEOFPMFNPLO": "",
      "MPBBCDDFGKO": "DeadRegion",
      "HPDFOLLGBKL": {
        "$type": "BHMDEDHPEFH",
        "EAIPPAJKGFO": true,
        "NEBDNCNFDJC": 5.0,
        "LDMENJHNDON": "Center",
        "ACIIKIJKEHO": 30.0,
        "IGNNLKPCNOI": 80.0
      },
      "HMDGKCKKKNN": ""
    },
    "4": {
      "$type": "MBIKCEBOCKA",
      "OKKNABIAANA": 70010006,
      "LADDMKIFPGM": {
        "_x": 72.20455932617188,
        "_y": 40.10564041137695,
        "_z": -73.2081069946289
      },
      "NLIDOGBDDGM": {
        "_x": 73.63947296142578,
        "_y": 43.970680236816406,
        "_z": -50.63956069946289
      },
      "DKGGAAJODMB": true,
      "KEOFPMFNPLO": "",
      "MPBBCDDFGKO": "DeadRegion",
      "HPDFOLLGBKL": {
        "$type": "BHMDEDHPEFH",
        "EAIPPAJKGFO": true,
        "NEBDNCNFDJC": 5.0,
        "LDMENJHNDON": "Center",
        "ACIIKIJKEHO": 30.0,
        "IGNNLKPCNOI": 20.0
      },
      "HMDGKCKKKNN": ""
    }
  },
  "AGHEGEFDJOA": {}
}