{
    "JEKPPCMCDDL": {
        "1": {
            "$type": "LKKBANOPKNL",
            "gadgetId": 70360001,
            "pos": {
                "x": 105.7947006225586,
                "y": -9.635442733764648,
                "z": 19.9083194732666
            },
            "unlocked": true,
            "alias": "",
            "DMIKDAOCFDG": {
                "x": 1.0,
                "y": 1.0,
                "z": 1.0
            }
        }
    },
    "DDIAGBHNOPL": {}
}