{
  "NMLGOIJIDMO": {
    "1": {
      "$type": "FHNGLBIHCJO",
      "OKKNABIAANA": 70120004,
      "LADDMKIFPGM": {
        "_x": 163.7487030029297,
        "_y": -10.102999687194824,
        "_z": -19.917640686035156
      },
      "MBNFCMGJHAE": {
        "_y": 279.8999938964844
      },
      "NLIDOGBDDGM": {
        "_x": -2576.238037109375,
        "_y": 312.8558044433594,
        "_z": -4520.89892578125
      },
      "DKGGAAJODMB": true,
      "KEOFPMFNPLO": "",
      "MGLEAPLEHFN": {
        "_x": 5.0,
        "_y": 5.0,
        "_z": 5.0
      }
    },
    "4": {
      "$type": "KJJGLEGGNLA",
      "OKKNABIAANA": 70010006,
      "LADDMKIFPGM": {
        "_x": 24.833179473876953,
        "_y": -14.989999771118164,
        "_z": -19.8756103515625
      },
      "MBNFCMGJHAE": {
        "_y": 90.0
      },
      "DKGGAAJODMB": true,
      "KEOFPMFNPLO": "",
      "MGLEAPLEHFN": {
        "_x": 5.0,
        "_y": 20.0,
        "_z": 10.0
      }
    },
    "5": {
      "$type": "KJJGLEGGNLA",
      "OKKNABIAANA": 70010006,
      "LADDMKIFPGM": {
        "_x": 139.081298828125,
        "_y": -9.16400146484375,
        "_z": -19.893770217895508
      },
      "MBNFCMGJHAE": {
        "_y": 90.0
      },
      "DKGGAAJODMB": true,
      "KEOFPMFNPLO": "",
      "MGLEAPLEHFN": {
        "_x": 4.0,
        "_y": 30.0,
        "_z": 40.0
      }
    }
  },
  "OIIHDBGDNKL": {
    "1": {
      "$type": "MBIKCEBOCKA",
      "OKKNABIAANA": 70010006,
      "LADDMKIFPGM": {
        "_x": 118.08589935302734,
        "_y": -18.921239852905273,
        "_z": -19.46133041381836
      },
      "NLIDOGBDDGM": {
        "_x": 127.09471893310547,
        "_y": -23.22606658935547,
        "_z": -25.258607864379883
      },
      "KEOFPMFNPLO": "",
      "BJPHFBMFCKK": true,
      "MPBBCDDFGKO": "DeadRegion",
      "HPDFOLLGBKL": {
        "$type": "BHMDEDHPEFH",
        "EAIPPAJKGFO": true,
        "NEBDNCNFDJC": 5.0,
        "LDMENJHNDON": "Center",
        "ACIIKIJKEHO": 45.0,
        "IGNNLKPCNOI": 120.0
      },
      "HMDGKCKKKNN": ""
    },
    "2": {
      "$type": "MBIKCEBOCKA",
      "OKKNABIAANA": 70010006,
      "LADDMKIFPGM": {
        "_x": 115.80680084228516,
        "_y": -0.2697610855102539,
        "_z": -49.3289794921875
      },
      "NLIDOGBDDGM": {
        "_x": 115.80467224121094,
        "_y": -0.2697610855102539,
        "_z": -18.890445709228516
      },
      "KEOFPMFNPLO": "",
      "BJPHFBMFCKK": true,
      "MPBBCDDFGKO": "DeadRegion",
      "HPDFOLLGBKL": {
        "$type": "BHMDEDHPEFH",
        "EAIPPAJKGFO": true,
        "NEBDNCNFDJC": 40.0,
        "LDMENJHNDON": "Center",
        "ACIIKIJKEHO": 40.0,
        "IGNNLKPCNOI": 30.0
      },
      "HMDGKCKKKNN": ""
    },
    "3": {
      "$type": "MBIKCEBOCKA",
      "OKKNABIAANA": 70010006,
      "LADDMKIFPGM": {
        "_x": 115.49150085449219,
        "_y": -0.2697610855102539,
        "_z": 9.738685607910156
      },
      "NLIDOGBDDGM": {
        "_x": 117.78137969970703,
        "_y": -11.592819213867188,
        "_z": -5.7200026512146
      },
      "KEOFPMFNPLO": "",
      "BJPHFBMFCKK": true,
      "MPBBCDDFGKO": "DeadRegion",
      "HPDFOLLGBKL": {
        "$type": "BHMDEDHPEFH",
        "EAIPPAJKGFO": true,
        "NEBDNCNFDJC": 40.0,
        "LDMENJHNDON": "Center",
        "ACIIKIJKEHO": 40.0,
        "IGNNLKPCNOI": 30.0
      },
      "HMDGKCKKKNN": ""
    },
    "4": {
      "$type": "MBIKCEBOCKA",
      "OKKNABIAANA": 70010006,
      "LADDMKIFPGM": {
        "_x": 209.0467071533203,
        "_y": -0.5677022933959961,
        "_z": -18.819320678710938
      },
      "NLIDOGBDDGM": {
        "_x": 194.8955078125,
        "_y": -0.5677022933959961,
        "_z": -19.85935401916504
      },
      "KEOFPMFNPLO": "",
      "BJPHFBMFCKK": true,
      "MPBBCDDFGKO": "DeadRegion",
      "HPDFOLLGBKL": {
        "$type": "BHMDEDHPEFH",
        "EAIPPAJKGFO": true,
        "NEBDNCNFDJC": 5.0,
        "LDMENJHNDON": "Center",
        "ACIIKIJKEHO": 45.0,
        "IGNNLKPCNOI": 40.0
      },
      "HMDGKCKKKNN": ""
    },
    "5": {
      "$type": "MBIKCEBOCKA",
      "OKKNABIAANA": 70010006,
      "LADDMKIFPGM": {
        "_x": 249.38589477539062,
        "_y": -5.6915669441223145,
        "_z": -18.262819290161133
      },
      "NLIDOGBDDGM": {
        "_x": 242.42633056640625,
        "_y": 4.048538684844971,
        "_z": -14.35782241821289
      },
      "KEOFPMFNPLO": "",
      "BJPHFBMFCKK": true,
      "MPBBCDDFGKO": "DeadRegion",
      "HPDFOLLGBKL": {
        "$type": "BHMDEDHPEFH",
        "EAIPPAJKGFO": true,
        "NEBDNCNFDJC": 5.0,
        "LDMENJHNDON": "Center",
        "ACIIKIJKEHO": 10.0,
        "IGNNLKPCNOI": 40.0
      },
      "HMDGKCKKKNN": ""
    }
  },
  "AGHEGEFDJOA": {}
}