{
    "MHHCMJDEEJK": {
        "1": {
            "$type": "FJJLNKPMCOD",
            "gadgetId": 70010002,
            "musicSubStates": {
                "x": 13.512849807739258,
                "y": 0.7366681098937988,
                "z": -2.272407054901123
            },
            "rot": {
                "y": 279.0
            },
            "tranPos": {
                "x": -486.5,
                "y": 223.74630737304688,
                "z": 2805.60009765625
            },
            "tranRot": {
                "y": 207.08999633789062
            },
            "unlocked": true,
            "alias": "",
            "EHENHAJEEON": 3,
            "GAPEPAJOPIJ": "UI_SCENE_ENTRY_EXIT_Barbecue",
            "EFECFJDOEDL": {
                "x": 3.0,
                "y": 3.0,
                "z": 3.0
            },
            "GEPLFOACGLH": 24.0
        }
    },
    "AFLIBNAHANB": {}
}