{
    "MHHCMJDEEJK": {
        "1": {
            "$type": "IMFONKLKLOK",
            "gadgetId": 70120004,
            "musicSubStates": {
                "x": 0.1463892012834549,
                "y": 3.038022994995117,
                "z": -79.8907699584961
            },
            "unlocked": true,
            "alias": "",
            "size": {
                "x": 5.0,
                "y": 5.0,
                "z": 5.0
            }
        }
    },
    "AFLIBNAHANB": {}
}