{
    "KCHJLAHIGAD": {
        "1": {
            "$type": "EEGIFCGOFEC",
            "gadgetId": 70010002,
            "pos": {
                "x": 0.15391559898853302,
                "y": 0.009000354446470737,
                "z": -8.170223236083984
            },
            "tranPos": {
                "x": -539.5250244140625,
                "y": 227.9600067138672,
                "z": 360.6000061035156
            },
            "tranRot": {
                "y": 320.0
            },
            "unlocked": true,
            "alias": "",
            "MGEGIEDACCL": 3,
            "EMEEPJJFFKJ": "UI_SCENE_ENTRY_EXIT_Liuliting",
            "CFPJBCFOLMD": {
                "x": 2.0,
                "y": 2.0,
                "z": 2.0
            },
            "GNIIGNOJLGE": 24.0
        }
    },
    "APCJABIOJLB": {}
}