{
    "MPGLCFMGNFC": {
        "HGHBENBAKHO": [
            -25
        ]
    },
    "KKLANKNEIBB": {
        "rangeMin": 1.2461116104544901e-18,
        "GADBMAKIHHE": 1.3151780896753709e-18,
        "CLDFOLMNEJO": 5.14616840519011e-06,
        "LEDFPADPBBE": {
            "AMBKCAMOABK": 1.401298464324817e-45
        }
    }
}