{
    "KCHJLAHIGAD": {
        "1": {
            "$type": "FPKKHCHCHPP",
            "gadgetId": 70120004,
            "pos": {
                "x": 0.14005610346794128,
                "y": 2.938033103942871,
                "z": -79.89205932617188
            },
            "unlocked": true,
            "alias": "",
            "size": {
                "x": 5.0,
                "y": 5.0,
                "z": 5.0
            }
        }
    },
    "APCJABIOJLB": {}
}