{
    "JEKPPCMCDDL": {
        "1": {
            "$type": "LKKBANOPKNL",
            "gadgetId": 70120004,
            "pos": {
                "x": 0.17501500248908997,
                "y": 2.820544958114624,
                "z": -79.82750701904297
            },
            "unlocked": true,
            "alias": "",
            "DMIKDAOCFDG": {
                "x": 5.0,
                "y": 5.0,
                "z": 5.0
            }
        }
    },
    "DDIAGBHNOPL": {}
}