{
    "HNGDGDECKOD": {
        "1": {
            "$type": "ECOABNJLDCG",
            "gadgetId": 70010002,
            "pos": {
                "x": 198.9156036376953,
                "y": -22.60045051574707,
                "z": 176.97329711914062
            },
            "rot": {
                "y": 43.106929779052734
            },
            "tranPos": {
                "x": 3206.0,
                "y": 254.0,
                "z": 4176.0
            },
            "tranRot": {
                "y": 90.0
            },
            "unlocked": true,
            "alias": "",
            "DDEIKCPFKMP": 3,
            "GINONDIMMJF": "UI_SCENE_ENTRY_EXIT_Shuixian",
            "KILONJICBGN": {
                "x": 3.0,
                "y": 3.0,
                "z": 3.0
            },
            "DOAKMJDKNDE": 24.0
        },
        "2": {
            "$type": "AIOKJBLOIFB",
            "gadgetId": 70360001,
            "pos": {
                "x": 200.11289978027344,
                "y": -21.4914493560791,
                "z": 200.04010009765625
            },
            "rot": {
                "y": 43.106929779052734
            },
            "tranPos": {
                "x": 200.11294555664062,
                "y": -21.491453170776367,
                "z": 200.04013061523438
            },
            "alias": "",
            "EHHOJMJLBMC": "Never",
            "NOHMNEELKJM": true,
            "KLNMMIPIGLF": "",
            "HMNCLEPCAOK": [
                1192
            ],
            "FDENFJGMPKN": {},
            "GINONDIMMJF": "UI_STC_Intee_DungeonEntry",
            "BPGMBANCMED": "UI_Icon_Intee_Talk",
            "INFMOCNCJEB": true
        },
        "3": {
            "$type": "ECOABNJLDCG",
            "gadgetId": 70010002,
            "pos": {
                "x": 202.22329711914062,
                "y": -21.852109909057617,
                "z": 200.5968017578125
            },
            "rot": {
                "y": 226.5625
            },
            "tranPos": {
                "x": 2627.1259765625,
                "y": 636.407470703125,
                "z": 3656.2060546875
            },
            "tranRot": {
                "y": 113.62699890136719
            },
            "unlocked": true,
            "alias": "",
            "isModelHidden": true,
            "DDEIKCPFKMP": 3,
            "GINONDIMMJF": "UI_SCENE_ENTRY_EXIT_Shuixian_Tower_1",
            "KILONJICBGN": {
                "x": 10.0,
                "y": 7.0,
                "z": 7.0
            },
            "DOAKMJDKNDE": 24.0
        },
        "4": {
            "$type": "ECOABNJLDCG",
            "gadgetId": 70010002,
            "pos": {
                "x": 202.22329711914062,
                "y": -21.852109909057617,
                "z": 200.5968017578125
            },
            "rot": {
                "y": 226.5625
            },
            "tranPos": {
                "x": 2652.00390625,
                "y": 405.4075012207031,
                "z": 3641.60107421875
            },
            "tranRot": {
                "y": 113.62699890136719
            },
            "unlocked": true,
            "alias": "",
            "isModelHidden": true,
            "DDEIKCPFKMP": 3,
            "GINONDIMMJF": "UI_SCENE_ENTRY_EXIT_Shuixian_Tower_2",
            "KILONJICBGN": {
                "x": 10.0,
                "y": 7.0,
                "z": 7.0
            },
            "DOAKMJDKNDE": 24.0
        }
    },
    "PJOEJDKAIKD": {}
}