{
    "JEKPPCMCDDL": {
        "1": {
            "$type": "LKKBANOPKNL",
            "gadgetId": 70120004,
            "pos": {
                "x": -0.017829179763793945,
                "y": -0.1976923942565918,
                "z": -34.44615936279297
            },
            "unlocked": true,
            "alias": "",
            "DMIKDAOCFDG": {
                "x": 5.0,
                "y": 5.0,
                "z": 5.0
            }
        }
    },
    "DDIAGBHNOPL": {}
}