{
  "NMLGOIJIDMO": {
    "1": {
      "$type": "FHNGLBIHCJO",
      "OKKNABIAANA": 70120004,
      "LADDMKIFPGM": {
        "_x": 293.9525146484375,
        "_y": 42.21049118041992,
        "_z": 19.441829681396484
      },
      "DKGGAAJODMB": true,
      "KEOFPMFNPLO": "",
      "MGLEAPLEHFN": {
        "_x": 5.0,
        "_y": 5.0,
        "_z": 5.0
      }
    },
    "2": {
      "$type": "KJJGLEGGNLA",
      "OKKNABIAANA": 70120003,
      "LADDMKIFPGM": {
        "_x": 52.47904968261719,
        "_y": -1.146723985671997,
        "_z": 42.596290588378906
      },
      "MBNFCMGJHAE": {
        "_y": 90.0
      },
      "DKGGAAJODMB": true,
      "KEOFPMFNPLO": "",
      "MGLEAPLEHFN": {
        "_x": 6.800000190734863,
        "_y": 9.760000228881836,
        "_z": 31.809999465942383
      }
    },
    "3": {
      "$type": "KJJGLEGGNLA",
      "OKKNABIAANA": 70120003,
      "LADDMKIFPGM": {
        "_x": 180.73330688476562,
        "_y": 19.25016975402832,
        "_z": 19.233800888061523
      },
      "MBNFCMGJHAE": {
        "_y": 90.0
      },
      "DKGGAAJODMB": true,
      "KEOFPMFNPLO": "",
      "MGLEAPLEHFN": {
        "_x": 5.0,
        "_y": 10.0,
        "_z": 40.0
      }
    },
    "4": {
      "$type": "KJJGLEGGNLA",
      "OKKNABIAANA": 70120003,
      "LADDMKIFPGM": {
        "_x": 269.6184997558594,
        "_y": 41.91143035888672,
        "_z": 18.659339904785156
      },
      "MBNFCMGJHAE": {
        "_y": 180.81820678710938
      },
      "DKGGAAJODMB": true,
      "KEOFPMFNPLO": "",
      "MGLEAPLEHFN": {
        "_x": 5.0,
        "_y": 18.399999618530273,
        "_z": 100.0
      },
      "GPBFFFGELDL": [
        220023014
      ]
    },
    "5": {
      "$type": "KJJGLEGGNLA",
      "OKKNABIAANA": 70010006,
      "LADDMKIFPGM": {
        "_x": 181.6038055419922,
        "_y": 18.766300201416016,
        "_z": -17.410499572753906
      },
      "MBNFCMGJHAE": {
        "_y": 138.539794921875
      },
      "DKGGAAJODMB": true,
      "KEOFPMFNPLO": "",
      "MGLEAPLEHFN": {
        "_x": 26.200000762939453,
        "_y": 10.0,
        "_z": 5.0
      }
    },
    "6": {
      "$type": "KJJGLEGGNLA",
      "OKKNABIAANA": 70010006,
      "LADDMKIFPGM": {
        "_x": 214.6020050048828,
        "_y": 15.946419715881348,
        "_z": -21.37388038635254
      },
      "MBNFCMGJHAE": {
        "_y": 221.3865966796875
      },
      "DKGGAAJODMB": true,
      "KEOFPMFNPLO": "",
      "MGLEAPLEHFN": {
        "_x": 23.56999969482422,
        "_y": 10.0,
        "_z": 5.0
      }
    },
    "7": {
      "$type": "KJJGLEGGNLA",
      "OKKNABIAANA": 70010006,
      "LADDMKIFPGM": {
        "_x": 234.40269470214844,
        "_y": 18.750389099121094,
        "_z": 24.590700149536133
      },
      "MBNFCMGJHAE": {
        "_y": 329.5857849121094
      },
      "DKGGAAJODMB": true,
      "KEOFPMFNPLO": "",
      "MGLEAPLEHFN": {
        "_x": 26.200000762939453,
        "_y": 10.0,
        "_z": 5.0
      }
    },
    "8": {
      "$type": "KJJGLEGGNLA",
      "OKKNABIAANA": 70010006,
      "LADDMKIFPGM": {
        "_x": 217.88450622558594,
        "_y": 27.016460418701172,
        "_z": 35.57651138305664
      },
      "MBNFCMGJHAE": {
        "_y": 32.02880096435547
      },
      "DKGGAAJODMB": true,
      "KEOFPMFNPLO": "",
      "MGLEAPLEHFN": {
        "_x": 9.0600004196167,
        "_y": 10.0,
        "_z": 5.0
      }
    }
  },
  "OIIHDBGDNKL": {
    "1": {
      "$type": "MBIKCEBOCKA",
      "OKKNABIAANA": 70010006,
      "LADDMKIFPGM": {
        "_x": 105.66280364990234,
        "_y": -21.43998908996582,
        "_z": 20.646320343017578
      },
      "DKGGAAJODMB": true,
      "KEOFPMFNPLO": "",
      "DFEBCOOIEHF": 500.0,
      "BJPHFBMFCKK": true,
      "MPBBCDDFGKO": "DeadRegion",
      "HPDFOLLGBKL": {
        "$type": "BHMDEDHPEFH",
        "EAIPPAJKGFO": true,
        "NEBDNCNFDJC": 20.3799991607666,
        "LDMENJHNDON": "Center",
        "ACIIKIJKEHO": 109.4000015258789,
        "IGNNLKPCNOI": 106.5999984741211
      },
      "HMDGKCKKKNN": ""
    },
    "10": {
      "$type": "MBIKCEBOCKA",
      "OKKNABIAANA": 40000007,
      "LADDMKIFPGM": {
        "_x": 282.0704040527344,
        "_y": 40.62255096435547,
        "_z": -17.745729446411133
      },
      "DKGGAAJODMB": true,
      "KEOFPMFNPLO": "",
      "DFEBCOOIEHF": 500.0,
      "BJPHFBMFCKK": true,
      "MPBBCDDFGKO": "ReturnRegion",
      "HPDFOLLGBKL": {
        "$type": "BHMDEDHPEFH",
        "EAIPPAJKGFO": true,
        "NEBDNCNFDJC": 18.5,
        "LDMENJHNDON": "Center",
        "ACIIKIJKEHO": 7.579999923706055,
        "IGNNLKPCNOI": 7.610000133514404
      },
      "KCLOOFKBMKO": 5.0,
      "HMDGKCKKKNN": ""
    },
    "11": {
      "$type": "MBIKCEBOCKA",
      "OKKNABIAANA": 70010006,
      "LADDMKIFPGM": {
        "_x": 247.5377960205078,
        "_y": 49.845611572265625,
        "_z": 6.579288005828857
      },
      "DKGGAAJODMB": true,
      "KEOFPMFNPLO": "",
      "DFEBCOOIEHF": 500.0,
      "BJPHFBMFCKK": true,
      "MPBBCDDFGKO": "DeadRegion",
      "HPDFOLLGBKL": {
        "$type": "BHMDEDHPEFH",
        "EAIPPAJKGFO": true,
        "NEBDNCNFDJC": 15.050000190734863,
        "LDMENJHNDON": "Center",
        "ACIIKIJKEHO": 20.0,
        "IGNNLKPCNOI": 40.0
      },
      "KCLOOFKBMKO": 5.0,
      "HMDGKCKKKNN": ""
    },
    "12": {
      "$type": "MBIKCEBOCKA",
      "OKKNABIAANA": 40000007,
      "LADDMKIFPGM": {
        "_x": 254.64120483398438,
        "_y": 40.7965202331543,
        "_z": -16.069250106811523
      },
      "DKGGAAJODMB": true,
      "KEOFPMFNPLO": "",
      "DFEBCOOIEHF": 500.0,
      "BJPHFBMFCKK": true,
      "MPBBCDDFGKO": "ReturnRegion",
      "HPDFOLLGBKL": {
        "$type": "BHMDEDHPEFH",
        "EAIPPAJKGFO": true,
        "NEBDNCNFDJC": 10.050000190734863,
        "LDMENJHNDON": "Center",
        "ACIIKIJKEHO": 22.799999237060547,
        "IGNNLKPCNOI": 7.610000133514404
      },
      "KCLOOFKBMKO": 5.0,
      "HMDGKCKKKNN": ""
    },
    "2": {
      "$type": "MBIKCEBOCKA",
      "OKKNABIAANA": 70010006,
      "LADDMKIFPGM": {
        "_x": 92.86614227294922,
        "_y": -9.828414916992188,
        "_z": 5.500083923339844
      },
      "DKGGAAJODMB": true,
      "KEOFPMFNPLO": "",
      "DFEBCOOIEHF": 500.0,
      "BJPHFBMFCKK": true,
      "MPBBCDDFGKO": "NoReviveRegion",
      "HPDFOLLGBKL": {
        "$type": "BHMDEDHPEFH",
        "EAIPPAJKGFO": true,
        "NEBDNCNFDJC": 23.700000762939453,
        "LDMENJHNDON": "Center",
        "ACIIKIJKEHO": 53.20000076293945,
        "IGNNLKPCNOI": 106.5999984741211
      },
      "HMDGKCKKKNN": ""
    },
    "3": {
      "$type": "MBIKCEBOCKA",
      "OKKNABIAANA": 40000007,
      "LADDMKIFPGM": {
        "_x": 255.19070434570312,
        "_y": 25.516630172729492,
        "_z": 26.895360946655273
      },
      "DKGGAAJODMB": true,
      "KEOFPMFNPLO": "",
      "DFEBCOOIEHF": 500.0,
      "BJPHFBMFCKK": true,
      "MPBBCDDFGKO": "ReturnRegion",
      "HPDFOLLGBKL": {
        "$type": "BHMDEDHPEFH",
        "EAIPPAJKGFO": true,
        "NEBDNCNFDJC": 18.5,
        "LDMENJHNDON": "Center",
        "ACIIKIJKEHO": 7.579999923706055,
        "IGNNLKPCNOI": 7.610000133514404
      },
      "KCLOOFKBMKO": 5.0,
      "HMDGKCKKKNN": ""
    },
    "4": {
      "$type": "MBIKCEBOCKA",
      "OKKNABIAANA": 40000007,
      "LADDMKIFPGM": {
        "_x": 254.1761932373047,
        "_y": 25.51618003845215,
        "_z": -19.117900848388672
      },
      "DKGGAAJODMB": true,
      "KEOFPMFNPLO": "",
      "DFEBCOOIEHF": 500.0,
      "BJPHFBMFCKK": true,
      "MPBBCDDFGKO": "ReturnRegion",
      "HPDFOLLGBKL": {
        "$type": "BHMDEDHPEFH",
        "EAIPPAJKGFO": true,
        "NEBDNCNFDJC": 18.5,
        "LDMENJHNDON": "Center",
        "ACIIKIJKEHO": 7.579999923706055,
        "IGNNLKPCNOI": 7.610000133514404
      },
      "KCLOOFKBMKO": 5.0,
      "HMDGKCKKKNN": ""
    },
    "5": {
      "$type": "MBIKCEBOCKA",
      "OKKNABIAANA": 40000007,