{
    "MHHCMJDEEJK": {
        "1": {
            "$type": "IMFONKLKLOK",
            "gadgetId": 70010001,
            "musicSubStates": {
                "x": 12.884249687194824,
                "y": 7.322606086730957,
                "z": -62.268150329589844
            },
            "unlocked": true,
            "alias": "",
            "size": {
                "x": 3.0,
                "y": 3.0,
                "z": 3.0
            }
        }
    },
    "AFLIBNAHANB": {}
}