{
    "JEKPPCMCDDL": {
        "1": {
            "$type": "LKKBANOPKNL",
            "gadgetId": 70360001,
            "pos": {
                "x": -43.10696029663086,
                "y": 4.710000038146973,
                "z": -33.363670349121094
            },
            "unlocked": true,
            "alias": "",
            "DMIKDAOCFDG": {
                "x": 1.0,
                "y": 1.0,
                "z": 1.0
            }
        }
    },
    "DDIAGBHNOPL": {}
}