{
    "KCHJLAHIGAD": {
        "1": {
            "$type": "FPKKHCHCHPP",
            "gadgetId": 70120004,
            "pos": {
                "y": -56.257728576660156
            },
            "unlocked": true,
            "alias": "",
            "size": {
                "x": 5.0,
                "y": 5.0,
                "z": 5.0
            }
        },
        "2": {
            "$type": "IHGOEAMDFHH",
            "gadgetId": 70010006,
            "pos": {
                "x": -0.07741788029670715,
                "y": -56.28150177001953,
                "z": 17.583900451660156
            },
            "unlocked": true,
            "alias": "",
            "size": {
                "x": 30.0,
                "y": 5.0,
                "z": 30.0
            },
            "musicSubStates": [
                220034001
            ]
        },
        "3": {
            "$type": "IPAJOHIMGBE",
            "gadgetId": 70010006,
            "pos": {
                "x": -0.07205759733915329,
                "y": -56.281768798828125,
                "z": 18.235519409179688
            },
            "rot": {
                "y": 180.0
            },
            "unlocked": true,
            "alias": "",
            "size": {
                "x": 30.0,
                "y": 5.0,
                "z": 30.0
            },
            "musicSubStates": [
                220034001
            ]
        }
    },
    "APCJABIOJLB": {}
}