{
  "NMLGOIJIDMO": {
    "1": {
      "$type": "FHNGLBIHCJO",
      "OKKNABIAANA": 70120004,
      "LADDMKIFPGM": {
        "_x": -59.157859802246094,
        "_y": 13.366250038146973,
        "_z": 96.54708862304688
      },
      "DKGGAAJODMB": true,
      "KEOFPMFNPLO": "",
      "MGLEAPLEHFN": {
        "_x": 5.0,
        "_y": 5.0,
        "_z": 5.0
      }
    },
    "2": {
      "$type": "HAMECKLBPHA",
      "OKKNABIAANA": 70010006,
      "LADDMKIFPGM": {
        "_x": -22.35407066345215,
        "_y": 6.211765766143799,
        "_z": 51.17116165161133
      },
      "DKGGAAJODMB": true,
      "KEOFPMFNPLO": "",
      "MGLEAPLEHFN": {
        "_x": 10.0,
        "_y": 5.0,
        "_z": 2.0
      }
    },
    "3": {
      "$type": "KJJGLEGGNLA",
      "OKKNABIAANA": 70120003,
      "LADDMKIFPGM": {
        "_x": 30.04496955871582,
        "_y": 1.8612879514694214,
        "_z": 122.0438003540039
      },
      "MBNFCMGJHAE": {
        "_y": 90.0
      },
      "DKGGAAJODMB": true,
      "KEOFPMFNPLO": "",
      "MGLEAPLEHFN": {
        "_x": 10.0,
        "_y": 5.0,
        "_z": 30.0
      }
    },
    "4": {
      "$type": "KJJGLEGGNLA",
      "OKKNABIAANA": 70120003,
      "LADDMKIFPGM": {
        "_x": -32.67995071411133,
        "_y": 1.9254390001296997,
        "_z": 76.4225082397461
      },
      "DKGGAAJODMB": true,
      "KEOFPMFNPLO": "",
      "MGLEAPLEHFN": {
        "_x": 30.0,
        "_y": 5.0,
        "_z": 15.0
      }
    },
    "5": {
      "$type": "KJJGLEGGNLA",
      "OKKNABIAANA": 70120003,
      "LADDMKIFPGM": {
        "_x": -53.05970001220703,
        "_y": 10.479040145874023,
        "_z": 36.00590896606445
      },
      "MBNFCMGJHAE": {
        "_y": 90.0
      },
      "DKGGAAJODMB": true,
      "KEOFPMFNPLO": "",
      "MGLEAPLEHFN": {
        "_x": 15.0,
        "_y": 5.0,
        "_z": 15.0
      }
    },
    "6": {
      "$type": "KJJGLEGGNLA",
      "OKKNABIAANA": 70120003,
      "LADDMKIFPGM": {
        "_x": -96.64704895019531,
        "_y": 6.276237964630127,
        "_z": 14.43175983428955
      },
      "DKGGAAJODMB": true,
      "KEOFPMFNPLO": "",
      "MGLEAPLEHFN": {
        "_x": 10.0,
        "_y": 5.0,
        "_z": 20.0
      }
    },
    "7": {
      "$type": "HAMECKLBPHA",
      "OKKNABIAANA": 70010006,
      "LADDMKIFPGM": {
        "_x": -69.50232696533203,
        "_y": 13.335060119628906,
        "_z": 83.61012268066406
      },
      "DKGGAAJODMB": true,
      "KEOFPMFNPLO": "",
      "MGLEAPLEHFN": {
        "_x": 2.0,
        "_y": 5.0,
        "_z": 10.0
      }
    }
  },
  "OIIHDBGDNKL": {
    "1": {
      "$type": "MBIKCEBOCKA",
      "OKKNABIAANA": 70010006,
      "LADDMKIFPGM": {
        "_x": -59.066619873046875,
        "_y": -21.59695053100586,
        "_z": 60.1261100769043
      },
      "DKGGAAJODMB": true,
      "KEOFPMFNPLO": "",
      "MPBBCDDFGKO": "NoReviveRegion",
      "HPDFOLLGBKL": {
        "$type": "BHMDEDHPEFH",
        "EAIPPAJKGFO": true,
        "NEBDNCNFDJC": 25.0,
        "LDMENJHNDON": "Center",
        "ACIIKIJKEHO": 200.0,
        "IGNNLKPCNOI": 200.0
      },
      "HMDGKCKKKNN": ""
    },
    "10": {
      "$type": "MBIKCEBOCKA",
      "OKKNABIAANA": 70010006,
      "LADDMKIFPGM": {
        "_x": 24.64466094970703,
        "_y": 0.1560019999742508,
        "_z": 45.49393081665039
      },
      "DKGGAAJODMB": true,
      "KEOFPMFNPLO": "",
      "MPBBCDDFGKO": "DeadRegion",
      "HPDFOLLGBKL": {
        "$type": "BHMDEDHPEFH",
        "EAIPPAJKGFO": true,
        "NEBDNCNFDJC": 50.0,
        "LDMENJHNDON": "Center",
        "ACIIKIJKEHO": 50.0,
        "IGNNLKPCNOI": 80.0
      },
      "HMDGKCKKKNN": ""
    },
    "11": {
      "$type": "MBIKCEBOCKA",
      "OKKNABIAANA": 70010006,
      "LADDMKIFPGM": {
        "_x": -24.48261070251465,
        "_y": 19.875200271606445,
        "_z": 0.9587587714195251
      },
      "DKGGAAJODMB": true,
      "KEOFPMFNPLO": "",
      "MPBBCDDFGKO": "DeadRegion",
      "HPDFOLLGBKL": {
        "$type": "BHMDEDHPEFH",
        "EAIPPAJKGFO": true,
        "NEBDNCNFDJC": 80.0,
        "LDMENJHNDON": "Center",
        "ACIIKIJKEHO": 60.0,
        "IGNNLKPCNOI": 30.0
      },
      "HMDGKCKKKNN": ""
    },
    "12": {
      "$type": "MBIKCEBOCKA",
      "OKKNABIAANA": 70010006,
      "LADDMKIFPGM": {
        "_x": -78.86199188232422,
        "_y": 10.642640113830566,
        "_z": -13.632040023803711
      },
      "DKGGAAJODMB": true,
      "KEOFPMFNPLO": "",
      "MPBBCDDFGKO": "DeadRegion",
      "HPDFOLLGBKL": {
        "$type": "BHMDEDHPEFH",
        "EAIPPAJKGFO": true,
        "NEBDNCNFDJC": 50.0,
        "LDMENJHNDON": "Center",
        "ACIIKIJKEHO": 60.0,
        "IGNNLKPCNOI": 30.0
      },
      "HMDGKCKKKNN": ""
    },
    "13": {
      "$type": "MBIKCEBOCKA",
      "OKKNABIAANA": 70010006,
      "LADDMKIFPGM": {
        "_x": -116.19750213623047,
        "_y": 5.962418079376221,
        "_z": -8.678666114807129
      },
      "DKGGAAJODMB": true,
      "KEOFPMFNPLO": "",
      "MPBBCDDFGKO": "DeadRegion",
      "HPDFOLLGBKL": {
        "$type": "BHMDEDHPEFH",
        "EAIPPAJKGFO": true,
        "NEBDNCNFDJC": 50.0,
        "LDMENJHNDON": "Center",
        "ACIIKIJKEHO": 30.0,
        "IGNNLKPCNOI": 30.0
      },
      "HMDGKCKKKNN": ""
    },
    "14": {
      "$type": "MBIKCEBOCKA",
      "OKKNABIAANA": 70010006,
      "LADDMKIFPGM": {
        "_x": -114.53170013427734,
        "_y": -6.909029960632324,
        "_z": 10.344200134277344
      },
      "DKGGAAJODMB": true,
      "KEOFPMFNPLO": "",
      "MPBBCDDFGKO": "DeadRegion",
      "HPDFOLLGBKL": {
        "$type": "BHMDEDHPEFH",
        "EAIPPAJKGFO": true,
        "NEBDNCNFDJC": 20.0,
        "LDMENJHNDON": "Center",
        "ACIIKIJKEHO": 25.0,
        "IGNNLKPCNOI": 15.0
      },
      "HMDGKCKKKNN": ""
    },
    "15": {
      "$type": "MBIKCEBOCKA",
      "OKKNABIAANA": 70010006,
      "LADDMKIFPGM": {
        "_x": -109.79180145263672,
        "_y": -6.2065629959106445,
        "_z": 46.906131744384766
      },
      "DKGGAAJODMB": true,
      "KEOFPMFNPLO": "",
      "MPBBCDDFGKO": "DeadRegion",
      "HPDFOLLGBKL": {
        "$type": "BHMDEDHPEFH",
        "EAIPPAJKGFO": true,
        "NEBDNCNFDJC": 10.0,
        "LDMENJHNDON": "Center",
        "ACIIKIJKEHO": 20.0,
        "IGNNLKPCNOI": 20.0
      },
      "HMDGKCKKKNN": ""
    },
    "16": {
      "$type": "MBIKCEBOCKA",
      "OKKNABIAANA": 70010006,
      "LADDMKIFPGM": {
        "_x": -89.44537353515625,
        "_y": -3.8499019145965576,
        "_z": 56.77096176147461
      },
      "DKGGAAJODMB": true,
      "KEOFPMFNPLO": "",
      "MPBBCDDFGKO": "DeadRegion",
      "HPDFOLLGBKL": {
        "$type": "BHMDEDHPEFH",
        "EAIPPAJKGFO": true,
        "NEBDNCNFDJC": 10.0,
        "LDMENJHNDON": "Center",
        "ACIIKIJKEHO": 25.0,
        "IGNNLKPCNOI": 20.0
      },
      "HMDGKCKKKNN": ""
    },
    "2": {
      "$type": "MBIKCEBOCKA",
      "OKKNABIAANA": 70010006,
      "LADDMKIFPGM": {
        "_x": -50.8620491027832,
        "_y": -6.667388916015625,
        "_z": 52.18115997314453
      },
      "DKGGAAJODMB": true,
      "KEOFPMFNPLO": "",
      "MPBBCDDFGKO": "NoReviveRegion",
      "HPDFOLLGBKL": {
        "$type": "BHMDEDHPEFH",
        "EAIPPAJKGFO": true,
        "NEBDNCNFDJC": 10.0,
        "LDMENJHNDON": "Center",
        "ACIIKIJKEHO": 35.0,
        "IGNNLKPCNOI": 40.0
      },
      "HMDGKCKKKNN": ""
    },
    "3": {
      "$type": "MBIKCEBOCKA",
      "OKKNABIAANA": 70010006,
      "LADDMKIFPGM": {
        "_x": -59.066619873046875,
        "_y": -21.59695053100586,
        "_z": 60.1261100769043
      },
      "DKGGAAJODMB": true,
      "KEOFPMFNPLO": "",
      "MPBBCDDFGKO": "DeadRegion",
      "HPDFOLLGBKL": {
        "$type": "BHMDEDHPEFH",
        "EAIPPAJKGFO": true,
        "NEBDNCNFDJC": 20.0,
        "LDMENJHNDON": "Center",
        "ACIIKIJKEHO": 200.0,
        "IGNNLKPCNOI": 200.0
      },
      "HMDGKCKKKNN": ""
    },