{
    "MPGLCFMGNFC": {
        "HGHBENBAKHO": [
            -25
        ]
    },
    "KKLANKNEIBB": {
        "rangeMin": 1.2461116104544901e-18,
        "GADBMAKIHHE": 7.580783319212599e-20,
        "CLDFOLMNEJO": 2.7669157134369016e-06,
        "LEDFPADPBBE": {
            "AMBKCAMOABK": 1.401298464324817e-45
        }
    }
}