{
    "NMLGOIJIDMO": {
        "1": {
            "$type": "FHNGLBIHCJO",
            "gadgetId": 70120004,
            "pos": {
                "x": 12.45048999786377,
                "y": 7.318362236022949,
                "z": -64.49384307861328
            },
            "unlocked": true,
            "alias": "",
            "musicSubStates": {
                "x": 3.0,
                "y": 3.0,
                "z": 3.0
            }
        }
    },
    "AGHEGEFDJOA": {}
}