{
    "MHHCMJDEEJK": {
        "1": {
            "$type": "FJJLNKPMCOD",
            "gadgetId": 70010002,
            "musicSubStates": {
                "x": 15.380390167236328,
                "y": 0.1909734010696411,
                "z": 0.4082416892051697
            },
            "tranPos": {
                "x": 2201.60009765625,
                "y": 455.79998779296875,
                "z": 4569.7998046875
            },
            "tranRot": {
                "y": 90.0
            },
            "unlocked": true,
            "alias": "",
            "EHENHAJEEON": 3,
            "GAPEPAJOPIJ": "UI_SCENE_ENTRY_EXIT_Fdck",
            "EFECFJDOEDL": {
                "x": 3.0,
                "y": 3.0,
                "z": 3.0
            },
            "GEPLFOACGLH": 24.0
        }
    },
    "AFLIBNAHANB": {}
}