{
    "OIIHDBGDNKL": {
        "1": {
            "$type": "CIAHABOPIPM",
            "OKKNABIAANA": 77311003,
            "LADDMKIFPGM": {
                "x": 739.736328125,
                "y": 307.4317932128906,
                "z": 643.1160888671875
            },
            "MBNFCMGJHAE": {
                "x": 6.914770126342773,
                "y": 0.8523163795471191,
                "z": 14.037079811096191
            },
            "NLIDOGBDDGM": {
                "x": 739.736328125,
                "y": 307.4317932128906,
                "z": 643.1160888671875
            },
            "KEOFPMFNPLO": ""
        },
        "2": {
            "$type": "CIAHABOPIPM",
            "OKKNABIAANA": 77311004,
            "LADDMKIFPGM": {
                "x": 616.4158935546875,
                "y": 380.78460693359375,
                "z": 762.0211181640625
            },
            "MBNFCMGJHAE": {
                "x": 359.10760498046875,
                "y": 359.9092102050781,
                "z": 1.7912169694900513
            },
            "NLIDOGBDDGM": {
                "x": 616.4158935546875,
                "y": 380.78460693359375,
                "z": 762.0211181640625
            },
            "KEOFPMFNPLO": ""
        },
        "3": {
            "$type": "CIAHABOPIPM",
            "OKKNABIAANA": 77311005,
            "LADDMKIFPGM": {
                "x": 471.05841064453125,
                "y": 370.4032897949219,
                "z": 844.7468872070312
            },
            "MBNFCMGJHAE": {
                "x": 354.6465148925781,
                "y": 0.08369480073451996,
                "z": 358.2099914550781
            },
            "NLIDOGBDDGM": {
                "x": 471.05841064453125,
                "y": 370.4032897949219,
                "z": 844.7468872070312
            },
            "KEOFPMFNPLO": ""
        },
        "4": {
            "$type": "CIAHABOPIPM",
            "OKKNABIAANA": 77311006,
            "LADDMKIFPGM": {
                "x": 327.21600341796875,
                "y": 458.8453063964844,
                "z": 620.5260009765625
            },
            "MBNFCMGJHAE": {
                "x": 13.74153995513916,
                "y": 356.5610046386719,
                "z": 340.77081298828125
            },
            "NLIDOGBDDGM": {
                "x": 327.21600341796875,
                "y": 458.8453063964844,
                "z": 620.5260009765625
            },
            "KEOFPMFNPLO": ""
        },
        "5": {
            "$type": "IIAEOINFBBC",
            "OKKNABIAANA": 77311007,
            "LADDMKIFPGM": {
                "x": 634.9000244140625,
                "y": 388.2300109863281,
                "z": 830.9600219726562
            },
            "NLIDOGBDDGM": {
                "x": 634.9000244140625,
                "y": 388.2300109863281,
                "z": 830.9600219726562
            },
            "KEOFPMFNPLO": "",
            "DKBLPENIKIM": 5,
            "HLNONCJEJPI": [
                {
                    "PIDJAEMNIDH": {
                        "x": 637.75,
                        "y": 388.0,
                        "z": 837.219970703125
                    },
                    "EMIAONONHIK": {
                        "y": 315.0
                    }
                },
                {
                    "PIDJAEMNIDH": {
                        "x": 644.8200073242188,
                        "y": 388.0,
                        "z": 830.8499755859375
                    },
                    "EMIAONONHIK": {
                        "y": 270.0
                    }
                },
                {
                    "PIDJAEMNIDH": {
                        "x": 645.5,
                        "y": 388.0,
                        "z": 842.760009765625
                    },
                    "EMIAONONHIK": {
                        "y": 90.0
                    }
                },
                {
                    "PIDJAEMNIDH": {
                        "x": 644.6599731445312,
                        "y": 388.0,
                        "z": 837.1199951171875
                    },
                    "EMIAONONHIK": {
                        "y": 180.0
                    }
                },
                {
                    "PIDJAEMNIDH": {
                        "x": 652.7100219726562,
                        "y": 388.0,
                        "z": 837.280029296875
                    },
                    "EMIAONONHIK": {
                        "y": 225.0
                    }
                }
            ]
        }
    },
    "AGHEGEFDJOA": {}
}