{
  "NMLGOIJIDMO": {
    "1": {
      "$type": "FHNGLBIHCJO",
      "OKKNABIAANA": 70120004,
      "LADDMKIFPGM": {
        "_x": 35.76087188720703,
        "_y": -7.979395866394043,
        "_z": 24.18121910095215
      },
      "MBNFCMGJHAE": {
        "_y": 270.0
      },
      "NLIDOGBDDGM": {
        "_x": 305.36627197265625,
        "_y": -3.1389966011047363,
        "_z": 79.37376403808594
      },
      "KEOFPMFNPLO": "",
      "MGLEAPLEHFN": {
        "_x": 5.0,
        "_y": 5.0,
        "_z": 5.0
      }
    }
  },
  "OIIHDBGDNKL": {
    "1": {
      "$type": "MBIKCEBOCKA",
      "OKKNABIAANA": 70010006,
      "LADDMKIFPGM": {
        "_x": -30.18828010559082,
        "_y": -62.273460388183594,
        "_z": -39.83237838745117
      },
      "NLIDOGBDDGM": {
        "_x": 6.0857086181640625,
        "_y": -3.5182533264160156,
        "_z": 6.182591915130615
      },
      "DKGGAAJODMB": true,
      "KEOFPMFNPLO": "",
      "MPBBCDDFGKO": "DeadRegion",
      "HPDFOLLGBKL": {
        "$type": "BHMDEDHPEFH",
        "EAIPPAJKGFO": true,
        "NEBDNCNFDJC": 20.0,
        "LDMENJHNDON": "Center",
        "ACIIKIJKEHO": 196.0,
        "IGNNLKPCNOI": 196.0
      },
      "HMDGKCKKKNN": ""
    },
    "2": {
      "$type": "MBIKCEBOCKA",
      "OKKNABIAANA": 70010006,
      "LADDMKIFPGM": {
        "_x": 127.6592025756836,
        "_y": -6.458803176879883,
        "_z": 33.85332107543945
      },
      "NLIDOGBDDGM": {
        "_x": 127.65916442871094,
        "_y": -13.811983108520508,
        "_z": 10.441397666931152
      },
      "DKGGAAJODMB": true,
      "KEOFPMFNPLO": "",
      "HPDFOLLGBKL": {
        "$type": "BHMDEDHPEFH",
        "EAIPPAJKGFO": true,
        "NEBDNCNFDJC": 10.0,
        "LDMENJHNDON": "Center",
        "ACIIKIJKEHO": 50.0,
        "IGNNLKPCNOI": 50.0
      },
      "HMDGKCKKKNN": ""
    }
  },
  "AGHEGEFDJOA": {}
}