{
  "NMLGOIJIDMO": {
    "1": {
      "$type": "FHNGLBIHCJO",
      "OKKNABIAANA": 70120004,
      "LADDMKIFPGM": {
        "_x": -36.885990142822266,
        "_y": -3.4712419509887695,
        "_z": -50.220890045166016
      },
      "NLIDOGBDDGM": {
        "_x": -36.885990142822266,
        "_y": -3.4712419509887695,
        "_z": -50.220890045166016
      },
      "KEOFPMFNPLO": ""
    },
    "10": {
      "$type": "KJJGLEGGNLA",
      "OKKNABIAANA": 70010006,
      "LADDMKIFPGM": {
        "_x": 120.806396484375,
        "_y": 85.76946258544922,
        "_z": 750.475830078125
      },
      "MBNFCMGJHAE": {
        "_y": 308.2892150878906
      },
      "NLIDOGBDDGM": {
        "_x": 120.806396484375,
        "_y": 85.76946258544922,
        "_z": 750.475830078125
      },
      "AALAENIJCGC": {
        "_y": 308.2892150878906
      },
      "KEOFPMFNPLO": "",
      "MGLEAPLEHFN": {
        "_x": 8.0,
        "_y": 15.0,
        "_z": 8.0
      }
    },
    "11": {
      "$type": "HAMECKLBPHA",
      "OKKNABIAANA": 70010006,
      "LADDMKIFPGM": {
        "_x": 120.806396484375,
        "_y": 85.76946258544922,
        "_z": 750.475830078125
      },
      "MBNFCMGJHAE": {
        "_y": 308.2892150878906
      },
      "NLIDOGBDDGM": {
        "_x": 120.806396484375,
        "_y": 85.76946258544922,
        "_z": 750.475830078125
      },
      "AALAENIJCGC": {
        "_y": 308.2892150878906
      },
      "KEOFPMFNPLO": "",
      "MGLEAPLEHFN": {
        "_x": 8.0,
        "_y": 15.0,
        "_z": 8.0
      }
    },
    "12": {
      "$type": "KJJGLEGGNLA",
      "OKKNABIAANA": 70010006,
      "LADDMKIFPGM": {
        "_x": 71.939208984375,
        "_y": 107.04879760742188,
        "_z": 921.1688842773438
      },
      "MBNFCMGJHAE": {
        "_y": 14.098600387573242
      },
      "NLIDOGBDDGM": {
        "_x": 71.939208984375,
        "_y": 107.04879760742188,
        "_z": 921.1688842773438
      },
      "AALAENIJCGC": {
        "_y": 14.098560333251953
      },
      "KEOFPMFNPLO": "",
      "MGLEAPLEHFN": {
        "_x": 8.0,
        "_y": 15.0,
        "_z": 8.0
      }
    },
    "13": {
      "$type": "HAMECKLBPHA",
      "OKKNABIAANA": 70010006,
      "LADDMKIFPGM": {
        "_x": 71.939208984375,
        "_y": 107.04879760742188,
        "_z": 921.1688842773438
      },
      "MBNFCMGJHAE": {
        "_y": 14.098600387573242
      },
      "NLIDOGBDDGM": {
        "_x": 71.939208984375,
        "_y": 107.04879760742188,
        "_z": 921.1688842773438
      },
      "AALAENIJCGC": {
        "_y": 14.098560333251953
      },
      "KEOFPMFNPLO": "",
      "MGLEAPLEHFN": {
        "_x": 8.0,
        "_y": 15.0,
        "_z": 8.0
      }
    },
    "3": {
      "$type": "KJJGLEGGNLA",
      "OKKNABIAANA": 70010006,
      "LADDMKIFPGM": {
        "_x": 41.555538177490234,
        "_y": 70.88739776611328,
        "_z": 465.7925109863281
      },
      "NLIDOGBDDGM": {
        "_x": 41.555538177490234,
        "_y": 70.88739776611328,
        "_z": 465.7925109863281
      },
      "KEOFPMFNPLO": "",
      "MGLEAPLEHFN": {
        "_x": 30.0,
        "_y": 15.0,
        "_z": 30.0
      }
    },
    "5": {
      "$type": "HAMECKLBPHA",
      "OKKNABIAANA": 70010006,
      "LADDMKIFPGM": {
        "_x": -0.24105750024318695,
        "_y": 35.90631103515625,
        "_z": 224.2729034423828
      },
      "NLIDOGBDDGM": {
        "_x": -0.24105750024318695,
        "_y": 35.90631103515625,
        "_z": 224.2729034423828
      },
      "KEOFPMFNPLO": "",
      "MGLEAPLEHFN": {
        "_x": 30.0,
        "_y": 15.0,
        "_z": 30.0
      }
    },
    "6": {
      "$type": "KJJGLEGGNLA",
      "OKKNABIAANA": 70010006,
      "LADDMKIFPGM": {
        "_x": -0.24105750024318695,
        "_y": 35.90631103515625,
        "_z": 224.2729034423828
      },
      "NLIDOGBDDGM": {
        "_x": -0.24105750024318695,
        "_y": 35.90631103515625,
        "_z": 224.2729034423828
      },
      "KEOFPMFNPLO": "",
      "MGLEAPLEHFN": {
        "_x": 30.0,
        "_y": 15.0,
        "_z": 30.0
      }
    },
    "7": {
      "$type": "HAMECKLBPHA",
      "OKKNABIAANA": 70010006,
      "LADDMKIFPGM": {
        "_x": 41.555538177490234,
        "_y": 70.88739776611328,
        "_z": 465.7925109863281
      },
      "NLIDOGBDDGM": {
        "_x": 41.555538177490234,
        "_y": 70.88739776611328,
        "_z": 465.7925109863281
      },
      "KEOFPMFNPLO": "",
      "MGLEAPLEHFN": {
        "_x": 30.0,
        "_y": 15.0,
        "_z": 30.0
      }
    },
    "8": {
      "$type": "KJJGLEGGNLA",
      "OKKNABIAANA": 70010006,
      "LADDMKIFPGM": {
        "_x": 46.72740936279297,
        "_y": 85.60855865478516,
        "_z": 599.1566162109375
      },
      "NLIDOGBDDGM": {
        "_x": 46.72740936279297,
        "_y": 85.60855865478516,
        "_z": 599.1566162109375
      },
      "KEOFPMFNPLO": "",
      "MGLEAPLEHFN": {
        "_x": 30.0,
        "_y": 15.0,
        "_z": 15.0
      }
    },
    "9": {
      "$type": "HAMECKLBPHA",
      "OKKNABIAANA": 70010006,
      "LADDMKIFPGM": {
        "_x": 46.72740936279297,
        "_y": 85.60855865478516,
        "_z": 599.1566162109375
      },
      "NLIDOGBDDGM": {
        "_x": 46.72740936279297,
        "_y": 85.60855865478516,
        "_z": 599.1566162109375
      },
      "KEOFPMFNPLO": "",
      "MGLEAPLEHFN": {
        "_x": 30.0,
        "_y": 15.0,
        "_z": 15.0
      }
    }
  },
  "OIIHDBGDNKL": {
    "1": {
      "$type": "MBIKCEBOCKA",
      "OKKNABIAANA": 70010006,
      "LADDMKIFPGM": {
        "_x": 51.57278823852539,
        "_y": 12.739640235900879,
        "_z": 435.4997863769531
      },
      "NLIDOGBDDGM": {
        "_x": -52.1109619140625,
        "_y": -5.562540054321289,
        "_z": -62.31879806518555
      },
      "DKGGAAJODMB": true,
      "KEOFPMFNPLO": "",
      "DFEBCOOIEHF": 1000.0,
      "MPBBCDDFGKO": "DeadRegion",
      "HPDFOLLGBKL": {
        "$type": "BHMDEDHPEFH",
        "EAIPPAJKGFO": true,
        "NEBDNCNFDJC": 20.0,
        "LDMENJHNDON": "Center",
        "ACIIKIJKEHO": 500.0,
        "IGNNLKPCNOI": 400.0
      },
      "HMDGKCKKKNN": ""
    },
    "10": {
      "$type": "MBIKCEBOCKA",
      "OKKNABIAANA": 70010006,
      "LADDMKIFPGM": {
        "_x": -39.5724983215332,
        "_y": 23.508399963378906,
        "_z": 248.08470153808594
      },
      "NLIDOGBDDGM": {
        "_x": -52.1109619140625,
        "_y": -5.562540054321289,
        "_z": -62.31879806518555
      },
      "DKGGAAJODMB": true,
      "KEOFPMFNPLO": "",
      "DFEBCOOIEHF": 1000.0,
      "MPBBCDDFGKO": "DeadRegion",
      "HPDFOLLGBKL": {
        "$type": "BHMDEDHPEFH",
        "EAIPPAJKGFO": true,
        "NEBDNCNFDJC": 10.0,
        "LDMENJHNDON": "Center",
        "ACIIKIJKEHO": 150.0,
        "IGNNLKPCNOI": 100.0
      },
      "HMDGKCKKKNN": ""
    },
    "11": {
      "$type": "MBIKCEBOCKA",
      "OKKNABIAANA": 70010006,
      "LADDMKIFPGM": {
        "_x": 53.77273941040039,
        "_y": 44.80939865112305,
        "_z": 394.12811279296875
      },
      "NLIDOGBDDGM": {
        "_x": -52.1109619140625,
        "_y": -5.562540054321289,
        "_z": -62.31879806518555
      },
      "DKGGAAJODMB": true,
      "KEOFPMFNPLO": "",
      "DFEBCOOIEHF": 1000.0,
      "MPBBCDDFGKO": "DeadRegion",
      "HPDFOLLGBKL": {
        "$type": "BHMDEDHPEFH",
        "EAIPPAJKGFO": true,
        "NEBDNCNFDJC": 5.0,
        "LDMENJHNDON": "Center",
        "ACIIKIJKEHO": 45.0,
        "IGNNLKPCNOI": 150.0
      },
      "HMDGKCKKKNN": ""
    },
    "12": {
      "$type": "MBIKCEBOCKA",
      "OKKNABIAANA": 70010006,
      "LADDMKIFPGM": {
        "_x": 45.417938232421875,
        "_y": 58.659481048583984,
        "_z": 522.5913696289062
      },
      "NLIDOGBDDGM": {
        "_x": -52.1109619140625,
        "_y": -5.562540054321289,
        "_z": -62.31879806518555
      },
      "DKGGAAJODMB": true,
      "KEOFPMFNPLO": "",
      "DFEBCOOIEHF": 1000.0,