{
  "NMLGOIJIDMO": {
    "1": {
      "$type": "FHNGLBIHCJO",
      "OKKNABIAANA": 70120004,
      "LADDMKIFPGM": {
        "_x": 31.063249588012695,
        "_y": 83.33673858642578,
        "_z": 651.8707885742188
      },
      "NLIDOGBDDGM": {
        "_x": -36.885990142822266,
        "_y": -3.4712419509887695,
        "_z": -50.220890045166016
      },
      "KEOFPMFNPLO": ""
    },
    "2": {
      "$type": "HAMECKLBPHA",
      "OKKNABIAANA": 70010006,
      "LADDMKIFPGM": {
        "_x": 119.11109924316406,
        "_y": 85.6214828491211,
        "_z": 750.8167724609375
      },
      "MBNFCMGJHAE": {
        "_y": 318.09429931640625
      },
      "NLIDOGBDDGM": {
        "_x": 119.11112213134766,
        "_y": 85.62147521972656,
        "_z": 750.8167724609375
      },
      "AALAENIJCGC": {
        "_y": 318.09429931640625
      },
      "KEOFPMFNPLO": "",
      "MGLEAPLEHFN": {
        "_x": 10.0,
        "_y": 10.0,
        "_z": 10.0
      }
    },
    "3": {
      "$type": "KJJGLEGGNLA",
      "OKKNABIAANA": 70010006,
      "LADDMKIFPGM": {
        "_x": 119.11109924316406,
        "_y": 85.6214828491211,
        "_z": 750.8167724609375
      },
      "MBNFCMGJHAE": {
        "_y": 318.09429931640625
      },
      "NLIDOGBDDGM": {
        "_x": 121.43667602539062,
        "_y": 85.62147521972656,
        "_z": 750.0606689453125
      },
      "AALAENIJCGC": {
        "_y": 298.680908203125
      },
      "KEOFPMFNPLO": "",
      "MGLEAPLEHFN": {
        "_x": 10.0,
        "_y": 10.0,
        "_z": 10.0
      }
    },
    "4": {
      "$type": "HAMECKLBPHA",
      "OKKNABIAANA": 70010006,
      "LADDMKIFPGM": {
        "_x": 74.64005279541016,
        "_y": 106.20259857177734,
        "_z": 868.9555053710938
      },
      "MBNFCMGJHAE": {
        "_y": 354.902587890625
      },
      "NLIDOGBDDGM": {
        "_x": 74.64005279541016,
        "_y": 106.20259857177734,
        "_z": 868.9555053710938
      },
      "AALAENIJCGC": {
        "_y": 354.902587890625
      },
      "KEOFPMFNPLO": "",
      "MGLEAPLEHFN": {
        "_x": 50.0,
        "_y": 50.0,
        "_z": 10.0
      }
    },
    "5": {
      "$type": "KJJGLEGGNLA",
      "OKKNABIAANA": 70010006,
      "LADDMKIFPGM": {
        "_x": 74.64005279541016,
        "_y": 106.20259857177734,
        "_z": 868.9555053710938
      },
      "MBNFCMGJHAE": {
        "_y": 354.902587890625
      },
      "NLIDOGBDDGM": {
        "_x": 74.64005279541016,
        "_y": 106.20259857177734,
        "_z": 868.9555053710938
      },
      "AALAENIJCGC": {
        "_y": 354.902587890625
      },
      "KEOFPMFNPLO": "",
      "MGLEAPLEHFN": {
        "_x": 50.0,
        "_y": 50.0,
        "_z": 10.0
      }
    }
  },
  "OIIHDBGDNKL": {
    "1": {
      "$type": "MBIKCEBOCKA",
      "OKKNABIAANA": 70010006,
      "LADDMKIFPGM": {
        "_x": 126.65869903564453,
        "_y": 32.65591049194336,
        "_z": 586.5645751953125
      },
      "NLIDOGBDDGM": {
        "_x": 126.65873718261719,
        "_y": 85.4000015258789,
        "_z": 696.4221801757812
      },
      "DKGGAAJODMB": true,
      "KEOFPMFNPLO": "",
      "DFEBCOOIEHF": 1000.0,
      "MPBBCDDFGKO": "DeadRegion",
      "HPDFOLLGBKL": {
        "$type": "BHMDEDHPEFH",
        "EAIPPAJKGFO": true,
        "NEBDNCNFDJC": 30.0,
        "ACIIKIJKEHO": 700.0,
        "IGNNLKPCNOI": 700.0
      },
      "HMDGKCKKKNN": ""
    },
    "2": {
      "$type": "MBIKCEBOCKA",
      "OKKNABIAANA": 70010006,
      "LADDMKIFPGM": {
        "_x": 126.65869903564453,
        "_y": 32.65591049194336,
        "_z": 548.8552856445312
      },
      "NLIDOGBDDGM": {
        "_x": 126.65873718261719,
        "_y": 85.4000015258789,
        "_z": 696.4221801757812
      },
      "DKGGAAJODMB": true,
      "KEOFPMFNPLO": "",
      "DFEBCOOIEHF": 1000.0,
      "MPBBCDDFGKO": "DeadRegion",
      "HPDFOLLGBKL": {
        "$type": "BHMDEDHPEFH",
        "EAIPPAJKGFO": true,
        "NEBDNCNFDJC": 300.0,
        "ACIIKIJKEHO": 700.0,
        "IGNNLKPCNOI": 50.0
      },
      "HMDGKCKKKNN": ""
    },
    "3": {
      "$type": "MBIKCEBOCKA",
      "OKKNABIAANA": 70010006,
      "LADDMKIFPGM": {
        "_x": -57.02857971191406,
        "_y": 32.65591049194336,
        "_z": 543.5250854492188
      },
      "NLIDOGBDDGM": {
        "_x": 126.65873718261719,
        "_y": 85.4000015258789,
        "_z": 696.4221801757812
      },
      "DKGGAAJODMB": true,
      "KEOFPMFNPLO": "",
      "DFEBCOOIEHF": 1000.0,
      "MPBBCDDFGKO": "DeadRegion",
      "HPDFOLLGBKL": {
        "$type": "BHMDEDHPEFH",
        "EAIPPAJKGFO": true,
        "NEBDNCNFDJC": 300.0,
        "ACIIKIJKEHO": 50.0,
        "IGNNLKPCNOI": 500.0
      },
      "HMDGKCKKKNN": ""
    },
    "4": {
      "$type": "MBIKCEBOCKA",
      "OKKNABIAANA": 70010006,
      "LADDMKIFPGM": {
        "_x": 126.65869903564453,
        "_y": 32.65591049194336,
        "_z": 956.1389770507812
      },
      "NLIDOGBDDGM": {
        "_x": 126.65873718261719,
        "_y": 85.4000015258789,
        "_z": 696.4221801757812
      },
      "DKGGAAJODMB": true,
      "KEOFPMFNPLO": "",
      "DFEBCOOIEHF": 1000.0,
      "MPBBCDDFGKO": "DeadRegion",
      "HPDFOLLGBKL": {
        "$type": "BHMDEDHPEFH",
        "EAIPPAJKGFO": true,
        "NEBDNCNFDJC": 300.0,
        "LDMENJHNDON": "Center",
        "ACIIKIJKEHO": 700.0,
        "IGNNLKPCNOI": 50.0
      },
      "HMDGKCKKKNN": ""
    },
    "5": {
      "$type": "MBIKCEBOCKA",
      "OKKNABIAANA": 70010006,
      "LADDMKIFPGM": {
        "_x": 245.5323944091797,
        "_y": 32.65591049194336,
        "_z": 543.5872802734375
      },
      "NLIDOGBDDGM": {
        "_x": 126.65873718261719,
        "_y": 85.4000015258789,
        "_z": 696.4221801757812
      },
      "DKGGAAJODMB": true,
      "KEOFPMFNPLO": "",
      "DFEBCOOIEHF": 1000.0,
      "MPBBCDDFGKO": "DeadRegion",
      "HPDFOLLGBKL": {
        "$type": "BHMDEDHPEFH",
        "EAIPPAJKGFO": true,
        "NEBDNCNFDJC": 300.0,
        "ACIIKIJKEHO": 50.0,
        "IGNNLKPCNOI": 500.0
      },
      "HMDGKCKKKNN": ""
    },
    "6": {
      "$type": "MBIKCEBOCKA",
      "OKKNABIAANA": 70010006,
      "LADDMKIFPGM": {
        "_x": 101.59239959716797,
        "_y": 29.482040405273438,
        "_z": 937.0991821289062
      },
      "NLIDOGBDDGM": {
        "_x": 126.65873718261719,
        "_y": 85.4000015258789,
        "_z": 696.4221801757812
      },
      "DKGGAAJODMB": true,
      "KEOFPMFNPLO": "",
      "DFEBCOOIEHF": 1000.0,
      "MPBBCDDFGKO": "DeadRegion",
      "HPDFOLLGBKL": {
        "$type": "BHMDEDHPEFH",
        "EAIPPAJKGFO": true,
        "NEBDNCNFDJC": 100.0,
        "LDMENJHNDON": "Center",
        "ACIIKIJKEHO": 200.0,
        "IGNNLKPCNOI": 200.0
      },
      "HMDGKCKKKNN": ""
    }
  },
  "AGHEGEFDJOA": {}
}