{
    "NMLGOIJIDMO": {
        "1": {
            "$type": "FHNGLBIHCJO",
            "gadgetId": 70120004,
            "pos": {
                "x": 0.22588379681110382,
                "y": 2.9456350803375244,
                "z": -79.90287780761719
            },
            "unlocked": true,
            "alias": "",
            "musicSubStates": {
                "x": 5.0,
                "y": 5.0,
                "z": 5.0
            }
        }
    },
    "AGHEGEFDJOA": {}
}