{
    "MHHCMJDEEJK": {
        "1": {
            "$type": "FJJLNKPMCOD",
            "gadgetId": 70010002,
            "musicSubStates": {
                "x": -0.03173923119902611,
                "y": 0.7367246747016907,
                "z": 17.8039608001709
            },
            "rot": {
                "y": 180.0
            },
            "tranPos": {
                "x": -3293.06640625,
                "y": 269.79681396484375,
                "z": -4465.8876953125
            },
            "tranRot": {
                "y": 51.20000076293945
            },
            "unlocked": true,
            "alias": "",
            "EHENHAJEEON": 3,
            "GAPEPAJOPIJ": "UI_SCENE_ENTRY_EXIT_TenryuBugyo",
            "EFECFJDOEDL": {
                "x": 5.0,
                "y": 5.0,
                "z": 5.0
            },
            "GEPLFOACGLH": 24.0
        }
    },
    "AFLIBNAHANB": {}
}