{
    "MHHCMJDEEJK": {
        "1": {
            "$type": "KELLAPAEBON",
            "gadgetId": 70360001,
            "musicSubStates": {
                "x": 13.599370002746582,
                "y": 66.90347290039062,
                "z": -71.35536193847656
            },
            "tranPos": {
                "x": 13.599370002746582,
                "y": 66.90347290039062,
                "z": -71.35536193847656
            },
            "tranRot": {
                "y": 90.0
            },
            "alias": "",
            "size": {
                "x": 5.0,
                "y": 5.0,
                "z": 5.0
            }
        },
        "2": {
            "$type": "KELLAPAEBON",
            "gadgetId": 70360001,
            "musicSubStates": {
                "x": -71.69599914550781,
                "y": 1.805999994277954,
                "z": 52.0
            },
            "rot": {
                "y": 90.0
            },
            "alias": "",
            "OBLOFCMNEAO": true
        },
        "3": {
            "$type": "KELLAPAEBON",
            "gadgetId": 70360001,
            "musicSubStates": {
                "x": -18.315940856933594,
                "y": 0.09315084666013718,
                "z": 52.374568939208984
            },
            "rot": {
                "y": 90.0
            },
            "alias": "",
            "OBLOFCMNEAO": true
        },
        "4": {
            "$type": "KELLAPAEBON",
            "gadgetId": 70360001,
            "musicSubStates": {
                "x": 20.51058006286621,
                "y": 77.04000091552734,
                "z": -81.04901123046875
            },
            "rot": {
                "y": 90.0
            },
            "alias": "",
            "OBLOFCMNEAO": true
        }
    },
    "AFLIBNAHANB": {}
}