{
  "NMLGOIJIDMO": {
    "1": {
      "$type": "FHNGLBIHCJO",
      "OKKNABIAANA": 70120004,
      "LADDMKIFPGM": {
        "_x": 499.985595703125,
        "_y": 612.2706909179688,
        "_z": -1569.239013671875
      },
      "NLIDOGBDDGM": {
        "_x": -1.3307570219039917,
        "_y": -7.232944965362549,
        "_z": 93.71742248535156
      },
      "KEOFPMFNPLO": "",
      "MGLEAPLEHFN": {
        "_x": 3.0,
        "_y": 3.0,
        "_z": 3.0
      }
    },
    "3": {
      "$type": "KJJGLEGGNLA",
      "OKKNABIAANA": 70310387,
      "LADDMKIFPGM": {
        "_x": 315.61358642578125,
        "_y": 625.3599853515625,
        "_z": -1656.7889404296875
      },
      "MBNFCMGJHAE": {
        "_y": 329.1712951660156
      },
      "NLIDOGBDDGM": {
        "_x": 319.0,
        "_y": 625.3599853515625,
        "_z": -1664.0
      },
      "KEOFPMFNPLO": ""
    },
    "4": {
      "$type": "KJJGLEGGNLA",
      "OKKNABIAANA": 70310387,
      "LADDMKIFPGM": {
        "_x": 613.6616821289062,
        "_y": 621.2880859375,
        "_z": -1685.9339599609375
      },
      "MBNFCMGJHAE": {
        "_y": 29.26420021057129
      },
      "NLIDOGBDDGM": {
        "_x": 616.0,
        "_y": 621.1875,
        "_z": -1680.0
      },
      "KEOFPMFNPLO": ""
    },
    "5": {
      "$type": "KJJGLEGGNLA",
      "OKKNABIAANA": 70310387,
      "LADDMKIFPGM": {
        "_x": 646.8242797851562,
        "_y": 605.850830078125,
        "_z": -1488.7239990234375
      },
      "MBNFCMGJHAE": {
        "_x": 359.93780517578125,
        "_y": 6.84689998626709,
        "_z": 359.73419189453125
      },
      "NLIDOGBDDGM": {
        "_x": 650.0,
        "_y": 606.0,
        "_z": -1483.0
      },
      "KEOFPMFNPLO": ""
    },
    "6": {
      "$type": "KJJGLEGGNLA",
      "OKKNABIAANA": 70310387,
      "LADDMKIFPGM": {
        "_x": 369.74639892578125,
        "_y": 632.1558837890625,
        "_z": -1506.4429931640625
      },
      "MBNFCMGJHAE": {
        "_y": 206.0386962890625
      },
      "NLIDOGBDDGM": {
        "_x": 367.0,
        "_y": 632.1558837890625,
        "_z": -1511.0
      },
      "KEOFPMFNPLO": "",
      "MGLEAPLEHFN": {
        "_x": 10.0,
        "_y": 10.0,
        "_z": 10.0
      }
    },
    "7": {
      "$type": "KJJGLEGGNLA",
      "OKKNABIAANA": 70310387,
      "LADDMKIFPGM": {
        "_x": 499.2561950683594,
        "_y": 609.3032836914062,
        "_z": -1654.741943359375
      },
      "NLIDOGBDDGM": {
        "_x": 499.0,
        "_y": 609.3033447265625,
        "_z": -1646.0
      },
      "KEOFPMFNPLO": "",
      "MGLEAPLEHFN": {
        "_x": 10.0,
        "_y": 10.0,
        "_z": 10.0
      }
    }
  },
  "OIIHDBGDNKL": {
    "2": {
      "$type": "MBIKCEBOCKA",
      "OKKNABIAANA": 70010006,
      "LADDMKIFPGM": {
        "_x": 498.705810546875,
        "_y": 587.8455200195312,
        "_z": -1681.1669921875
      },
      "NLIDOGBDDGM": {
        "_x": 499.0,
        "_y": 609.0,
        "_z": -1644.0
      },
      "DKGGAAJODMB": true,
      "KEOFPMFNPLO": "",
      "MPBBCDDFGKO": "DeadRegion",
      "HPDFOLLGBKL": {
        "$type": "BHMDEDHPEFH",
        "EAIPPAJKGFO": true,
        "NEBDNCNFDJC": 10.0,
        "LDMENJHNDON": "Center",
        "ACIIKIJKEHO": 100.0,
        "IGNNLKPCNOI": 100.0
      },
      "HMDGKCKKKNN": ""
    }
  },
  "AGHEGEFDJOA": {}
}