{
    "MHHCMJDEEJK": {
        "2": {
            "$type": "IMFONKLKLOK",
            "type": "TOWER",
            "gadgetId": 70120004,
            "musicSubStates": {
                "x": 29.955839157104492,
                "y": 0.8063673973083496,
                "z": -20.25575065612793
            },
            "unlocked": true,
            "alias": "",
            "size": {
                "x": 3.0,
                "y": 3.0,
                "z": 3.0
            }
        }
    },
    "AFLIBNAHANB": {}
}