{
  "NMLGOIJIDMO": {
    "1": {
      "$type": "FHNGLBIHCJO",
      "OKKNABIAANA": 70120004,
      "LADDMKIFPGM": {
        "_x": 343.2304992675781,
        "_y": -11.512829780578613,
        "_z": 237.74459838867188
      },
      "DKGGAAJODMB": true,
      "KEOFPMFNPLO": "",
      "MGLEAPLEHFN": {
        "_x": 5.0,
        "_y": 5.0,
        "_z": 5.0
      }
    },
    "2": {
      "$type": "HAMECKLBPHA",
      "OKKNABIAANA": 70010006,
      "LADDMKIFPGM": {
        "_x": 343.2793884277344,
        "_y": -19.27631950378418,
        "_z": 356.497802734375
      },
      "MBNFCMGJHAE": {
        "_y": 180.3466033935547
      },
      "NLIDOGBDDGM": {
        "_x": 343.2793884277344,
        "_y": -19.276317596435547,
        "_z": 356.497802734375
      },
      "AALAENIJCGC": {
        "_y": 180.0
      },
      "DKGGAAJODMB": true,
      "KEOFPMFNPLO": "",
      "MGLEAPLEHFN": {
        "_x": 30.0,
        "_y": 20.0,
        "_z": 5.0
      }
    }
  },
  "OIIHDBGDNKL": {
    "1": {
      "$type": "MBIKCEBOCKA",
      "OKKNABIAANA": 70010006,
      "LADDMKIFPGM": {
        "_x": 343.34100341796875,
        "_y": 0.38547900319099426,
        "_z": 341.68231201171875
      },
      "NLIDOGBDDGM": {
        "_x": 343.2793884277344,
        "_y": -19.27631950378418,
        "_z": 356.497802734375
      },
      "AALAENIJCGC": {
        "_y": 180.0
      },
      "DKGGAAJODMB": true,
      "KEOFPMFNPLO": "",
      "BJPHFBMFCKK": true,
      "MPBBCDDFGKO": "DeadRegion",
      "HPDFOLLGBKL": {
        "$type": "BHMDEDHPEFH",
        "EAIPPAJKGFO": true,
        "NEBDNCNFDJC": 20.0,
        "LDMENJHNDON": "Center",
        "ACIIKIJKEHO": 50.0,
        "IGNNLKPCNOI": 50.0
      },
      "HMDGKCKKKNN": ""
    }
  },
  "AGHEGEFDJOA": {}
}