{
  "NMLGOIJIDMO": {
    "1": {
      "$type": "KJJGLEGGNLA",
      "OKKNABIAANA": 70010006,
      "LADDMKIFPGM": {
        "_x": -43.31285858154297,
        "_y": 12.822159767150879,
        "_z": 57.577701568603516
      },
      "MBNFCMGJHAE": {
        "_y": 272.9895935058594
      },
      "NLIDOGBDDGM": {
        "_x": -7.917224884033203,
        "_y": 7.811079978942871,
        "_z": 53.27804946899414
      },
      "AALAENIJCGC": {
        "_y": 272.9895935058594
      },
      "KEOFPMFNPLO": "",
      "MGLEAPLEHFN": {
        "_x": 50.0,
        "_y": 50.0,
        "_z": 50.0
      },
      "MLEILPJGHHM": true
    },
    "2": {
      "$type": "KJJGLEGGNLA",
      "OKKNABIAANA": 70010006,
      "LADDMKIFPGM": {
        "_x": -97.01502990722656,
        "_y": 32.39358901977539,
        "_z": -30.01551055908203
      },
      "MBNFCMGJHAE": {
        "_y": 201.1569061279297
      },
      "NLIDOGBDDGM": {
        "_x": -93.01824188232422,
        "_y": 29.01007080078125,
        "_z": -22.552270889282227
      },
      "AALAENIJCGC": {
        "_y": 201.1569061279297
      },
      "KEOFPMFNPLO": "",
      "MGLEAPLEHFN": {
        "_x": 20.0,
        "_y": 20.0,
        "_z": 20.0
      },
      "MLEILPJGHHM": true
    },
    "3": {
      "$type": "KJJGLEGGNLA",
      "OKKNABIAANA": 70010006,
      "LADDMKIFPGM": {
        "_x": -171.7886962890625,
        "_y": 65.22879028320312,
        "_z": -59.46683883666992
      },
      "MBNFCMGJHAE": {
        "_y": 263.3591003417969
      },
      "NLIDOGBDDGM": {
        "_x": -171.7886962890625,
        "_y": 65.22879028320312,
        "_z": -59.46683883666992
      },
      "AALAENIJCGC": {
        "_y": 263.3591003417969
      },
      "KEOFPMFNPLO": "",
      "MGLEAPLEHFN": {
        "_x": 25.0,
        "_y": 25.0,
        "_z": 25.0
      },
      "MLEILPJGHHM": true
    }
  },
  "OIIHDBGDNKL": {
    "1": {
      "$type": "MBIKCEBOCKA",
      "OKKNABIAANA": 70010006,
      "LADDMKIFPGM": {
        "_x": -8.995616912841797,
        "_y": -17.12356948852539,
        "_z": 35.531349182128906
      },
      "NLIDOGBDDGM": {
        "_x": 3.1659202575683594,
        "_y": 1.6926288604736328,
        "_z": -1.7355093955993652
      },
      "DKGGAAJODMB": true,
      "KEOFPMFNPLO": "",
      "DFEBCOOIEHF": 500.0,
      "BJPHFBMFCKK": true,
      "MPBBCDDFGKO": "DeadRegion",
      "HPDFOLLGBKL": {
        "$type": "BHMDEDHPEFH",
        "EAIPPAJKGFO": true,
        "NEBDNCNFDJC": 10.0,
        "LDMENJHNDON": "Center",
        "ACIIKIJKEHO": 500.0,
        "IGNNLKPCNOI": 300.0
      },
      "HMDGKCKKKNN": ""
    },
    "2": {
      "$type": "MBIKCEBOCKA",
      "OKKNABIAANA": 70010006,
      "LADDMKIFPGM": {
        "_x": -200.75100708007812,
        "_y": -9.635263442993164,
        "_z": -65.87741088867188
      },
      "MBNFCMGJHAE": {
        "_y": 311.51568603515625
      },
      "NLIDOGBDDGM": {
        "_x": -97.7777328491211,
        "_y": 21.70952606201172,
        "_z": 12.703496932983398
      },
      "DKGGAAJODMB": true,
      "KEOFPMFNPLO": "",
      "DFEBCOOIEHF": 500.0,
      "BJPHFBMFCKK": true,
      "MPBBCDDFGKO": "DeadRegion",
      "HPDFOLLGBKL": {
        "$type": "BHMDEDHPEFH",
        "EAIPPAJKGFO": true,
        "NEBDNCNFDJC": 10.0,
        "LDMENJHNDON": "Center",
        "ACIIKIJKEHO": 200.0,
        "IGNNLKPCNOI": 300.0
      },
      "HMDGKCKKKNN": ""
    },
    "3": {
      "$type": "MBIKCEBOCKA",
      "OKKNABIAANA": 70010006,
      "LADDMKIFPGM": {
        "_x": -71.3593978881836,
        "_y": -17.32740020751953,
        "_z": 9.107206344604492
      },
      "MBNFCMGJHAE": {
        "_y": 311.2095947265625
      },
      "NLIDOGBDDGM": {
        "_x": -99.47598266601562,
        "_y": 35.65715789794922,
        "_z": -36.08004379272461
      },
      "DKGGAAJODMB": true,
      "KEOFPMFNPLO": "",
      "DFEBCOOIEHF": 500.0,
      "BJPHFBMFCKK": true,
      "MPBBCDDFGKO": "DeadRegion",
      "HPDFOLLGBKL": {
        "$type": "BHMDEDHPEFH",
        "EAIPPAJKGFO": true,
        "NEBDNCNFDJC": 10.0,
        "LDMENJHNDON": "Center",
        "ACIIKIJKEHO": 100.0,
        "IGNNLKPCNOI": 300.0
      },
      "HMDGKCKKKNN": ""
    },
    "4": {
      "$type": "MBIKCEBOCKA",
      "OKKNABIAANA": 70010006,
      "LADDMKIFPGM": {
        "_x": -2.206273078918457,
        "_y": 43.317298889160156,
        "_z": -117.2593994140625
      },
      "MBNFCMGJHAE": {
        "_y": 67.27068328857422
      },
      "NLIDOGBDDGM": {
        "_x": -111.2946548461914,
        "_y": 43.317298889160156,
        "_z": -47.71937942504883
      },
      "DKGGAAJODMB": true,
      "KEOFPMFNPLO": "",
      "DFEBCOOIEHF": 500.0,
      "BJPHFBMFCKK": true,
      "MPBBCDDFGKO": "DeadRegion",
      "HPDFOLLGBKL": {
        "$type": "BHMDEDHPEFH",
        "EAIPPAJKGFO": true,
        "NEBDNCNFDJC": 200.0,
        "LDMENJHNDON": "Center",
        "ACIIKIJKEHO": 10.0,
        "IGNNLKPCNOI": 410.0
      },
      "HMDGKCKKKNN": ""
    },
    "5": {
      "$type": "MBIKCEBOCKA",
      "OKKNABIAANA": 70010006,
      "LADDMKIFPGM": {
        "_x": 131.81100463867188,
        "_y": 52.06991958618164,
        "_z": 86.85814666748047
      },
      "MBNFCMGJHAE": {
        "_y": 156.9586944580078
      },
      "NLIDOGBDDGM": {
        "_x": -25.64960479736328,
        "_y": 10.464654922485352,
        "_z": 56.7277717590332
      },
      "DKGGAAJODMB": true,
      "KEOFPMFNPLO": "",
      "DFEBCOOIEHF": 500.0,
      "BJPHFBMFCKK": true,
      "MPBBCDDFGKO": "DeadRegion",
      "HPDFOLLGBKL": {
        "$type": "BHMDEDHPEFH",
        "EAIPPAJKGFO": true,
        "NEBDNCNFDJC": 200.0,
        "LDMENJHNDON": "Center",
        "ACIIKIJKEHO": 10.0,
        "IGNNLKPCNOI": 300.0
      },
      "HMDGKCKKKNN": ""
    },
    "6": {
      "$type": "MBIKCEBOCKA",
      "OKKNABIAANA": 70010006,
      "LADDMKIFPGM": {
        "_x": -99.44448852539062,
        "_y": 50.785579681396484,
        "_z": 112.03919982910156
      },
      "MBNFCMGJHAE": {
        "_y": 67.06123352050781
      },
      "NLIDOGBDDGM": {
        "_x": -38.3993034362793,
        "_y": 12.580089569091797,
        "_z": 58.14985656738281
      },
      "DKGGAAJODMB": true,
      "KEOFPMFNPLO": "",
      "DFEBCOOIEHF": 500.0,
      "BJPHFBMFCKK": true,
      "MPBBCDDFGKO": "DeadRegion",
      "HPDFOLLGBKL": {
        "$type": "BHMDEDHPEFH",
        "EAIPPAJKGFO": true,
        "NEBDNCNFDJC": 200.0,
        "LDMENJHNDON": "Center",
        "ACIIKIJKEHO": 10.0,
        "IGNNLKPCNOI": 400.0
      },
      "HMDGKCKKKNN": ""
    },
    "7": {
      "$type": "MBIKCEBOCKA",
      "OKKNABIAANA": 70010006,
      "LADDMKIFPGM": {
        "_x": -240.6875,
        "_y": 44.938480377197266,
        "_z": -68.88485717773438
      },
      "MBNFCMGJHAE": {
        "_y": 156.9586944580078
      },
      "NLIDOGBDDGM": {
        "_x": -41.45846939086914,
        "_y": 11.809402465820312,
        "_z": 52.475318908691406
      },
      "DKGGAAJODMB": true,
      "KEOFPMFNPLO": "",
      "DFEBCOOIEHF": 500.0,
      "BJPHFBMFCKK": true,
      "MPBBCDDFGKO": "DeadRegion",
      "HPDFOLLGBKL": {
        "$type": "BHMDEDHPEFH",
        "EAIPPAJKGFO": true,
        "NEBDNCNFDJC": 200.0,
        "LDMENJHNDON": "Center",
        "ACIIKIJKEHO": 10.0,
        "IGNNLKPCNOI": 300.0
      },
      "HMDGKCKKKNN": ""
    },
    "8": {
      "$type": "MBIKCEBOCKA",
      "OKKNABIAANA": 70010006,
      "LADDMKIFPGM": {
        "_x": -64.68472290039062,
        "_y": 144.11610412597656,
        "_z": 27.112159729003906
      },
      "MBNFCMGJHAE": {
        "_y": 337.3966064453125
      },
      "NLIDOGBDDGM": {
        "_x": -94.07878875732422,
        "_y": 20.099620819091797,
        "_z": 14.874542236328125
      },
      "DKGGAAJODMB": true,
      "KEOFPMFNPLO": "",
      "DFEBCOOIEHF": 500.0,
      "BJPHFBMFCKK": true,
      "MPBBCDDFGKO": "DeadRegion",
      "HPDFOLLGBKL": {
        "$type": "BHMDEDHPEFH",
        "EAIPPAJKGFO": true,
        "NEBDNCNFDJC": 10.0,