{
    "KCHJLAHIGAD": {
        "1": {
            "$type": "EEGIFCGOFEC",
            "gadgetId": 70010002,
            "pos": {
                "x": 198.9156036376953,
                "y": -22.60045051574707,
                "z": 176.97329711914062
            },
            "rot": {
                "y": 43.106929779052734
            },
            "tranPos": {
                "x": 3206.0,
                "y": 254.0,
                "z": 4176.0
            },
            "tranRot": {
                "y": 90.0
            },
            "unlocked": true,
            "alias": "",
            "MGEGIEDACCL": 3,
            "EMEEPJJFFKJ": "UI_SCENE_ENTRY_EXIT_Shuixian",
            "CFPJBCFOLMD": {
                "x": 3.0,
                "y": 3.0,
                "z": 3.0
            },
            "GNIIGNOJLGE": 24.0
        }
    },
    "APCJABIOJLB": {}
}