{
    "JEKPPCMCDDL": {
        "1": {
            "$type": "BMMLMKGCJOM",
            "gadgetId": 70010002,
            "pos": {
                "x": 0.0274579506367445,
                "y": 7.269999980926514,
                "z": 190.38180541992188
            },
            "rot": {
                "y": 180.0
            },
            "tranPos": {
                "x": 3415.31494140625,
                "y": 463.0205078125,
                "z": 3721.43701171875
            },
            "tranRot": {
                "y": 135.89999389648438
            },
            "unlocked": true,
            "alias": "",
            "ACNNMCHOGML": 3,
            "DICHPAGGCBE": "UI_SCENE_ENTRY_EXIT_Opera",
            "NEFLPEKDAHI": {
                "x": 3.0,
                "y": 3.0,
                "z": 3.0
            },
            "FDLDMPNKLBB": 24.0
        },
        "2": {
            "$type": "LCHPLJEFPNI",
            "gadgetId": 70010002,
            "pos": {
                "x": 0.16080120205879211,
                "y": 5.537291049957275,
                "z": 9.05355453491211
            },
            "tranPos": {
                "x": 0.16080120205879211,
                "y": 5.537290573120117,
                "z": 9.05355453491211
            },
            "alias": "",
            "KAGFKMFABBA": "",
            "BOBBLFPGHDN": [
                1189
            ],
            "OKDHFOOCGKO": {},
            "DICHPAGGCBE": "UI_STC_Intee_DungeonEntry",
            "NNKNJFOJHCJ": "UI_Icon_Intee_Talk",
            "EOKJKKBFELI": true
        },
        "3": {
            "$type": "OJFPMLGMLJA",
            "gadgetId": 70010002,
            "pos": {
                "x": 0.30038249492645264,
                "y": -0.11073730140924454,
                "z": 30.01222038269043
            },
            "rot": {
                "y": 7.934091091156006
            },
            "tranPos": {
                "x": 0.30038249492645264,
                "y": -0.11073730140924454,
                "z": 30.01222038269043
            },
            "tranRot": {
                "y": 180.0
            },
            "unlocked": true,
            "alias": "",
            "ODMDGMCIMED": 2
        },
        "4": {
            "$type": "LCHPLJEFPNI",
            "gadgetId": 70010002,
            "pos": {
                "x": -0.4109356999397278,
                "y": 2.749680995941162,
                "z": 77.58997344970703
            },
            "tranPos": {
                "x": -0.4109356999397278,
                "y": 2.749680519104004,
                "z": 77.58997344970703
            },
            "alias": "",
            "KAGFKMFABBA": "",
            "BOBBLFPGHDN": [
                143
            ],
            "OKDHFOOCGKO": {},
            "DICHPAGGCBE": "UI_STC_Intee_DungeonEntry",
            "NNKNJFOJHCJ": "UI_Icon_Intee_Talk",
            "EOKJKKBFELI": true
        },
        "5": {
            "$type": "OJFPMLGMLJA",
            "gadgetId": 70010002,
            "pos": {
                "x": 0.09810180962085724,
                "y": -0.11073719710111618,
                "z": 29.88092041015625
            },
            "tranPos": {
                "x": 0.09810180962085724,
                "y": -0.11073720455169678,
                "z": 29.88092041015625
            },
            "unlocked": true,
            "alias": "",
            "ODMDGMCIMED": 4
        }
    },
    "DDIAGBHNOPL": {}
}