{
    "MHHCMJDEEJK": {
        "1": {
            "$type": "IMFONKLKLOK",
            "gadgetId": 70120004,
            "musicSubStates": {
                "x": 0.2565161883831024,
                "y": 2.939368963241577,
                "z": -79.75187683105469
            },
            "unlocked": true,
            "alias": ""
        }
    },
    "AFLIBNAHANB": {}
}