{
    "HNGDGDECKOD": {
        "1": {
            "$type": "ECOABNJLDCG",
            "gadgetId": 70010002,
            "areaId": 3,
            "pos": {
                "x": 3.5562459288485115e-07,
                "y": 0.0067346650175750256,
                "z": 4.340681076049805
            },
            "rot": {
                "y": 180.0
            },
            "tranPos": {
                "x": 1769.614990234375,
                "y": 221.86300659179688,
                "z": -398.20001220703125
            },
            "tranRot": {
                "y": 28.0
            },
            "unlocked": true,
            "alias": "",
            "DDEIKCPFKMP": 3,
            "GINONDIMMJF": "UI_SCENE_ENTRY_EXIT_CHATEAU",
            "KILONJICBGN": {
                "x": 3.0,
                "y": 3.0,
                "z": 3.0
            },
            "DOAKMJDKNDE": 24.0
        }
    },
    "PJOEJDKAIKD": {}
}