{
    "MHHCMJDEEJK": {
        "1": {
            "$type": "IMFONKLKLOK",
            "gadgetId": 70010001,
            "musicSubStates": {
                "x": 350.8247985839844,
                "y": 37.12934112548828,
                "z": 355.4822998046875
            },
            "tranPos": {
                "x": 350.8247985839844,
                "y": 37.12934112548828,
                "z": 355.4822998046875
            },
            "alias": "",
            "size": {
                "x": 5.0,
                "y": 5.0,
                "z": 5.0
            }
        }
    },
    "AFLIBNAHANB": {}
}