{
  "NMLGOIJIDMO": {
    "1": {
      "$type": "HAMECKLBPHA",
      "OKKNABIAANA": 70010006,
      "LADDMKIFPGM": {
        "_x": 218.94259643554688,
        "_y": 90.17912292480469,
        "_z": 213.54739379882812
      },
      "NLIDOGBDDGM": {
        "_x": 235.7672119140625,
        "_y": 92.0860595703125,
        "_z": 183.58416748046875
      },
      "DKGGAAJODMB": true,
      "KEOFPMFNPLO": "",
      "MGLEAPLEHFN": {
        "_x": 15.0,
        "_y": 10.0,
        "_z": 15.0
      }
    },
    "2": {
      "$type": "HAMECKLBPHA",
      "OKKNABIAANA": 70010006,
      "LADDMKIFPGM": {
        "_x": 234.55870056152344,
        "_y": 92.25926971435547,
        "_z": 183.58399963378906
      },
      "NLIDOGBDDGM": {
        "_x": 235.7672119140625,
        "_y": 92.0860595703125,
        "_z": 183.58416748046875
      },
      "DKGGAAJODMB": true,
      "KEOFPMFNPLO": "",
      "MGLEAPLEHFN": {
        "_x": 15.0,
        "_y": 10.0,
        "_z": 15.0
      }
    },
    "3": {
      "$type": "KJJGLEGGNLA",
      "OKKNABIAANA": 70010006,
      "LADDMKIFPGM": {
        "_x": 248.50039672851562,
        "_y": 101.12259674072266,
        "_z": 169.97909545898438
      },
      "NLIDOGBDDGM": {
        "_x": 248.5004425048828,
        "_y": 101.12259674072266,
        "_z": 169.97906494140625
      },
      "DKGGAAJODMB": true,
      "KEOFPMFNPLO": "",
      "MGLEAPLEHFN": {
        "_x": 20.0,
        "_y": 10.0,
        "_z": 20.0
      }
    }
  },
  "OIIHDBGDNKL": {
    "1": {
      "$type": "MBIKCEBOCKA",
      "OKKNABIAANA": 70010006,
      "LADDMKIFPGM": {
        "_x": 227.37950134277344,
        "_y": 80.3537368774414,
        "_z": 213.2799072265625
      },
      "NLIDOGBDDGM": {
        "_x": 227.3800048828125,
        "_y": 90.18360900878906,
        "_z": 213.28030395507812
      },
      "DKGGAAJODMB": true,
      "KEOFPMFNPLO": "",
      "DFEBCOOIEHF": 150.0,
      "MPBBCDDFGKO": "DeadRegion",
      "HPDFOLLGBKL": {
        "$type": "BHMDEDHPEFH",
        "EAIPPAJKGFO": true,
        "NEBDNCNFDJC": 3.0,
        "LDMENJHNDON": "Center",
        "ACIIKIJKEHO": 150.0,
        "IGNNLKPCNOI": 150.0
      },
      "HMDGKCKKKNN": ""
    }
  },
  "AGHEGEFDJOA": {}
}