{
  "sceneId": 20251,
  "polygons": [
    {
      "localPolygonId": 1,
      "yMax": 370.0,
      "yMin": 355.0,
      "vertices": [
        {
          "x": 1542.977783203125,
          "y": 356.8917236328125,
          "z": 1371.929931640625
        },
        {
          "x": 1534.123291015625,
          "y": 356.78485107421875,
          "z": 1370.1678466796875
        },
        {
          "x": 1538.9781494140625,
          "y": 356.7870788574219,
          "z": 1342.2869873046875
        },
        {
          "x": 1547.9617919921875,
          "y": 356.7873840332031,
          "z": 1343.892333984375
        }
      ]
    }
  ]
}