{
  "sceneId": 3,
  "polygons": [
    {
      "localPolygonId": 350300001,
      "yMax": 162.0,
      "yMin": 150.0,
      "vertices": [
        {
          "x": -2145.2255859375,
          "y": 155.7493438720703,
          "z": 7654.94189453125
        },
        {
          "x": -2149.1962890625,
          "y": 157.34963989257812,
          "z": 7642.953125
        },
        {
          "x": -2164.385498046875,
          "y": 158.30764770507812,
          "z": 7652.09228515625
        },
        {
          "x": -2157.2568359375,
          "y": 155.67213439941406,
          "z": 7660.400390625
        }
      ]
    }
  ]
}